Mot;example sentence (facile)
 Bankrupt;After several years of financial struggles, the company finally went bankrupt. / The police raided the illegal gambling den and busted the operation.
bearish market;The bearish market led to widespread selling of stocks.
bullish market;Investors are optimistic about the future prospects in the bullish market.
cautious forecast;The company's cautious forecast reflected uncertainty in the market.
lasting upturn;The economy experienced a lasting upturn after several years of stagnation.
 lease;They signed a lease for the office space for five years.
rent;The monthly rent for the apartment was due on the first of each month.
 risky decision;Investing in the volatile stock market is a risky decision.
share;He owns shares in several technology companies.
subsidized sector;The government invested in renewable energy as part of its efforts to support the subsidized sector.
temporary fall ;The company experienced a temporary fall in turnover due to the economic downturn.
 trade imbalance;The trade imbalance widened due to increased imports of foreign goods.
 turn-key project;They hired a contractor to handle the turn-key project from start to finish.
Ability;His ability to learn quickly impressed the teacher.
Abroad;She's studying abroad for a semester.
Absolutely;I absolutely agree with your assessment.
Accept;The company will accept applications until the end of the month.
Access;Employees have access to the building using their ID cards.
Accessible;The new website is more accessible for users with disabilities.
Accident;I'm sorry, but the delay was caused by an accident on the road.
Accommodate;The hotel can accommodate up to 200 guests.
Accommodation;The accommodation for the trip was arranged in advance.
Accomplish;With hard work, you can accomplish anything you set your mind to.
Accomplishment;Graduating from university was her greatest accomplishment.
According;According to the schedule, the meeting starts at 10 AM.
Accordingly;We've adjusted our plans accordingly.
Account for;Can you account for all the missing inventory?
Accounting;She has a degree in accounting and works for a large firm.
Accurate;The measurements need to be accurate for the experiment to succeed.
Achieve;With determination, you can achieve your goals.
acknowledge ;She acknowledged her mistake and apologized.
Acquire;The company plans to acquire several smaller firms.
Act;He'll act as the mediator in the negotiation.
Actually;Actually, I wasn't aware of the changes
Adapt;You need to adapt to different working environments.
Adapter;The adapter allows you to connect different devices.
Add up;I need to add up all the expenses to see if we stayed within the budget.
Additional;We've made some additional changes to the plan.
Address;The mayor will address the citizens' concerns in his speech.
Adequate;The supplies should be adequate for the project.
Adjust;You'll need to adjust the settings for optimal performance.
Adjustment;We made an adjustment to the schedule to accommodate everyone.
Administration;He works in administration at the university.
Admire;I admire your dedication to your work.
Admit;He was reluctant to admit his mistake.
Admittance;The admittance fee covers entry to all attractions.
Advance;I'll need to pay in advance to secure my booking.
Advanced;The new technology is more advanced than the previous model.
Advantage;One advantage of living in the city is the convenience.
Advantageous;The deal was advantageous for both parties.
Advertise;The company plans to advertise its new product on social media.
Advertisement;The advertisement for the new smartphone is very catchy.
Advice;Can you give me some advice on how to improve my resume?
Advise;"I advise you to take the job offer; it's a great opportunity."
Affect;The change in policy will affect everyone in the company.
Afford;I can't afford to go on vacation this year.
Affordable;The rent for the apartment is very affordable.
Agency;The travel agency helped us plan our trip.
Agenda;I'll need to check my agenda to see if I'm available on that date.
Agree;he stakeholders agree that the proposed approach is the best way forward.
Agreeable;.She's always agreeable to new ideas.
Agreement; We reached an agreement after lengthy negotiations
Agricultural;The region is known for its agricultural products.
Aid;The government provided aid to the flood victims.
Aim; Our aim is to provide excellent customer service. 
Airline;Which airline are you flying with?
Aisle; Please keep the aisle clear during the flight. 
Alarm; The fire alarm went off, and we had to evacuate the building.
Allow;The rules allow for a certain level of flexibility.
Alternative;The management team proposed an alternative strategy to cut costs without compromising the quality of our products.
Ambitious;She's very ambitious and has big plans for her career.
Amend;We'll need to amend the contract before it's finalized.
amicable;They reached an amicable agreement after negotiations.
Amount; Can you tell me the exact amount of money we have left?
Amusing;The comedian's jokes were amusing and kept the audience entertained.
acute lack of new offices;An acute lack of new offices has hindered the company's expansion plans, forcing them to seek temporary solutions.
uncertainty on the given figures;We conducted a thorough analysis of the data.
Analysis;The city is facing an acute lack of new offices, which is driving up rental prices.
Analyze;There is some uncertainty on the given figures, so we need to analyze our calculations.
Announcement;The company's announcement about the new product launch excited everyone.
Annoying;The constant noise from the construction site was very annoying.
Annual;We have an annual meeting every December to discuss our progress.
Anticipate;We anticipate a significant increase in sales next quarter.
Anxious;She felt anxious before her job interview.
Apologize;I apologize for the mistake in your order.
Appeal;The charity made a heartfelt appeal for donations.
Appetizer;We enjoyed a delicious appetizer before the main course.
Appliance;The new kitchen appliance made cooking much easier.
Applicant;The applicant was well-qualified for the position.
Application;She submitted her application for the scholarship.
Apply;You need to apply for the permit before starting the project.
Appointment;They appointed her as the new head of the department.
appraisal;I have an appointment with the dentist tomorrow morning.
appraise ;There's been an appreciable improvement in his performance.
Appreciable;The performance appraisal is conducted annually.
Appreciate;The real estate agent will appraise the house before listing it for sale.
Appreciation;I really appreciate all your help with the project.
Appreciative;She was very appreciative of the support she received.
Apprentice;The company hired an apprentice to learn and gain hands-on experience in the field
Approach;He started as an apprentice and worked his way up to manager.
Appropriate;Our approach to customer service sets us apart from our competitors.
appropriation;Wearing jeans might not be appropriate for a formal event.
approval;The project cannot proceed until we receive final approval from the board
Approve;The board approved the new project proposal after a thorough review.
Approximate;The proposal received unanimous approval from the board.
Arbitrate;Can you give me an approximate time of arrival?
Area;They decided to arbitrate the dispute rather than go to court.
Argue;The park covers a large area of land.
Argument;We argue sometimes, but it never lasts long.
Arrange;There was a heated argument during the meeting.
Arrangement;I'll arrange for someone to pick you up from the airport.
asking;We need to make some arrangements for the upcoming event.
Assemble;
Assess;She was asking about the availability of the product.
Assets;We need to assess the situation before making a decision.
Assign;The company's assets include property and equipment.
Assume;I'll assign someone to help you with the project.
Assurance;Let's not assume anything until we have all the facts.
Attach;Please attach your resume to the job application.
Attachment;The manager gave her assurance that the issue would be resolved promptly.
Attend;The email included an attachment with the meeting agenda.
Attendance;
Attentively;She listened attentively to the speaker's presentation.
Attract;The new marketing campaign is designed to attract younger customers.
Audience;The speaker captivated the audience with his PITCH
Audit;The company undergoes an annual audit to ensure compliance.
Authority;The police have the authority to enforce the law.
Authorize;I need to authorize the payment before it can be processed.
Availability;The availability of tickets is limited, so book early.
Available;Is this item available in other colors?
Avoid;Try to avoid making unnecessary noise during the presentation.
Awareness;The campaign aimed to raise awareness about environmental issues among the audience.
Awkward;It was an awkward situation, and nobody knew what to say.
Background;What's your background in marketing?
Backpack;Don't forget to pack your backpack for the trip.
Baggage claim;You can collect your luggage at the baggage claim area.
Balance;It's important to maintain a balance between work and personal life.
Balance sheet;The company published its annual balance sheet, showing its financial assets and liabilities
Bank;The bank approved the loan application after a thorough review of the applicant’s financial history.
Bankruptcy;The company declared bankruptcy last year.
bar;The barcode on the product makes it easy to scan at checkout.
Barcode;She held onto the bar to support herself during the exercise.
Bargain;I managed to find a bargain at the flea market.
Basic;The course covers all the basic principles of accounting.
Beat off;The team managed to beat off their competitors and win the championship.
Behave;The children were told to behave during the school trip.
Belongings;Don't forget to collect all your belongings before you leave the hotel.
Beneficial;Regular exercise is beneficial for both physical and mental health.
Benefit;The new software update is designed to benefit users by improving system performance and enhancing overall security.
Beverage;Would you like a hot or cold beverage with your meal?
Bid;The company placed a bid for the construction project.
Bill;Can you please pay the electricity bill this month?
Binder;The documents are organized neatly in the binder.
Blanket;She covered herself with a warm blanket while watching TV.
Block;There's a roadblock ahead, so we'll need to find an alternative route.
Board;The passengers are now boarding the plane.
Boarding pass;Don't forget to bring your boarding pass to the airport.
Boardroom;The meeting will take place in the boardroom on the top floor.
Boast;He likes to boast about his accomplishments.
Book;I'll book a table for two at the restaurant for tonight.
Booking;booking a hotel room in advance is important to ensure safety 
Boost;The new marketing strategy helped boost sales.
Bored;"I'm feeling bored; let's do something fun."
Borrow;I had to borrow some money from my friend to pay for the repairs.
Bother;"Don't bother about the dishes; I'll take care of them."
Bottom line;The bottom line is that we need to increase our revenue.
Branch;The company plans to open a new branch in the city center.
Branch out;The company plans to branch out into new markets next year.
Brand;Nike is a well-known brand for sports apparel.
Break down;Can you break down the costs for me?
Break into;It's difficult to break into the competitive fashion industry.
Briefcase;He carries all his important documents in a leather briefcase.
Briefing;The manager gave us a briefing on the new project.
Bring forward;Let's bring forward the meeting to accommodate everyone's schedule.
Bring out;The new recipe book will bring out the chef in everyone.
Bring up;I need to bring up an important issue during the staff meeting.
Broadcast;The news was broadcast live on television.
Broaden;Traveling can broaden your horizons and open your mind to new cultures.
Browser;Which internet browser do you prefer to use?
Brush;She brushed her hair before leaving the house.
Budget;We need to adjust our budget to handle the buildup of maintenance costs.
Build up;The company set a budget for the buildup of new office supplies.
Bulletin;The company sends out a weekly bulletin to all employees.
Burn out;Working long hours without breaks can cause employees to burn out quickly.
Bust;After several years of financial struggles, the company finally went bankrupt. / The police raided the illegal gambling den and busted the operation.
Buy out;The larger company decided to buy out its smaller competitor to expand its market share.
Cabin crew;The cabin crew will assist you with any questions during the flight.
Cafeteria;The office cafeteria serves a variety of meals for lunch.
Calculate;Let me calculate how much we'll need for the trip.
Calculation;The calculation shows that we're still within budget.
Calculator;Do you have a calculator I can borrow for the exam?
Call off;Due to the weather, we have to call off the outdoor event.
Campaign;The charity launched a fundraising campaign to build a new school.
Cancel;I need to cancel my subscription to the magazine.
Cancellation;The cancellation of the event disappointed many attendees.
Candidacy;His candidacy for the presidency was announced last week.
Candidate;There are several candidates running for mayor in the upcoming election.
candidates;Several candidates have emerged as potential successors to the CEO.
candidature;Her candidature for the position was well-received by the selection committee.
Capacity;The venue has a capacity of 500 people.
Capital;London is the capital city of England.
Career;She's had a successful career in finance.
Careless;Don't be careless with the company's confidential information.
Carry out;We need to carry out a thorough investigation before reaching any conclusions.
Cash;I'll need to withdraw some cash from the ATM.
Cashier;The cashier rang up my groceries at the supermarket.
Catch on;The new trend seems to be catching on quickly.
Cause;The heavy rainfall was the cause of the flooding.
Cautious;He's very cautious when it comes to making decisions.
Celebrate;We're going out to celebrate my sister's birthday tonight.
Celebration;The town holds an annual celebration to mark its founding.
Cell phone;Please remember to turn off your cell phone during the meeting.
Certificate;She received a certificate of achievement for her outstanding performance.
Certification;The course offers certification in project management.
Chain;The company operates a chain of restaurants across the country.
Chain store;Walmart is a well-known chain store.
Chair;Please take a seat in the chair next to mine.
Chairman;The chairman of the board will lead the meeting.
Chairperson;The chairperson will introduce the guest speaker.
Characteristic;One characteristic of successful entrepreneurs is resilience.
Characterize;The report will characterize the market trends by highlighting key growth areas and emerging opportunities
Charge;What's the charge for using the gym facilities?
Charity;The charity provides support for homeless people.
Cheap;The store offers cheap prices on a wide range of products.
Check in;You can check in online before your flight.
Check out;Don't forget to check out of the hotel before you leave.
Chef;The chef prepared a delicious three-course meal.
choice;She had to make a difficult choice between the two job offers.
chosen;The chosen candidate will be offered the job.
Circumstances;Given the circumstances, I think we made the right decision.
Claim;She filed a claim with her insurance company after the accident.
Claimant;The claimant was awarded compensation for the damages.
Classification;The classification of the documents makes it easier to find what you need.
Classify;We need to classify the items before we can proceed.
Clerk;The clerk at the store was very helpful.
Client;Our main client is a multinational corporation.
Climate;The climate in this region is perfect for growing grapes.
close;They have a close friendship that has lasted for years.
Closure;The closure of the factory will affect many local families.
Coach;The coach gave the team a pep talk before the game.
Code;The programmer wrote the code for the new software.
Collect;Don't forget to collect your tickets from the box office.
come on;Come on, we're going to be late if we don't leave now.
Commence;The meeting will commence in ten minutes.
Commission;The salesperson earns a commission for every product sold.
Commit;He promised to commit to the project fully.
Committee;The committee meets every month to discuss important issues.
Commodity;Oil is a valuable commodity that is traded on the global market.
Common;It's common for people to feel nervous before a job interview.
Commonly;The company commonly holds team-building activities.
Commute;She has a long commute to work every day.
Commuter;The train was packed with commuters heading into the city.
Company;Our company specializes in software development.
Comparable;Their performance is comparable to that of professional athletes.
Compare;Let's compare the prices before making a decision.
Compatible;The new software is compatible with most operating systems.
Compensate;The company will compensate employees for any overtime worked.
Competent;She's a competent manager who knows how to lead her team effectively.
Competition;The competition in the market is fierce.
Competitive;The company must stay competitive to survive in this industry.
Competitor;Our main competitor just released a new product.
Complain;If you have any issues, feel free to complain to customer service.
Complaint;He filed a formal complaint with HR about his coworker's behavior.
Complete;Please complete the form and return it to our office.
Complex;The situation is more complex than we initially thought.
Complexity;The complexity of the issue requires careful consideration.
Compliment;She received a compliment on her presentation skills.
Complimentary;The hotel offers complimentary breakfast to guests.
Comply;All employees must comply with company policies.
Comprehensive;The report provides a comprehensive analysis of the market trends.
Compromise;Both sides had to compromise to reach a settlement.
Compulsory;Attendance at the meeting is compulsory for all staff.
Concede;He had to concede defeat after losing the election.
Concern;The safety of our employees is our primary concern.
Conclude;Let's conclude the meeting with a summary of our decisions.
Conclusion;In conclusion, I believe we've made significant progress.
Concourse;The concourse at the airport was bustling with travelers.
Condition;The car is in excellent condition for its age.
Conduct;Employees are expected to conduct themselves professionally at all times.
Conference;The annual conference attracts professionals from around the world.
confess ;He confessed his love for her.
Confirm;Can you confirm your attendance at the meeting?
Confirmation;We'll send you a confirmation email once your booking is complete.
Confusion;There seems to be some confusion about the schedule.
Connect;The Wi-Fi network allows you to connect to the internet.
Connection;The connection between the two devices is secure.
Consequence;The consequences of climate change are becoming increasingly severe.
Consider;We need to consider all options before making a decision.
Considerable;There has been a considerable increase in sales this quarter.
considering;Considering his lack of experience, he did a good job on the project.
Consignment;The consignment of goods arrived at the warehouse yesterday.
Consist;The report consists of three main sections.
Consistent;Her performance has been consistent throughout the year.
Consistently;He consistently delivers high-quality work on time.
Constant;There's been a constant stream of customers all day.
Constantly;The price of goods is constantly changing due to market fluctuations.
Construction;The construction of the new office building is almost complete.
Consult;We'll need to consult with the legal team before proceeding.
Consultant;The company hired a consultant to advise on marketing strategy.
Consume;It's important to consume a balanced diet for good health.
Consumer;Consumer demand for eco-friendly products is increasing.
Contain;The box contains all the necessary components for assembly.
Container;The shipment arrived in a large container.
Continual;The company strives for continual improvement in its products.
Continuation;The continuation of the project depends on securing additional funding.
Continue;Let's continue our discussion after the break.
Contract out ;We decided to contract out the IT services to a specialized firm.
Contribute;Employees are encouraged to contribute ideas for improvement.
Contribution;Your contribution to the team has been invaluable.
Control;The manager needs to maintain control over the project.
Control panel;The control panel allows you to adjust various settings.
Convenient;The location of the hotel is convenient for exploring the city.
Conveniently;The store is conveniently located next to the train station.
Convince;I'll try to convince him to join us for dinner.
Convincing;Her argument was convincing enough to persuade the jury.
cool;The weather turned cool in the evening.
Core business;Our core business is manufacturing electronic components for the automotive industry.
Corporate;The corporate office is located downtown.
Corporation;The corporation operates in several countries worldwide.
corrupted;The government was accused of corrupted practices.
Cost;The cost of living in this city is quite high.
cost-effective;Investing in energy-efficient appliances can be cost-effective in the long run.
costly;Repairing the car was more costly than buying a new one.
Counter;You can find the sugar on the counter next to the coffee machine.
Courier;The courier delivered the package to my doorstep.
Cover;The insurance policy should cover any damages caused by the accident.
Cover letter;Don't forget to attach your cover letter when applying for the job.
Coverage;The insurance policy provides coverage for medical expenses.
Coworker;My coworker and I are collaborating on a new project.
Crash;The computer crashed while I was in the middle of an important task.
Credentials;She presented her credentials at the job interview.
Credit;You can pay by credit card or cash.
Criteria;Applicants must meet specific criteria to be considered for the job.
Critical;"The situation is critical; we need to act fast."
Criticize;It's not polite to criticize others in public.
Crowd;The crowd cheered loudly as the team scored a goal.
Crowded;The train was crowded during rush hour.
Crucial;It's crucial that we meet the deadline.
Cruise;They went on a cruise around the Mediterranean.
Currency;The currency in this country is the euro.
Current;What's the current status of the project?
Currently;Currently, I'm studying for my exams.
Custom;The furniture was custom-made to fit the space perfectly.
Customer;Our company values customer satisfaction above all else.
Customize;You can customize your smartphone with different themes.
Customs;You'll need to declare any goods at customs when entering the country.
Cut back;We need to cut back on our expenses if we want to save money.
Cutting edge;The company is known for its cutting-edge technology.
Cycle;The life cycle of a butterfly is fascinating.
Daily;He reads the newspaper daily to stay informed.
Damage;The storm caused extensive damage to the property.
Deadline;We need to meet the deadline by the end of the week.
Deal;They negotiated a deal that was mutually beneficial.
Deal with;I'll deal with the customer complaints as soon as possible.
Debit;You can pay by debit card or credit card.
Debt;He's struggling to pay off his student debt.
Decision;We need to make a decision soon.
declare ;He declared his intention to run for mayor.
decline ;He declined the invitation to the party.
Decorate;She likes to decorate her house with colorful artwork.
Decrease;The price of the product has decreased since last month.
Dedicate;She decided to dedicate herself fully to her studies.
Deduct;You can deduct business expenses from your taxable income.
Defect;The manufacturer will replace any product with a defect.
Defective;The toy was returned to the store because it was defective.
Definite;We'll need a definite answer by tomorrow.
Definitely;I'm definitely going to the concert tonight.
Degree;He earned a degree in computer science from a prestigious university.
Delay;The flight has been delayed due to bad weather.
Delete;Please delete the unnecessary files from the system.
Delight;It was a delight to meet you.
Delighted;She was delighted with the gift.
Deliver;The courier will deliver the package tomorrow.
Delivery;The delivery of the goods was delayed due to bad weather.
Demand;There's a high demand for organic produce.
Demanding;The job can be demanding at times, but it's also rewarding.
Demonstrate;Let me demonstrate how to use the software.
Depart;The flight is scheduled to depart at 9 a.m.
Department;The sales department is responsible for generating revenue.
Departure;The departure of the flight was delayed by two hours.
Depend on;Your success will depend on your dedication and hard work.
dependable;"You can always count on him; he's very dependable."
dependably;The system has functioned dependably for years.
Dependence;Many countries have a dependence on fossil fuels.
dependent;Children are dependent on their parents for care and guidance.
depending;The success of the project will vary depending on funding.
Deposit;You'll need to make a deposit to secure your reservation.
Description;Can you provide a brief description of the problem?
Design;She studied design at university and now works for a fashion company.
Designate;The room was designated as a quiet study area.
Desperate;He was desperate to find a job after being unemployed for months.
Dessert;I'll have the cheesecake for dessert, please.
Destination;Our destination is a remote village in the mountains.
Detail;The report includes every detail of the project.
Detailed;She provided a detailed explanation of the process.
Detect;The alarm system is designed to detect any intruders.
Deterioration;The deterioration of the building was evident from the cracks in the walls.
Determine;A thorough investigation is needed to determine the cause of the fire.
Determined;She's determined to achieve her goals no matter what.
Develop;The company plans to develop new products for the international market.
Developer;He's a software developer working on the latest mobile app.
Development;The development of renewable energy sources is essential for a sustainable future.
Device;The new device is compatible with both Android and iOS.
Diagnose;The doctor will diagnose the cause of your symptoms.
Differential;The differential between the two products is minimal.
Director;She's the director of marketing for the company.
Disagree;"It's okay to disagree; healthy debate can lead to better solutions."
Disagreement;There was a disagreement about how to proceed with the project.
disallow ;The referee disallowed the goal due to a foul.
Disappointing;The results of the experiment were disappointing.
Disconnect;The sudden power outage caused the computer to disconnect from the network.
Discount;The store is offering a discount on all items this weekend.
Discrepancy;There seems to be a discrepancy between the two reports.
Discrimination;The company has a zero-tolerance policy for discrimination.
Discuss;Let's discuss the details of the proposal at the meeting.
Discussion;The discussion lasted for hours, but we finally reached a decision.
Dish;I ordered the seafood dish for dinner.
Dismiss;The judge decided to dismiss the case due to lack of evidence.
Dismissive;He gave a dismissive wave of his hand and walked away.
Display;The museum has a display of ancient artifacts.
Disposable;Please use the disposable gloves when handling the chemicals.
Dispose;You can dispose of the packaging in the recycling bin.
Dispute;The two parties are in a dispute over land ownership.
disrupted;The flight schedule was disrupted due to bad weather.
Disruption;The construction work caused a disruption to traffic in the area.
dissatisfaction;There was widespread dissatisfaction with the government's policies.
Distinctive;The design of the building is distinctive and unique.
Distinguish;It's important to distinguish between fact and opinion.
Distribute;Volunteers will distribute food to those in need.
Distribution;The distribution of wealth is uneven in many countries.
Dividend;Shareholders received a dividend payment at the end of the year.
Document;Make sure to document all your expenses for reimbursement.
documentary;She watched a documentary about wildlife conservation.
documented;The findings of the study are well-documented in the research paper.
documenting;He spent the afternoon documenting the archaeological finds.
documents;Make sure to keep all important documents in a safe place.
Domestic;Domestic violence is a serious issue that affects families worldwide.
Donate;I donated all my old clothes to charity.
Donation;Thank you for your generous donation to the school.
Double;The company doubled its profits in the last quarter.
Down payment;We had to make a down payment of 20% on the house.
Download;You can download the app for free from the app store.
Downmarket;This brand is trying to move upmarket with its latest collection.
Downsize;The company had to downsize due to financial difficulties.
Downturn;The economic downturn led to widespread job losses.
Downward;The graph shows a downward trend in sales.
Dramatic;There was a dramatic increase in temperature overnight.
Drastic;The company made a drastic decision to restructure the organization.
Drastically;The price of oil has dropped drastically in the last month.
Draw;She likes to draw in her spare time.
Draw up;The lawyers will draw up a contract outlining the terms of the agreement.
Drawer;The key to the file cabinet is in the top drawer.
Drive;It's about a two-hour drive from here to the beach.
Drop;Be careful not to drop your phone in the water.
Dull;The movie was so dull that I fell asleep halfway through.
Duration;The duration of the flight is approximately four hours.
Duty-free;The duty-free shop at the airport sells a variety of goods.
Earn;He works hard to earn a living for his family.
Earnings;His earnings have increased since he started his own business.
Economical;Buying in bulk is more economical in the long run.
Economize;We need to economize and cut unnecessary expenses.
Economy;The global economy is experiencing a period of uncertainty.
Effective;Regular exercise is effective in reducing stress levels.
Effectively;She communicated her ideas effectively during the presentation.
Effectiveness;The effectiveness of the new drug has been proven in clinical trials.
efficacy;The efficacy of the new drug has been proven in clinical trials.
Efficiency;The new software improved the efficiency of our workflow.
gap;There is a significant gap between the rich and the poor in this country.
acceptted ;The board accepted the revised budget plan recognizing its importance 
Accounted for;The financial discrepancies were meticulously accounted for in the audit, providing a clear and accurate financial overview
acted ;The management team acted promptly to implement the new strategy, resulting in immediate improvements in operational efficiency.
Adapted;The company adapted its strategies to meet new market demands and improve efficiency
admired ;The innovative approach of the startup was admired by industry leaders for its creativity and effectiveness.
admitted ;The manager admitted that the project's initial budget was underestimated and promised to revise the financial plan
Advertisements;The company launched multiple advertisements across various media to reach a broader audience
Advised;I advised them to work harder to get a promotion 
Affected;The change in policy will affected everyone in the company.
aisles ;The supermarket organized the aisles into clear sections for produce, dairy, and bakery items, making it easier for customers to find what they need.
Anticipated;We anticipated the market crash 
Apology;an apology is a must have treat in the corporate world 
Appliances;The store featured a range of energy-efficient appliances to attract environmentally conscious customers
Applicants;The company interviewed several qualified applicants for the open position.
Approved;The appropriation of funds was approved by the finance committee.
Areas;They decided to share the areas rather than go to court.
Arguing ;they spent the last three years arguing about whose the real owner of the land 
Arranged;the HR deparetemnt arranged a party to celebrate the increase in turnover 
Arrangements;the arrangement made by the ceo was not suitable for everyone 
Authorized;Only authorized personnel are allowed to access the secure data files, ensuring that sensitive information remains protected from unauthorized use.
Assembled;The team assembled the prototype, testing each component for quality.
Assessment;The manager carries an assessment of the project's progress each week.
Benefits;One of the benefits of working here is the flexible schedule.
Assigned;The company's assigned the job to a new employer 
Assumed;he assumed he will be fired after his mistake 
Boosted;The new marketing strategy boosted the  sales.
Characterized;His actions are characterized by kindness and generosity.
CompatibIlity;The software's compatibility with various operating systems ensures that users can access its features regardless of their device
Compensation;The company reviewed its compensation structure to ensure it was competitive and fair, offering adjustments to salaries and benefits based on market standards and employee performance.
Complimented;She complimented heron her presentation skills.
Confirmed;have you confirmed your attendance at the meeting?
Considered;We  considered all options before making a decision.
Consulted;consulted with the legal team before proceeding.
Continuing ;we are continuing our discussion after the break.
Elderly;The program provides assistance to elderly individuals living alone.
Electrical;The electrical wiring in the building needs to be updated.
Elevator;Please take the elevator to the fifth floor.
Embark;They're planning to embark on a round-the-world trip next year.
Emergency;In case of emergency, please dial 911.
Emphasize;I can't emphasize enough how important this is.
Employ;The company plans to employ new staff next month.
Employee;All employees must attend the safety training session.
Employer;The employer is responsible for providing a safe work environment.
Employment;Employment opportunities in the tech industry are on the rise.
Enable;The new software will enable us to streamline our workflow.
Enclose;Please enclose a copy of your resume with your application.
Encourage;I encourage you to pursue your dreams.
Endurance;Long-distance runners need a lot of endurance to complete a marathon.
Endure;Despite the challenges, she managed to endure and overcome them.
Engineer;He's an engineer working for a multinational corporation.
Engineering;She's studying engineering at university.
Enhance;The company aims to enhance the customer experience.
Ensure;We need to ensure that all safety regulations are followed.
Enterprise;Starting a business requires a lot of enterprise and dedication.
Enthusiastic;She's always enthusiastic about trying new things.
Enthusiastically;They welcomed the idea of a team-building retreat enthusiastically.
Entitlement;Employees are entitled to a certain number of vacation days per year.
Entrée;The main entrée of the evening was a delicious seafood dish.
Environment;We need to protect the environment for future generations.
Environmental;The environmental impact of the project needs to be assessed.
Equivalent;This amount of money is roughly equivalent to what we spent last year.
Essential;Water is essential for all living organisms.
Establish;The company aims to establish itself as a leader in sustainable practices.
establish;They plan to establish a new business next year.
Estimate;Can you give me an estimate of how much the repairs will cost?
Estimate;Can you give me an estimate of how much the repairs will cost?
Etiquette;Knowing proper etiquette is important when attending formal events.
Evaluate;It's important to evaluate the success of the project objectively.
evaluating;The committee is currently evaluating the candidates for the job.
Event;The charity event raised over $10,000 for a good cause.
Evidence;The police found new evidence that could lead to a breakthrough in the case.
Evolve;Technology continues to evolve at a rapid pace.
Exact;Can you provide the exact location of the meeting?
Examination;He passed the entrance examination with flying colors.
Examine;The doctor will examine you now.
Excel;She excels in math and science.
Excellent;The service at the restaurant was excellent.
Excursion;They went on an excursion to explore the nearby caves.
Executive;The executive team met to discuss the company's quarterly earnings.
Exhibit;The museum exhibits artifacts from ancient civilizations.
Expand;The company plans to expand its operations overseas.
Expansion;The expansion of the business into new markets was a success.
Expect;I expect you to be on time for the meeting.
Expectation;The results exceeded our expectations.
Expenditure;The government has increased its expenditure on healthcare.
Expense;Traveling abroad can be quite an expense.
Expensive;The designer handbag was too expensive for my budget.
Experience;She has years of experience in the field.
Experienced;We're looking for an experienced candidate to fill the position.
Experiment;Scientists often need to experiment to make new discoveries.
Expiration;
Expiry;Please check the expiration date before consuming the product.
Exploration;The exploration of space has led to many scientific discoveries.
Explore;They decided to explore the possibility of opening a new branch.
Express;You need to express your opinions clearly during the presentation.
Extend;We decided to extend our vacation by another week.
Extension;The deadline has been extended by another week.
External;The external factors influencing the market are beyond our control.
Facilities;The hotel offers excellent facilities for business travelers.
Facility;The new sports facility has state-of-the-art equipment for athletes to train.
Factor;Price is just one factor to consider when making a decision.
Factory;The factory produces over 1,000 units per day.
Fad;"That diet is just a fad; it won't last long."
Fail;If you fail to plan, you plan to fail.
Failure;The project was a failure due to lack of funding.
Fair;He's known for being fair and impartial in his decisions.
Fall through;Unfortunately, our plans to expand overseas fell through.
Fall to;It falls to the manager to make the final decision.
Famed;The restaurant is famed for its delicious seafood dishes.
Fare;The fare for the train ride was quite expensive.
Fault;The fault lies with the management for not addressing the issue sooner.
Faulty;The alarm system was faulty and failed to go off during the break-in.
Favor;Can you do me a favor and pick up my dry cleaning?
Fax;He sent the contract via fax for her to review.
Feature;The new smartphone has a number of innovative features.
Fee;There's a small fee for using the ATM outside of the bank's network.
Feedback;We welcome your feedback on how we can improve our services.
Field;She's an expert in her field of study.
Figure;Can you provide a rough figure for the project budget?
Figures;The quarterly financial report includes several figures that illustrate the company's revenue growth and profit margins.
File;Please ensure that the project file is backed up and properly organized before the end of the day.
Fill out;You need to fill out this form before your appointment.
Finance;He works in finance and specializes in investment banking.
finances;She's in charge of the company's finances.
Financial;The company is in good financial health.
financially;They are financially stable and able to invest in their future.
financier;The financier backed the startup with a substantial investment.
Firm;She works for a law firm in the city.
Fix;The repairman will fix the leaky faucet tomorrow.
Flexible;The job offers flexible hours, which is perfect for me.
Flight;Their flight was delayed due to bad weather.
Flight attendant;The flight attendant served drinks and snacks to the passengers.
Fluctuate;Prices fluctuate depending on supply and demand.
Fluctuation;There has been a fluctuation in the exchange rate recently.
fly-by-night;Be cautious when dealing with fly-by-night companies promising unrealistic returns.
Focus;Please focus on the main objectives of the project.
Focused;The team remained focused throughout the challenging deadline
Fold;Fold the document along the dotted line before placing it in the envelope.
Folder;I saved the report in the designated folder on the shared drive
Force;"The company had to force changes in its strategy to adapt to market conditions."""
Forecast;The weather forecast predicts rain for the weekend.
forecasting;Weather forecasting is based on analysis of atmospheric conditions.
Foreign;"The company is expanding into foreign markets to increase its global presence."""
Forget;Don't forget to submit your expense report by the end of the day.
Forgetful;He is sometimes forgetful about deadlines, so setting reminders helps.
Form;Please fill out the application form and submit it by email.
Forward;Please forward the email to the relevant department.
Founded;The company was founded in 1995 and has grown significantly since then
Frank;She gave a frank assessment of the project's challenges during the meeting.
Frankly;Frankly, I think the proposal needs more detailed analysis before approval
frequently ;She frequently visits her parents on weekends.
Front desk;You can ask for assistance at the front desk.
Fuel;The company needs to fuel its vehicles before starting the long trip
Fulfill;The team worked hard to fulfill all customer orders before the holiday.
fulfill ;The company promises to fulfill all orders within 48 hours.
Function;The new software's main function is to streamline data entry
Functional;The office is fully functional after the recent renovations.
Fund;The charity event aims to raise funds for the local hospital.
Fundraising;The organization is planning a fundraising gala to support its new initiative
Furniture;The office furniture needs to be replaced due to wear and tear
Further;We need to research further to understand the market trends.
Gather;Let's gather all the necessary documents before the meeting.
Gesture;Sending a thank-you note is a nice gesture to show appreciation
get by;Despite financial difficulties, they manage to get by each month.
Get in touch;If you have any questions, feel free to get in touch.
get on;She gets on well with her colleagues at work.
get through;She finally got through the difficult exam after months of studying.
Go ahead with;After reviewing the proposal, the board decided to go ahead with the new marketing campaign
Go under;Despite their best efforts, the company struggled financially and eventually had to go under.
Goal;"Achieving a 10% increase in sales by the end of the quarter is our primary goal for this year."""
going places;With her talent and hard work, she's definitely going places in her career.
Goods;The store received a shipment of new goods today.
Gradually;The company is gradually expanding its operations into new markets.
Grievance;Employees should file a grievance if they have any concerns about workplace conditions
Grill;The manager will grill the candidate with detailed questions during the interview.
Growth;The company’s growth has been impressive over the past year
grudge;She held a grudge against him for years after the argument.
Guarantee;The product comes with a two-year guarantee for any defects
Guidelines;Follow the safety guidelines to ensure a safe working environment
Haggle;Customers often haggle over prices at the local marke
Handle;She knows how to handle difficult situations with professionalism.
Handy;This new tool is very handy for organizing files efficiently.
Harbor;The ship docked at the harbor after a long journey.
hard cash;They prefer to pay in hard cash rather than using credit cards.
hard labour;The prisoners were sentenced to hard labor for their crimes.
hard sell;The salesman used a hard sell approach to convince customers to buy the product.
hardship;The family endured many hardships during the war.
Harmful;
hatred;His hatred for his rival was evident in his words.
Have;Do you have enough money to cover the expenses?
Hazardous;The chemicals are stored in a separate area because they are hazardous to handle
Head office;Our head office is located in the city center
Head up;She will head up the new marketing team starting next month
Headquarters;The company's headquarters is in New York.
Hesitate;Don't hesitate to contact us if you have any questions.
Hesitation;His hesitation was evident when he was asked to lead the project.
Hide;The sensitive documents should be hidden in a secure location
high flyer;She is considered a high flyer due to her rapid career advancement
Highlight;The presentation will highlight the key findings of the report
Highly;The new software is highly effective in improving productivity.
Hike;The company plans to hike salaries by 5% next year
Hire;We need to hire a new team member to handle the increased workload.
Hold;Please hold the line while I transfer your call to the appropriate department.
Hold up;The traffic jam held up the delivery by two hours.
Homepage;"""The homepage showcases the main features of the website."""
Host;"""The company will host the annual conference next month."""
Identification;dentification is required for facility access
Identify;The team will identify key areas for improvement
Imaginative;The campaign was praised for its imaginative ideas.
Immediate;The team provided immediate support for the issue
Immediately;Please report any problems immediately
Impact;The policy will have a major impact on productivity.
impaired;His hearing is impaired due to years of exposure to loud noise.
Impatient;The manager was impatient with the delays
Implement;The company will implement a new CRM system
imply ;His tone seemed to imply that he was unhappy with the decision.
Impression;Her first impression of the company was very positive.
Improper;Using your phone during the meeting is considered improper behavior.
Improve;We need to find ways to improve our customer service.
Improvement;There's been noticeable improvement in employee productivity since the new policy was implemented
Incentive;The company offers bonuses as an incentive for meeting sales targets
Inclined;She felt inclined to support the new initiative after learning more about its benefits.
Include;Please include all relevant details in your report.
Inclusion;The inclusion of diverse perspectives in the team has enhanced creativity
Income;Her primary source of income comes from freelance writing.
Inconvenience;I apologize for the inconvenience caused by the delayed shipment
Increase;We plan to increase our marketing budget next quarter.
Indicate;Early signs indicate that the new strategy is working
Indication;An increase in sales is a strong indication of market demand.
Individual;Each individual will be assigned a specific task for the project.
Individually;The reports will be evaluated individually to assess performance.
Inexperienced;Although she is inexperienced, she shows great potential.
Infer;From the data, we can infer that sales will rise in the coming months
Inflate;Be careful not to inflate the numbers in the financial report
Inflation;Inflation has led to higher costs for raw materials
Influence;Her recommendations had a significant influence on the final decision.
Influential;He is an influential leader in the tech industry
Information;Please provide the necessary information for the application.
Input;Your input on the project will be valuable for its success.
Inquiry;We received an inquiry from a potential client about our services.
Install;We need to install the new software by the end of the week.
Installation;The installation of the new system is scheduled for next Monday
Insurance;Make sure you have adequate insurance coverage for the property
Insure;We need to insure the equipment against potential damage.
Intend;I intend to submit the report by the end of the day
Intention;Her intention was to improve the team's workflow.
Intently;He listened intently to the instructions before starting the task.
Intern;She is working as an intern in the marketing department
Internal;The internal memo will be distributed to all employees.
International;The company is focusing on expanding its international market presence.
Internship;She completed a six-month internship with the finance department.
Interrupt;Please do not interrupt while others are speaking.
Interview;He has a job interview scheduled for tomorrow morning
Invaluable;Her experience has been invaluable to the success of the project.
Invent;He hopes to invent a new gadget that will revolutionize the industry.
Invention;The smartphone is one of the most significant inventions of the 21st century.
Inventory;We need to conduct a thorough inventory of all office supplies.
Invest;The company plans to invest in new technologies to stay competitive.
Investigate;The team will investigate the cause of the equipment failure.
Investigation;An internal investigation is underway to address the security breach.
Investment;Real estate has proven to be a solid investment over the years.
Invite;We would like to invite you to our annual company event.
Invoice;Please send the invoice for the completed services by the end of the week.
involve;The project will involve collaboration between multiple departments.
Irrelevant;Please remove any irrelevant information from the report.
Isolate;We need to isolate the problem to determine its cause
Issue;We need to address the issue of delayed deliveries
Item;Each item on the list must be checked for accuracy.
Itemize;Please itemize all expenses in your expense report.
Itinerary;Here is the itinerary for the upcoming business trip.
Jealous;He felt jealous of his colleague’s recent promotion.
Jeopardize;Failing to meet the deadline could jeopardize the project’s success.
Jeopardy;The company's future is in jeopardy if the issues are not resolved.
Jobless;Many jobless individuals are seeking new opportunities in the current job market
Join;Would you like to join us for the team-building event?
Joint;The joint venture between the two companies aims to develop new technologies.
Journal;She keeps a journal to track her daily progress and reflections.
Journey;The journey to establish the new branch was challenging but rewarding
Judge;The judge will announce the verdict at the end of the trial.
Justice;The organization is committed to promoting social justice.
Justification;He provided a detailed justification for the budget increase
Justify;You need to justify the additional expenses in your report.
Keen;She is keen to learn more about the new project.
Keep;Please keep all confidential documents in a secure location.
keep;We need to keep track of all project milestones.
Knock;Please knock before entering the office.
Know;I need to know the deadline for the project
Knowledge;Her extensive knowledge of the industry is a great asset to the team.
Knowledgeable;He is very knowledgeable about the latest technology trends.
Label;Make sure to label all files clearly for easy identification.
Labor;The project required significant labor to complete on time
Lack;The team faced challenges due to a lack of resources.
Landlord;The landlord agreed to fix the heating system promptly.
Laptop;She uses her laptop for most of her work tasks
Launch;The company will launch the new product next month.
Law;The new regulations are based on recent changes in the law.
Lay off;The company had to lay off several employees due to budget cuts
Leak;There was a leak in the system that compromised the data.
Lean;The company needs to lean on its strengths to stay competitive.
Lease;We decided to lease the office space for five years.
Leisure;He enjoys leisure activities like reading and hiking on weekends.
Lend;Could you lend me your notes for the meeting?
Lengthy;The review process was lengthy, but it was thorough.
Level off;Sales figures are expected to level off after the initial surge.
Liability;The company has a liability to ensure safe working conditions.
License;Ensure you have a valid license before operating the equipment.
Licensing;The licensing process for the new software is straightforward.
Lie;Don’t lie about your qualifications on the resume.
Limited;The offer is available for a limited time only.
Limousine;The client arrived at the event in a luxury limousine.
Line;Please stand in line to check in for your flight.
List;I’ve created a list of items to purchase for the office.
Livestock;The farm's livestock includes cattle, sheep, and chickens.
Loan;They applied for a loan to finance the new business venture.
Lobby;The company’s new headquarters has a spacious lobby that impresses all visitors.
Local;We prefer to support local businesses whenever possible.
Locate;The HR department is trying to locate the missing employee files.
Location;The retail store's prime location in the city center attracts a lot of foot traffic.
Log on;Employees need to log on to the company’s intranet daily to check for updates.
Log out;Please remember to log out of your account before leaving the office.
Look forward to;We look forward to meeting with the new clients next week.
Look to;The company will look to expand its market share in the coming year.
Loyal;Our loyal customers are the backbone of our business.
Luggage;The business traveler packed his luggage carefully for the week-long conference.
lukewarm;The new product received a ukewarm response from the focus group.
Luxurious;The brand is known for its luxurious products that cater to high-end clients.
Luxury;Providing luxury services has always been at the heart of our business strategy.
Maintain;It’s essential to maintain strong relationships with our suppliers.
Maintenance;Regular maintenance of the company’s equipment is crucial to avoid downtime.
Major;The new policy change is a major shift in how we do business.
making up;The marketing team is making up for the lost time by launching new campaigns.
Manage;She has been promoted to manage the company’s international operations.
Managerial;He is attending a managerial training program to enhance his leadership skills.
Mandatory;Attending the annual meeting is mandatory for all department heads.
Manufacture;The factory has the capacity to manufacture over 10,000 units per month.
Manufacturing;The company is investing in advanced manufacturing technologies to boost productivity.
Mark up;The retailer applied a 20% mark up to the cost of the product.
Market;Understanding the market is key to developing a successful business strategy.
Market research;Market research indicates that there is a growing demand for eco-friendly products.
Marketing;Effective marketing is crucial to the success of any product launch.
Matter;Quality customer service is a matter of priority for our business.
mean;The new tax law could mean higher costs for small businesses.
Mechanic;The company employs a full-time mechanic to maintain its fleet of vehicles.
Medic;A trained medic is always present on-site to ensure workplace safety.
Medical;The company offers comprehensive medical benefits to all employees.
Medication;Employees are advised to inform HR if they are on any long-term medication.
Medicine;The pharmaceutical division is launching a new line of medicine next year.
Meeting;The board meeting has been scheduled for 10 a.m. on Thursday.
Membership;The executive team has approved the company’s membership in the local business chamber.
Memo;A memo was sent out to all staff outlining the new office procedures.
Memorandum;The memorandum of understanding between the two companies was signed yesterday.
Mention;Please make sure to mention our latest products during your sales pitch.
Merchandise;The company’s new line of merchandise will be available online next month.
Mere;The mere presence of a strong leader can inspire confidence in the team.
Merge;The two companies plan to merge their operations to streamline services.
Merger;The merger between the two tech giants was finalized last quarter.
Merger;Employees can claim mileage reimbursement for business-related travel.
Mileage;The company hit its target of earning a million dollars in revenue this quarter.
Million;The client seemed to mishear the details of our proposal, so we clarified the terms.
Mishear;The advertisement was found to be misleading and had to be retracted.
Misleading;It’s important never to misrepresent the features of a product to customers.
Misrepresent;The salesperson did not intend to misrepresent the product, but the customer felt deceived by the description.
Mix-up;A mix-up in the shipping department caused the wrong items to be delivered to the customer.
Monitor;The security team will monitor the premises 24/7 to ensure safety.
monitoring;Continuous monitoring of the stock market is essential for successful trading.
Monument;The city unveiled a new monument to honor the fallen heroes of the war.
Mortgage;They decided to take out a mortgage to buy their dream home.
Motivate;The coach used various strategies to motivate the team before the big game.
Motivation;Employee motivation is key to improving productivity in the workplace.
Napkin;He carefully placed a napkin on his lap before beginning his meal.
Narrow;The narrow road made it difficult for two cars to pass each other.
Narrowing;The narrowing of the gap between the two competitors made the race more exciting.
Neighborhood;The neighborhood is known for its friendly residents and tree-lined streets.
Network; Building a strong network of professional contacts is crucial for career advancement.
Nominate;The board will nominate three candidates for the position of CEO.
Nomination;Her nomination for the award was announced at the annual gala.
Notice;The employee submitted a notice of resignation to the HR department.
Notify;Please notify us immediately if there are any changes to your itinerary.
Objection;The lawyer raised an objection during the trial, arguing that the evidence was inadmissible.
Objective;The main objective of the project is to reduce costs by 20%.
Obligation;It is our obligation to provide accurate information to our clients.
obligation ;It is our obligation to provide accurate information to our clients.
Oblige;The manager felt obliged to extend the deadline due to the unforeseen circumstances.
Obtain;She worked hard to obtain her master’s degree in business administration.
obtain ;You need to obtain a permit before starting the construction.
Obviously;Obviously, we need to review the contract before signing it.
Occupation;His occupation as an architect requires a great deal of creativity and precision.
Occur;The error occurred because of a misunderstanding between the departments.
Offer;The company decided to offer a discount to attract new customers.
Officer;The compliance officer ensures that all regulatory requirements are met.
Official;The official report will be released to the public tomorrow.
Offset;The company planted trees to offset its carbon emissions.
Onward; From this day onward, all employees must clock in using the new system.
Operate;The machine can operate at full capacity for eight hours without overheating.
Operation;The operation was a success, and production increased by 15%.
Opinion;In my opinion, the new policy will benefit the company in the long run.
Opportunity;
Optimistic;The team is optimistic about meeting their sales targets this quarter.
Order;Please place your order before the end of the day to ensure next-day delivery.
Organization;The organization is known for its charitable work and community service.
Organize;We need to organize a meeting to discuss the upcoming project.
Organized;The event was well-organized, with everything running smoothly.
Original;The original manuscript was found in the library archives.
Outlet;The company opened a new outlet in the downtown shopping district.
Outline;The presentation should include an outline of the project’s objectives and timeline.
Outlook;The economic outlook for the next quarter is positive.
Outsource ;The company decided to outsource its customer service operations to reduce costs.
Outstanding;The accountant found several outstanding invoices that needed to be paid.
Overall;Overall, the project was a success, despite a few minor setbacks.
Overcrowded;The subway was overcrowded during rush hour, making it difficult to board.
Overdraft;He was charged an overdraft fee for withdrawing more money than he had in his account.
overdrew;She accidentally overdrew her account by making an unexpected purchase.
overflowed;The river overflowed its banks after the heavy rainfall, causing widespread flooding.
overran;The project overran its budget due to unexpected costs.
Overseas;The company is expanding its operations to several overseas markets.
Overtime;The employees worked overtime to complete the project by the deadline.
overtook;The new product quickly overtook the competition in market share.
Overview;The report provides an overview of the company's performance over the last year.
Owepackage;You still owe a package of deliverables to the client.
Package;The package was delivered to your office this morning.
Package tour;The package tour included flights, accommodation, and guided excursions.
Parcel;The parcel arrived a day earlier than expected.
Parking lot;The parking lot was full, so we had to park on the street.
Participant;Each participant in the workshop received a certificate of completion.
Particularly;She was particularly interested in the seminar on digital marketing.
particulars;Please provide the particulars of the agreement in writing.
Party;The company hosted a party to celebrate its 50th anniversary.
Passenger;Each passenger must present a valid ticket before boarding the train.
Patent;The inventor filed for a patent to protect his new design.
Patented;The product was patented, preventing competitors from copying the design.
Patience;Patience is key when dealing with difficult customers.
Pay off;Hard work and dedication will eventually pay off.
Payment;Please make the payment by the due date to avoid late fees.
peculiarities;The peculiarities of the local market must be considered in our strategy.
peg;The exchange rate was pegged to the dollar to stabilize the economy.
Perform;The musician will perform at the concert hall tonight.
perform ;He was asked to perform several tasks outside his usual responsibilities.
Performance;The company’s financial performance exceeded expectations this quarter.
Permanent;She was offered a permanent position after completing her probationary period.
Permission;You must obtain permission from the manager before taking time off.
Permit;The city issued a permit for the construction of the new building.
Personal;She keeps her personal and professional life separate.
Personalized;The company offers personalized service to each of its clients.
Personnel;The personnel department is responsible for hiring and training new employees.
Persuade;He managed to persuade the board to approve the new project.
Pessimistic;The economist was pessimistic about the prospects for economic recovery.
Phase out;The company plans to phase out its older products to make room for new ones.
pick on;It's not fair to pick on someone just because they're different.
pick out;She helped her friend pick out a dress for the party.
Pick up;Can you pick up the package from the post office on your way home?
Pick up the check;He generously offered to pick up the check at the restaurant.
pick with;He always seems to pick with people who disagree with him.
Plant;The company is opening a new manufacturing plant in the region.
Platform;The new software platform will improve efficiency across the organization.
Pleasant; It was a pleasant surprise to see an old friend at the conference.
Plow;The farmer used a tractor to plow the fields before planting crops.
Plug in; Make sure to plug in the device before turning it on.
Plumber; We had to call a plumber to fix the leaking pipe in the kitchen.
Point;The speaker made an important point about the need for sustainable practices.
Pointless;Arguing with him is pointless because he never changes his mind.
Policy;The company’s new policy requires employees to wear ID badges at all times.
Polite;It’s important to be polite when dealing with customers, even in difficult situations.
political;The political climate in the country is affecting business operations.
politically;The decision was made to avoid any politically sensitive issues.
Politician;The politician gave a speech on the importance of education reform.
politician; The politician was criticized for not keeping his campaign promises.
Politics;Office politics can sometimes be as challenging as
Poll;The latest poll shows that the candidate is leading by a narrow margin.
Pollute;Factories that pollute the environment are subject to heavy fines.
Popular;The new smartphone model is very popular among consumers.
Popularity;The popularity of the product soared after the ad campaign.
Position;She was promoted to the position of marketing manager.
Postpone;The meeting was postponed until next week due to scheduling conflicts.
Postpone ;The postponement of the event disappointed many attendees.
Postponement;The new market has great potential for growth.
Potential;The power outage caused significant disruption to the manufacturing process.
Power;The course offers practical advice for starting a small business.
Practical;The solution was practically perfect for the problem at hand.
Practically;Analysts predict that the company’s profits will increase next year.
Predict;The outcome of the negotiation was predictable given the circumstances.
Predictable;I prefer to work in a quiet environment where I can concentrate.
Prefer;Most customers prefer the new model over the old one.
prefer;The position requires a degree in engineering, preferably with some experience.
preferably;She has a preference for working with international clients.
Preference;The company’s preference is to hire candidates with relevant experience.
preference;He is the preferred candidate for the job due to his extensive experience.
preferred;Smoking is not allowed on the company premises.
Premises;It’s important to prepare thoroughly before the client meeting.
Prepare;The CEO will present the annual report to the board of directors.
Present;The presentation was well-received by the audience.
Presentation;The press conference will be held at the main office tomorrow.
Press;The new policy is designed to prevent fraud in the financial system.
Prevent;Prevention of data breaches is a top priority for the IT department.
Prevention;The price of the product was reduced to attract more customers.
Price;The painting was considered priceless due to its historical significance.
Priceless;The experience of working with a mentor was priceless for her career.
priceless;The company’s efforts are primarily focused on expanding into new markets.
Primarily;The issue is primarily a matter of resource allocation.
primarily (adverb);The principal reason for the delay was a shortage of materials.
Principal;The company operates on the principle of honesty and integrity.
Principle;Ensuring customer satisfaction is our top priority.
Priority;The project was given priority due to its importance to the company.
Priority;The meeting was held in private to discuss sensitive matters.
Private;The probability of success depends on several factors.
Probability;He will probably attend the conference if his schedule allows.
Probably;New employees must complete a probationary period before becoming permanent.
Probationary;After receiving approval, the team will proceed with the project.
Proceed ;The hiring process involves several stages, including interviews and background checks.
Process;The team had a productive meeting where several ideas were generated.
Productive;She had a very productive day, completing all her tasks ahead of schedule.
productive (adjective);She chose medicine as her profession because of her passion for helping others.
Profession;It’s important to maintain a professional attitude in the workplace.
Professional;The company’s profile has risen since it was featured in a major business magazine.
Profile;The company’s profit increased by 15% compared to last year.
Profit;The profitability of the new product line is higher than expected.
Profitability;The investment proved to be highly profitable within just a few months.
Profitable;The team made significant progress on the project this week.
Progress;The progress of the construction project is being closely monitored.
Progress;The company takes a progressive approach to employee development.
Progressive;The new law will prohibit smoking in all public places.
Prohibit;The company is planning a new project that will expand its market share.
Project;The use of smartphones has proliferated rapidly in recent years.
proliferated;He made a promise to deliver the project on time and within budget.
Promise;The company plans to promote its new product through an extensive advertising campaign.
Promote;She was promoted to senior manager after just two years with the company.
promoted;The promotion included a pay raise and additional responsibilities.
Promotion;The manager’s prompt response to the issue helped prevent further delays.
Prompt;The prompt delivery of the goods ensured customer satisfaction.
Promptly;The issue was promptly addressed by the technical support team.
Properly;It’s important to follow the instructions properly to avoid any issues.
Property;The company owns a large property in the industrial area.
Prospect(s);The prospects for growth in this market are very promising.
prospered;The business prospered after implementing the new marketing strategy.
Protect;It is crucial to protect sensitive information from unauthorized access.
Protection;The protection of intellectual property is vital for innovation.
Publicity;The new product launch received a lot of publicity in the media.
Publicize;The company plans to publicize its new initiative through social media.
Pull out; The investor decided to pull out of the project due to unforeseen risks.
Purchase; She made a large purchase at the electronics store.
Purchase;The company decided to purchase new equipment to increase production.
Purpose;The main purpose of the meeting is to discuss the upcoming project.
Pursue;He decided to pursue a career in finance after completing his degree.
put off;They had to put off the meeting until next week due to scheduling conflicts.
Put together;The team worked hard to put together a comprehensive proposal.
Put up;The company decided to put up a new billboard to advertise its services.
put up;They put up with a lot of challenges during the project, but the results were worth it.
Qualification;His qualification in engineering makes him a strong candidate for the position.
Qualifications;The job requires specific qualifications, including a degree in accounting.
Qualify;She needs to qualify for the loan before she can purchase the house.
Qualify;The candidate did not qualify for the position due to a lack of experience.
Quotation;The client requested a quotation for the renovation project.
Quote;The sales team provided a quote for the cost of the new software.
Raise;The company decided to raise the salaries of its employees this year.
Raise money;The charity event was organized to raise money for local schools.
Range;The store offers a wide range of products to choose from.
Range; The price range for these services varies depending on the client’s needs.
Rare;It is rare to find such a unique piece of art in this gallery.
Rate;The interest rate on the loan was higher than expected.
Rational;The decision to expand was based on a rational analysis of the market.
Raw materials;The factory imports raw materials from overseas to produce its goods.
Reach;The marketing campaign aims to reach a broader audience.
Realize;She didn’t realize the impact of her decision until much later.
realize ;He began to realize the importance of time management as deadlines approached.
Rearrange; They decided to rearrange the office layout to improve workflow.
Reasonable;The company offered a reasonable price for the high-quality product.
Reasonably ;The project was completed reasonably within the allocated budget.
Receipt;Please keep the receipt as proof of purchase.
Receive;We expect to receive the shipment by the end of the week.
Recent;The recent changes in management have improved the company’s performance.
Reception;The reception for the new employees was held in the main hall.
Reception desk;Please check in at the reception desk when you arrive.
Receptive;The team was receptive to the new ideas presented during the meeting.
Recipe;The chef shared his secret recipe for the restaurant’s signature dish.
Recognize;The company was recognized for its commitment to sustainability.
Recommend;I highly recommend this book to anyone interested in business strategy.
Recommendation;The board followed the recommendation to invest in new technology.
Recruit;The company plans to recruit more staff to support its expansion.
Recruitment;The recruitment process is designed to identify the best candidates for the job.
Reduce;The company implemented measures to reduce its carbon footprint.
Reduction;The reduction in costs allowed the company to increase its profit margin.
Redundant;The position became redundant after the merger, and the employee was laid off.
Refrigerator;The refrigerator in the office kitchen needs to be replaced.
Refund;The store offers a full refund if you are not satisfied with your purchase.
Refundable;The deposit is refundable if you cancel your booking within 24 hours.
Refusal;His refusal to cooperate with the investigation raised suspicions.
Refuse;She had to refuse the offer due to a conflict of interest.
refuse ;They refuse to compromise on the quality of their products.
Regarding;I have some questions regarding the new project.
Regardless;The event will go ahead regardless of the weather conditions.
Regional;The company is expanding its operations to several regional markets.
Register;Please register for the conference by the end of the week.
Register;The cashier will register your payment at the checkout.
register ;You need to register your details on the website to access the content.
Registration;The registration for the event closes tomorrow.
Regret;She expressed her regret for missing the important meeting.
Regular;He is a regular customer at the local coffee shop.
Regularly;The team meets regularly to discuss project updates.
Regulate;The government introduced new laws to regulate the financial industry.
Rehearse;The team needs to rehearse the presentation before the client meeting.
Reject;The committee decided to reject the proposal due to budget constraints.
reject ;The manager may reject the application if it does not meet the criteria.
Relax;It’s important to take some time to relax after a busy workweek.
Relaxation;The company offers a relaxation area for employees to unwind during breaks.
Release;The company will release its new product line next month.
Release;The release of the annual report was delayed by a week.
Relevant;The information provided in the report is highly relevant to our current project.
Reliable;The new software is fast and reliable, making it ideal for business use.
Remain;Despite the challenges, the company remains committed to its mission.
remain;The final decision will remain confidential until it is announced publicly.
Remarkable;The CEO’s remarkable leadership has been a key factor in the company’s success.
Remind;Please remind me to send the report by the end of the day.
Reminder;The email served as a reminder of the upcoming deadline.
Remittance;The client’s remittance was received on time, and the project was approved.
Remove;Please remove all personal items from your desk before the end of the day.
Remuneration;The remuneration package includes a competitive salary and benefits.
Renovate;The company plans to renovate its headquarters to create a more modern workspace.
Renovation;The renovation of the office building is expected to take six months.
Rent;The company decided to rent office space in the downtown area.
Repair;The technician was called in to repair the faulty equipment.
Repayment;The loan agreement includes a flexible repayment schedule.
Repetitive;The task was repetitive, but necessary for quality control.
Replace;The company plans to replace the outdated computers with new ones.
Replacement;The replacement parts for the machinery were delivered yesterday.
Report;The manager asked for a detailed report on the project’s progress.
reported;It was reported that the company’s profits had increased by 10% this quarter.
reportedly;The CEO is reportedly planning to retire at the end of the year.
reporter;The reporter covered the story of the company’s expansion into new markets.
reporting;Accurate reporting is essential for maintaining transparency in financial matters.
Represent;The lawyer will represent the company in the legal proceedings.
Representative;The sales representative will visit the client next week.
reputation;The company has built a strong reputation for quality and reliability.
Request;The client made a request for additional information before signing the contract.
Require;The project will require additional resources to be completed on time.
Require;The job posting does not require a cover letter, but it is encouraged.
require ;The new regulations require all employees to complete the training.
Requirement;Meeting the requirement for the certification was challenging but rewarding.
Reschedule;We need to reschedule the meeting due to a conflict in the agenda.
Rescue;The IT team worked hard to rescue the system after the unexpected crash.
Resemble;The new office building will resemble the original design with modern updates.
Reservation;I made a reservation for dinner at the restaurant for our business meeting.
Reserve;Please reserve a conference room for the client presentation tomorrow.
reserve;The hotel will reserve a room for you upon your arrival.
Resign;The manager decided to resign from his position to pursue new opportunities.
Resign;She submitted her resignation letter last week.
Resist;It’s important to resist the urge to cut corners on quality to meet deadlines.
Resolve;The team worked together to resolve the issue quickly.
Resolve;His resolve to improve the company’s performance was commendable.
Respect;It’s essential to respect your colleagues' opinions, even if you disagree.
Respectable;The company has a respectable reputation in the industry.
Respectful;Being respectful towards clients is key to building long-lasting relationships.
Respond;The customer service team will respond to your inquiry within 24 hours.
Responsibility;It is your responsibility to ensure that the project is completed on time.
Responsible;The manager is responsible for overseeing the daily operations of the department.
Restore;The IT department worked overnight to restore the company’s network after the outage.
Restructure;The company plans to restructure its operations to improve efficiency.
Résumé;Please submit your résumé along with the application form.
Retail;The retail sector has seen significant growth in online sales over the past year.
Retailers;Many retailers are offering discounts to attract customers during the holiday season.
Retire;After 30 years with the company, she plans to retire next month.
Retirement;He is looking forward to his retirement and spending more time with his family.
Return;The company expects a high return on investment from the new product line.
Review;Please review the report and provide feedback by the end of the week.
Reviews;The product received excellent reviews from customers.
Revise;The author needs to revise the draft before submitting it for publication.
Revised;The revised version of the contract was sent to the client for approval.
Right away;The manager asked the team to start working on the project right away.
Rip off;The customer felt the price was a rip off considering the poor quality of the product.
Rival;The company’s main rival launched a similar product last month.
Roadside;They set up a roadside stand to sell their products to travelers.
Roughly;The project will take roughly six months to complete.
Round up;Let’s round up the team for a quick meeting before we proceed.
Route;The delivery truck will take the most efficient route to ensure timely delivery.
Rule out;We can’t rule out the possibility of delays due to unforeseen circumstances.
Runway;The plane had to circle before landing as the runway was occupied.
Salary;The new position comes with a competitive salary and benefits package.
Sale;The company is having a clearance sale to reduce inventory.
Salvage;The team managed to salvage the project despite the initial setbacks.
Sample;Please provide a sample of your previous work when applying for the job.
Sample;The store offers free samples to customers to encourage them to try new products.
Satisfactory;The client found the results to be satisfactory and approved the final draft.
Satisfied;The customer was satisfied with the prompt service provided by the company.
Satisfy;The product must satisfy all safety requirements before it can be sold.
Save;The company implemented cost-saving measures to improve profitability.
Scene;The team arrived at the scene of the incident to assess the damage.
Scenery;The office has a beautiful view of the surrounding scenery.
Schedule;The project manager will create a schedule to ensure timely completion of tasks.
screening;The company conducted a thorough screening of applicants for the job.
Scrutinize;The auditor will scrutinize the financial statements to ensure accuracy.
Search engine;The company optimized its website for better visibility on search engines.
Secluded;The resort offers a secluded getaway for those seeking privacy and relaxation.
Secretarial; The secretarial staff is responsible for organizing meetings and managing communications.
Secretary;The secretary arranged the schedule for the CEO’s upcoming meetings.
Select;Please select the appropriate option from the drop-down menu.
Selection;The store offers a wide selection of products to choose from.
selection;The selection process for the new position will include several rounds of interviews.
Selective;The company is very selective in hiring new employees to ensure a high standard of quality.
selective;They were selective about the materials used in the construction to ensure durability.
Sell off;The company decided to sell off its non-core assets to focus on its main business.
Seminar;The team attended a seminar on the latest trends in digital marketing.
Senior;The senior management team met to discuss the company’s future strategy.
Serious;The company is facing serious challenges in the current economic climate.
Service;The company offers excellent customer service to all its clients.
Session;The training session will cover new software features and updates.
Settle;The company agreed to settle the dispute out of court.
Several; Several factors contributed to the success of the project.
Shape;The team worked hard to shape the proposal to meet the client’s needs.
Shares;The company issued new shares to raise capital for expansion.
Sharp;The sharp increase in sales was a result of the successful marketing campaign.
Shift;The company is planning to shift its focus to the digital market.
Shine;The employee’s dedication to the project made them shine among their peers.
Shipment;The shipment of goods is expected to arrive by the end of the week.
Shipping;The company offers free shipping on all orders over $50.
Shortage;The shortage of raw materials has delayed production.
Shuttle;The hotel provides a shuttle service to and from the airport.
Sightseeing;The company organized a sightseeing tour for the visiting clients.
Sign up;Employees are encouraged to sign up for the upcoming training sessions.
Significant;The company made significant improvements to its customer service process.
Simplify;The new software aims to simplify complex tasks for users.
Situation;The manager assessed the situation before making a decision.
slave driver;The team joked that their boss was a slave driver due to his high expectations.
Slump;The company experienced a slump in sales during the economic downturn.
Software;The IT department is responsible for maintaining all company software.
Solar;The company invested in solar energy to reduce its carbon footprint.
Sold out;The event was so popular that tickets sold out within hours.
Spacious;The new office space is spacious and well-lit, making it ideal for creative work.
Spare part;The technician replaced the broken component with a spare part.
Spare time;He likes to read business books in his spare time to stay informed.
specialities;The restaurant is known for its regional specialties, which attract food enthusiasts.
Specialize;The firm decided to specialize in cybersecurity services to meet growing demand.
Specialty;Their specialty is producing high-quality organic food products.
specific;The client requested a specific design that meets their brand guidelines.
Specification;The product was built according to the customer’s exact specifications.
Specify;Please specify the exact date and time for the meeting.
Spectator;The event attracted thousands of spectators, filling the stadium to capacity.
Stable;The company’s financial performance has remained stable despite market fluctuations.
Stadium;The new stadium will host major sporting events and concerts.
Staff;The staff worked overtime to meet the project deadline.
Stage;The project is currently in the planning stage.
Stapler;The office stapler needs to be replaced because it’s no longer working properly.
Stare;He couldn’t help but stare at the impressive presentation displayed on the screen.
Starter;The company offers a starter package for new customers.
Statement; The CEO issued a statement addressing the recent changes in the company.
Stationery;The company ordered new stationery with the updated logo.
stay;The team will stay late tonight to finish the report.
Steep;The company faced a steep decline in sales during the economic downturn.
Step down;The CEO announced his decision to step down at the end of the year.
stick;It’s important to stick to the budget to avoid overspending.
stock;The store needs to reorder stock as the shelves are nearly empty.
Stock;The company’s stock price surged after the positive earnings report.
stock ;Please store these documents in the archive for future reference.
store;The company’s annual meeting took place during stormy weather, affecting attendance.
stormy; Relations between the two departments have been strained due to recent disagreements.
strained;The company is focusing on strategic partnerships to expand its market reach.
Strategic;The marketing team is developing a new strategy to attract younger customers.
Strategy;The company aims to streamline its operations to reduce costs and improve efficiency.
Streamline;Workers went on strike to demand better working conditions.
Strike;The creative team worked late in the studio to finish the ad campaign.
Studio;The company decided to subcontract part of the project to a specialized firm.
Subcontract;Please submit your expense reports by the end of the week.
Submit;Customers can subscribe to our newsletter for the latest updates and offers.
Subscribe;The magazine offers a monthly subscription at a discounted rate.
Subscription;The company opened a new subsidiary to handle its international operations.
Subsidiary;To calculate the net profit, subtract all the expenses from the total revenue.
Subtract; I suggest we explore other options before making a final decision.
Suggest; The consultant suggested several ways to improve operational efficiency.
suggested;He was suggesting that we reconsider our marketing strategy.
suggesting;Her suggestion to expand into new markets was well-received by the board.
Suggestion;The team appreciated the manager’s suggestion for improving workflow.
suggestion;The results of the survey are suggestive of a need for product improvement.
suggestive;The new policy must suit the needs of both employees and management.
Suit;The candidate’s suitability for the role was evident from the interview.
Suitability;This software is suitable for small businesses looking to manage their finances.
Suitable;The total sum of the contract was higher than initially estimated.
Sum;The manager will supervise the team to ensure the project stays on track.
Supervise;The intern supervised the project under the guidance of the senior manager.
supervised;She supervises a team of five analysts in the finance department.
supervises;The project was completed successfully under the supervision of an experienced team leader.
Supervision;The supervisor conducted performance reviews for all team members.
supervision;The company is negotiating a new contract with its main supplier.
Supervisor;The demand for the product has outstripped supply, leading to shortages.
supervisor;The vendor will supply the necessary equipment for the event.
Supplier;The price of goods is often determined by the balance of supply and demand.
Supply;The company provides excellent technical support to its customers.
supply;He has been a strong supporter of the company’s growth initiatives.
Supply and demand;The surrounding area has seen significant development in recent years.
Support;The auditor found several suspicious transactions during the review.
Supporter;The switchboard operator directed the calls to the appropriate departments.
Surrounding;The company took a systematic approach to address the issue, ensuring no details were overlooked.
Suspicious;The company took out a loan to finance its expansion plans.
Switchboard;Employees are encouraged to take part in the company’s volunteer programs.
Systematic;She was invited to take part in the roundtable discussion on industry trends.
Take out;The company’s board approved the takeover of a smaller competitor.
Take part in;The marketing campaign aims to target young professionals.
Take part in;The new tax policy will have significant implications for small businesses.
Takeover;The company is seeking candidates with strong technical skills for the IT department.
Target;The technician repaired the malfunctioning equipment quickly.
Tax;His telling remark about the project’s challenges helped the team to reassess their strategy.
Technical;The company hired temporary staff to handle the holiday rush.
Technician;The tenant signed a lease agreement for the commercial property.
telling;The company decided to terminate the contract due to non-compliance.
Temporary;The team faced terrible weather conditions during the site visit.
Tenant;The sales team did a terrific job exceeding their quarterly targets.
Terminate;Managing the cash-flow of a company is critical to its financial health.
Terrible;The economic situation has improved, leading to increased consumer spending.
Terrific;The economic slowdown affected the company’s revenue in the last quarter.
The cash-flow of a company;The Gross Domestic Product of the country grew by 3% last year.
The economic situation;The rise in household spending indicates increased consumer confidence.
The economic slowdown;The merger of two companies created a stronger entity in the market.
The Gross Domestic Product;The short-term outlook for the industry remains uncertain.
The household spending;The company is focusing on the SMB market to drive growth in its software sales.
The merger of two companies;The theoretical framework provided a solid basis for the research.
The short-term outlook;His business theory has influenced many successful entrepreneurs.
The SMB market;The management’s strategic thinking led to the company’s rapid growth.
Theoretical;The team conducted a thorough analysis before making the final decision.
Theory;It’s important to keep your workspace tidy to maintain productivity.
thinking;The manager gave the new hire a helpful tip on how to manage their workload.
Thorough;The instructor took the time to break down the complex process into simple steps.
Tidy; The team worked hard to close the deal before the end of the quarter.
Tip;The analyst had to crunch the numbers to determine the project’s profitability.
To break down;The company had to face several challenges during the product launch.
To close;The team decided to focus on improving customer satisfaction.
To crunch;The presentation will highlight the key benefits of the new product.
To face;The company plans to implement new software to improve efficiency.
To focus on;The company invested in training programs to improve employee skills.
To highlight;The CEO’s goal is to make the company a leader in the industry.
To implement;The company’s strategy is to penetrate new markets in Asia.
To improve;
To make;
To penetrate;
To put forward;She decided to put forward a new proposal at the team meeting.
To run;He was chosen to run the marketing campaign for the new product launch.
to say;It’s difficult to say how the market will react to the changes.
to speak;The CEO will speak at the conference about the company's future plans.
to tell;I need to tell you about the new policies that have been implemented.
To weigh;We need to weigh the pros and cons before making a final decision.
took off;The company’s new product line really took off in the last quarter.
Tour;The executive tour of the manufacturing facility will start at 10 AM.
Tourism;The city relies heavily on tourism for its economic growth.
Tourist;The local attractions are popular with both tourists and residents.
Towel;Please make sure to pack a towel for the business trip to the beach resort.
Tower;The new office tower will be completed by the end of the year.
Track;The project manager will track the progress of the development team.
Trade;The company engages in international trade to expand its market reach.
Tradition;It is a tradition to hold an annual company picnic for employees and their families.
Traffic;Heavy traffic in the area caused a delay in the delivery schedule.
Training;The new employees will undergo intensive training before starting their roles.
Transfer;He requested a transfer to the company’s branch in New York.
Transform;The company aims to transform its operations through digital innovation.
Transformation;The transformation of the brand’s image has been well-received by customers.
Transit;Public transit options have improved significantly in the past year.
Transportation;Efficient transportation is crucial for the timely delivery of goods.
Tremendous;The company experienced tremendous growth after launching its new product.
Trend;Keeping up with the latest trends is essential for staying competitive in the market.
Trial;The new software is currently in the trial phase before its official release.
Triumph;The project’s successful completion was a triumph for the entire team.
Trust;Building trust with clients is vital for maintaining long-term business relationships.
Turnover;The company’s turnover increased significantly due to the new sales strategy.
Turnover;Employee turnover has decreased since the introduction of the new benefits package.
Unconditional;The contract includes an unconditional guarantee on all products.
Understand;It’s important to understand the market dynamics before launching a new product.
Unfavorable;The report highlighted several unfavorable market conditions.
unfortunately;Unfortunately, the shipment was delayed due to unforeseen circumstances.
uniform;All employees are required to wear a uniform while on duty.
unspoiled;The resort is located in an unspoiled area of natural beauty.
unwrap;Please unwrap the package carefully to avoid damaging the contents.
upcoming;The upcoming conference will provide valuable networking opportunities.
update;The IT department will update the software to improve security.
upgrade;We plan to upgrade our facilities to accommodate the growing team.
Upmarket;The new product is targeted at the upmarket segment of consumers.
upset;The unexpected news upset the planned schedule for the project.
upstairs;The meeting will be held upstairs in the conference room.
utility bill;The company’s utility bill has increased due to higher energy consumption.
utmost;The team exercised the utmost care in handling the sensitive data.
utterly;The project was utterly successful, exceeding all expectations.
vacancy;There is a vacancy in the accounting department that needs to be filled.
vacant;The vacant office space will be leased to a new tenant soon.
vacation;Employees are encouraged to take a vacation to recharge and avoid burnout.
vaccination;The company provides vaccination services to ensure employee health.
validating;The process of validating the data is crucial for accurate reporting.
valuable;The insights from the market research proved to be highly valuable.
valuables;Please keep your valuables secure while at the conference.
valuing;Valuing employee feedback is essential for improving workplace culture.
varied;The company’s product line is varied to cater to different customer needs.
variety;The store offers a wide variety of products to choose from.
various;We have conducted surveys with various customer segments to gather insights.
vendor;The vendor will deliver the supplies by the end of the week.
venture;The company is exploring a new venture into the tech industry.
venue;The seminar will be held at a downtown venue with ample space.
vindicating;The successful outcome of the trial was vindicating for the legal team.
virus;The company implemented new security measures to protect against computer viruses.
vital;Communication is vital for the success of any project.
wage;The employees’ wages are reviewed annually to ensure competitiveness.
walkway;The new walkway in the office provides a more efficient route between departments.
warehouse;The warehouse is stocked with inventory ready for distribution.
warming;The company is taking steps to address global warming by reducing its carbon footprint.
warn;The supervisor will warn employees about upcoming changes in company policy.
warning;The warning signs were clearly posted to ensure safety.
warrant;The warranty covers any defects in the product for one year.
warranty;The warranty policy guarantees repairs for any manufacturing defects.
wastage;The company is working to reduce wastage in the production process.
waterproof;The new packaging is waterproof to protect the contents during shipping.
wealth; The company’s wealth of experience in the industry is a key asset.
website; The company’s website has been redesigned for a better user experience.
weight; The weight of the shipment affects the cost of transportation.
welfare;The company provides welfare programs to support employees’ well-being.
wholesale;The retailer purchases goods at wholesale prices to resell at a profit.
win;The team worked hard to win the contract against strong competition.
Withdraw;He decided to withdraw his application after receiving another offer.
withdraw;The company will withdraw from the partnership due to conflicting interests.
withdrawal;The withdrawal of the investment will be processed next week.
without a hitch;The event went off without a hitch thanks to meticulous planning.
wood; The furniture is crafted from high-quality wood to ensure durability.
workplace; The workplace environment is designed to be both productive and comfortable.
workshop;The team attended a workshop on leadership development.
worth;The new software is worth the investment due to its advanced features.
worthless;The outdated equipment was deemed worthless and was disposed of.
wrap;Please wrap the gifts carefully before sending them out.
Write off;The company decided to write off the bad debt as uncollectible.
X-ray; An X-ray of the equipment revealed a critical flaw that needed addressing.
yearly;The company conducts yearly performance reviews for all employees.
Yield;The new marketing strategy is expected to yield significant returns.
yield;The investment yielded a high return over the last five years.
youth;Youth: The company sponsors programs that support youth entrepreneurship.
zero;he project budget was set at zero cost due to sponsorships.
zone;new zoning regulations will affect the company’s expansion plans.
;
;
;
;
;
;
;
;
;
;
;
;
;
;
;
;
;
;
;
;
;
;
;
;
;
;
;
;
;
;
;
;
;
;
;
;
;
;
;
;
;
;
;
;
;
;
;
;
;
;
;
;
;
;
;
;
;
;
;
;
;
;
;
;
;
;
;
;
;
;
;
;
;
;
;
;
;
;
;
;
;
;
;
;
;
;
;
;
;
;
;
;
;
;
;
;
;
;
;
;
;
;
;
;
;
;
;
;
;
;
;
;
;
;
;
;
;
;
;
;
;
;
;
;
;
;
;
;
;
;
;
;
;
;
;
;
;
;
;
;
;
;
;
;
;
;
;
;
;
;
;
;
;
;
;
;
;
;
;
;
;
;
;
;
;
;
;
;
;
;
;
;
;
;
;
;
;
;
;
;
;
;
;
;
;
;
;
;
;
;
;
;
;
;
;
;
;
;
;
;
;
;
;
;
;
;
;
;
;
;
;
;
;
;
;
;
;
;
;
;
;
;
;
;
;
;
;
;
;
;
;
;
;
;
;
;
;
;
;
;
;
;
;
;
;
;
;
;
;
;
;
;
;
;
;
;
;
;
;
;
;
;
;
;
;
;
;
;
;
;
;
;
;
;
;
;
;
;
;
;
;
;
;
;
;
;
;
;
;
;
;
;
;
;
;
;
;
;
;
;
;
;
;
;
;
;
;
;
;
;
;
;
;
;
;
;
;
;
;
;
;
;
;
;
;
;
;
;
;
;
;
;
;
;
;
;
;
;
;
;
;
;
;
;
;
;
;
;
;
;
;
;
;
;
;
;
;
;
;
;
;
;
;
;
;
;
;
;
;
;
;
;
;
;
;
;
;
;
;
;
;
;
;
;
;
;
;
;
;
;
;
;
;
;
;
;
;
;
;
;
;
;
;
;
;
;
;
;
;
;
;
;
;
;
;
;
;
;
;
;
;
;
;
;
;
;
;
;
;
;
;
;
;
;
;
;
;
;
;
;
;
;
;
;
;
;
;
;
;
;
;
;
;
;
;
;
;
;
;
;
;
;
;
;
;
;
;
;
;
;
;
;
;
;
;
;
;
;
;
;
;
;
;
;
;
;
;
;
;
;
;
;
;
;
;
;
;
;
;
;
;
;
;
;
;
;
;
;
;
;
;
;
;
;
;
;
;
;
;
;
;
;
;
;
;
;
;
;
;
;
;
;
;
;
;
;
;
;
;
;
;
;
;
;
;
;
;
;
;
;
;
;
;
;
;
;
;
;
;
;
;
;
;
;
;
;
;
;
;
;
;
;
;
;
;
;
;
;
;
;
;
;
;
;
;
;
;
;
;
;
;
;
;
;
;
;
;
;
;
;
;
;
;
;
;
;
;
;
;
;
;
;
;
;
;
;
;
;
;
;
;
;
;
;
;
;
;
;
;
;
;
;
;
;
;
;
;
;
;
;
;
;
;
;
;
;
;
;
;
;
;
;
;
;
;
;
;
;
;
;
;
;
;
;
;
;
;
;
;
;
;
;
;
;
;
;
;
;
;
;
;
;
;
;
;
;
;
;
;
;
;
;
;
;
;
;
;
;
;
;
;
;
;
;
;
;
;
;
;
;
;
;
;
;
;
;
;
;
;
;
;
;
;
;
;
;
;
;
;
;
;
;
;
;
;
;
;
;
;
;
;
;
;
;
;
;
;
;
;
;
;
;
;
;
;
;
;
;
;
;
;
;
;
;
;
;
;
;
;
;
;
;
;
;
;
;
;
;
;
;
;
;
;
;
;
;
;
;
;
;
;
;
;
;
;
;
;
;
;
;
;
;
;
;
;
;
;
;
;
;
;
;
;
;
;
;
;
;
;
;
;
;
;
;
;
;
;
;
;
;
;
;
;
;
;
;
;
;
;
;
;
;
;
;
;
;
;
;
;
;
;
;
;
;
;
;
;
;
;
;
;
;
;
;
;
;
;
;
;
;
;
;
;
;
;
;
;
;
;
;
;
;
;
;
;
;
;
;
;
;
;
;
;
;
;
;
;
;
;
;
;
;
;
;
;
;
;
;
;
;
;
;
;
;
;
;
;
;
;
;
;
;
;
;
;
;
;
;
;
;
;
;
;
;
;
;
;
;
;
;
;
;
;
;
;
;
;
;
;
;
;
;
;
;
;
;
;
;
;
;
;
;
;
;
;
;
;
;
;
;
;
;
;
;
;
;
;
;
;
;
;
;
;
;
;
;
;
;
;
;
;
;
;
;
;
;
;
;
;
;
;
;
;
