Mot,Thème,Translation,Synonym,Antonym,Definition (B1 Level),Difficulty Level,example sentence (facile),example sentence (moyen) B1 ,example sentence (advanced) 
 Bankrupt,Business\Finance,Faire faillite,Insolvent,Solvent,Bankrupt means that a company or individual cannot repay their debts.,B1,"After several years of financial struggles, the company finally went bankrupt. / The police raided the illegal gambling den and busted the operation.",The company went bankrupt after it failed to pay its debts.,"Despite the company's best efforts to restructure its debt, it ultimately went bankrupt, leaving creditors scrambling to recover their investments"
bearish market,Business\Stock Market,Un marché baissier,falling market,bullish market,A bearish market is a financial market characterized by falling prices and investor pessimism.,C1,The bearish market led to widespread selling of stocks.,"In a bearish market, stock prices are generally falling.","Amidst the bearish market, characterized by declining share prices and investor pessimism, companies adopted defensive strategies to protect their assets and maintain stability."
bullish market,Business\Stock Market,Un marché haussier,rising market,bearish market,A bullish market is a financial market characterized by rising prices and investor confidence.,C1,Investors are optimistic about the future prospects in the bullish market.,"In a bullish market, investors are confident and stock prices are rising.","The stock exchange experienced a bullish market, with investor optimism driving share prices to record highs and fostering a climate of economic confidence."
cautious forecast,Business\Economics,Une prévision prudente,conservative estimate,optimistic projection,A cautious forecast is a prediction about future events made with careful consideration and awareness of potential risks.,B2,The company's cautious forecast reflected uncertainty in the market.,The analyst gave a cautious forecast due to the economic uncertainty.,"Given the volatile market conditions, analysts issued a cautious forecast, advising investors to adopt a more conservative approach to mitigate potential risks."
lasting upturn,Business\Economics,Une hausse durable,sustained increase,temporary rise,A lasting upturn refers to a long-term improvement or increase in economic activity.,C1,The economy experienced a lasting upturn after several years of stagnation.,Experts predict a lasting upturn in the economy over the next few years.,"Economists are optimistic about a lasting upturn in the economy, driven by technological advancements, robust policy support, and resilient consumer confidence."
 lease,Business\Real Estate,Un bail,rental agreement,ownership,A lease is a contract granting use or occupation of property during a specified period in exchange for rent.,A2,They signed a lease for the office space for five years.,They decided to lease office space downtown instead of buying it.,"Securing a favorable lease for the new office location was instrumental in the company's expansion plans, providing the necessary infrastructure to support growth."
rent,Business\Real Estate,Un loyer,lease payment,ownership,A rent is a payment made by a tenant to a landlord in exchange for the use of property or land.,A1,The monthly rent for the apartment was due on the first of each month.,The rent for the new office is affordable and within our budget.,"The significant rise in commercial property rents prompted businesses to seek more cost-effective office spaces, balancing operational needs with financial prudence."
 risky decision,Business\Risk Management,Une décision risquée,perilous choice,safe decision,A risky decision is a choice or course of action that involves the possibility of loss or danger.,B1,Investing in the volatile stock market is a risky decision.,"Investing in that startup was a risky decision, but it paid off.","The CEO's decision to invest heavily in emerging markets was considered risky, but it ultimately paid off, yielding substantial returns and expanding the company's global footprint."
share,Business\Stock Market,Une part,stock,bond,A share represents ownership in a company and entitles the holder to a portion of the company's profits.,B1,He owns shares in several technology companies.,Each shareholder owns a share of the company.,"Acquiring a significant share of the market was a strategic priority for the company, achieved through innovative product offerings and aggressive marketing campaigns."
subsidized sector,Business\Economics,Un secteur subventionné,subsidized industry,non-subsidized sector,A subsidized sector is an industry or area of the economy that receives financial support from the government.,C1,The government invested in renewable energy as part of its efforts to support the subsidized sector.,The government provided financial support to the subsidized sector.,"Investment in the subsidized sector of renewable energy has increased, driven by government incentives and a growing emphasis on sustainability and environmental responsibility."
temporary fall ,Business\Finance,Une baisse temporaire du chiffre d'affaires,temporary decrease,permanent increase,A temporary fall in turnover refers to a short-term decrease in the amount of money earned by a business.,B2,The company experienced a temporary fall in turnover due to the economic downturn.,The company experienced a temporary fall in profits last quarter.,"The recent quarterly report indicated a temporary fall in turnover, which analysts attributed to seasonal fluctuations and short-term market disruptions rather than underlying weaknesses in the company's business model."
 trade imbalance,Business\Economics,Un déséquilibre commercial,trade deficit,trade surplus,A trade imbalance occurs when a country imports more goods and services than it exports.,B2,The trade imbalance widened due to increased imports of foreign goods.,The trade imbalance between imports and exports can affect the economy.,The persistent trade imbalance between the two countries necessitated a reevaluation of bilateral trade policies to promote more equitable economic relations.
 turn-key project,Business\Project Management,Un projet clé en main,ready-to-use project,do-it-yourself project,A turn-key project is a construction project that is completed to the point where it is ready for use by the buyer or tenant.,B2 ,They hired a contractor to handle the turn-key project from start to finish.,"They offered a turn-key project, delivering a complete and ready-to-use facility.","The construction firm successfully delivered a turn-key project, providing a fully operational facility that met all specifications and client requirements upon completion."
Ability,Professional Skills\Project Management,Capacité,Capability,Inability,The capacity to do something.,A1,His ability to learn quickly impressed the teacher.,Her ability to solve problems quickly makes her a valuable team member.,"The consulting firm showcased its ability to deliver tailored solutions to multinational clients, leveraging its global expertise and local insights to navigate complex business challenges."
Abroad,Practical and everyday life\Culture,À l'étranger,Overseas,Domestic,In or to a foreign country.,A2,She's studying abroad for a semester.,Many students choose to study abroad to gain international experience.,"The tech startup expanded its operations abroad, establishing strategic partnerships and local offices to capitalize on international market opportunities and drive global growth."
Absolutely,Practical and everyday life\Politeness,Absolument,Completely,Partially,Without any doubt or question.,A2,I absolutely agree with your assessment.,He was absolutely certain that the new strategy would succeed.,"The CEO affirmed their commitment to sustainability, stating unequivocally that the company would absolutely adhere to strict environmental standards in all its operations."
Accept,Professional Skills\Customer Relationship Building,Accepter,Receive,Reject,To receive willingly something offered.,A1,The company will accept applications until the end of the month.,We need to accept the terms of the agreement to proceed.,Our company decided to accept the merger proposal to expand our market reach and enhance our competitive advantage.
Access,Practical and everyday life\Guide,Accès,Entry,Exit,The right or opportunity to use or benefit from something.,A1,Employees have access to the building using their ID cards.,Employees must have access to the company's database.,"The new digital platform provided clients with seamless access to real-time market data, empowering them to make informed investment decisions and stay ahead of market trends."
Accessible,Practical and everyday life\Guide,Accessible,Reachable,Inaccessible,Easy to approach or reach.,A2,The new website is more accessible for users with disabilities.,The new office location is easily accessible by public transportation.,"The redesigned website was optimized for mobile devices, ensuring that product information and customer support were easily accessible to users regardless of their location or device."
Accident,Practical and everyday life\Medical expressions/First aid,Accident,Mishap,Intention,An unfortunate incident that happens unexpectedly and unintentionally.,A2,"I'm sorry, but the delay was caused by an accident on the road.",The accident at the factory caused a brief halt in production.,"The manufacturing facility experienced a minor accident during routine maintenance, prompting the safety team to conduct a thorough investigation and implement enhanced safety protocols to prevent future incidents."
Accommodate,Practical and everyday life\Transportation,Accueillir,Cater to,Discomfort,To accommodate means to provide lodging or fit in with someone's wishes or needs.,B1,The hotel can accommodate up to 200 guests.,The hotel can accommodate up to 500 guests.,"In order to accommodate the escalating demands of a global clientele, the multinational corporation implemented a comprehensive strategy that synergized cutting-edge technological advancements with meticulous market analysis, thereby optimizing operational efficiency and fostering unprecedented growth in a highly competitive market."
Accommodation,Practical and everyday life\Transportation,Hébergement,Lodging,Displacement,"A place where one can stay, such as a hotel.",B1,The accommodation for the trip was arranged in advance.,They found comfortable accommodation near the conference venue.,"The company provided temporary accommodation for employees displaced by the office renovation, ensuring minimal disruption to daily operations."
Accomplish,Professional Skills\Project Management,Accomplir,Achieve,Fail,To succeed in doing something.,A2,"With hard work, you can accomplish anything you set your mind to.",We need to accomplish our sales targets by the end of the quarter.,"The project team worked tirelessly to accomplish the ambitious timeline set by senior management, delivering the new product ahead of schedule."
Accomplishment,Professional Skills\Project Management,Réalisation,Achievement,Failure,A success or achievement.,B2,Graduating from university was her greatest accomplishment.,Completing the project ahead of schedule was a significant accomplishment.,"The successful launch of the innovative marketing campaign was hailed as a significant accomplishment for the marketing department, driving brand visibility and customer engagement."
According,Professional Skills\Story Telling,Selon,As per,Contrary to,In conformity with something.,B2,"According to the schedule, the meeting starts at 10 AM.","According to the report, sales have increased by 20%.","According to the latest market analysis, consumer spending patterns have shifted towards sustainable products, prompting retailers to adapt their product offerings accordingly."
Accordingly,Professional Skills\Story Telling,En conséquence,Consequently,Inappropriately,In a way that is appropriate or logical.,B2,We've adjusted our plans accordingly.,The budget was adjusted accordingly to reflect the new expenses.,"The marketing strategy was adjusted accordingly based on customer feedback and market trends, aiming to enhance brand loyalty and increase sales."
Account for,Business\Finance,Expliquer / Justifier,Explain,Neglect,To account for means to explain or justify something.,B1,Can you account for all the missing inventory?,How do you account for the missing inventory?,The financial report must account for all expenses and revenues to ensure accurate budgeting and compliance.
Accounting,Business\Finance; Business\IT,Comptabilité,Bookkeeping,Mismanagement,He's studying accounting at university to become a certified accountant.,B1,She has a degree in accounting and works for a large firm.,She is studying accounting to become a certified public accountant.,The company hired a reputable accounting firm to manage its financial statements and ensure compliance with regulatory standards.
Accurate,Professional Skills\Project Management,Précis,Precise,Inaccurate,"Without error, correct.",B2,The measurements need to be accurate for the experiment to succeed.,Accurate financial reporting is essential for business transparency.,"The financial analyst provided an accurate forecast of quarterly earnings, guiding investors on potential returns and influencing stock market sentiment."
Achieve,Professional Skills\Project Management,Atteindre,Accomplish,Fail,To successfully reach a goal.,B1,"With determination, you can achieve your goals.",Our goal is to achieve a 10% market share by next year.,"The startup's strategic pivot to digital marketing channels helped achieve exponential growth in online sales, surpassing initial projections within the first year of implementation."
acknowledge ,Professional Skills\Communication,reconnaître,remember,ignore,To acknowledge means to accept or admit the existence or truth of.,B1,She acknowledged her mistake and apologized.,He did not acknowledge the email until two days later.,"The company must acknowledge the contributions of its employees, as their dedication and hard work are crucial to the organization’s success."
Acquire,Business\Finance,Acquérir,Obtain,Lose,To obtain or gain something.,B2,The company plans to acquire several smaller firms.,The company plans to acquire a smaller competitor to expand its market reach.,"The conglomerate announced plans to acquire a prominent competitor, aiming to consolidate market share and diversify its product portfolio."
Act,Professional Skills\Story Telling; Practical and everyday life\Culture,Agir,Perform,Refrain,To perform an action.,A2,He'll act as the mediator in the negotiation.,We need to act quickly to take advantage of this opportunity.,The CEO decided to act swiftly on the market intelligence report to capitalize on emerging opportunities ahead of the competition.
Actually,Practical and everyday life\Politeness,En fait,Really,Supposedly,"In reality, as opposed to what is supposed.",A2,"Actually, I wasn't aware of the changes","Actually, I think we can finish the project by Friday.","Contrary to initial projections, the new product line actually exceeded sales expectations, demonstrating strong market acceptance and customer demand."
Adapt,Professional Skills\Project Management,S'adapter,Adjust,Resist,To modify to fit a situation.,B1,You need to adapt to different working environments.,Employees need to adapt to the new software system.,"In response to the evolving market dynamics and shifting consumer preferences, our company has implemented several initiatives to adapt its product offerings and business strategies, ensuring we stay relevant and competitive in the industry."
Adapter,Business\IT,Adaptateur,Convert,PRESERVE,A device that connects two things.,B2,The adapter allows you to connect different devices.,You need an adapter to use your laptop in this country.,The IT department installed universal adapter in all conference rooms to accommodate international clients' various device plugs during presentations.
Add up,Business\Finance; Practical; everyday life\Numbers and Dates,Additionner,Total,Subtract,Can you help me add up the total expenses for this month?,B1,I need to add up all the expenses to see if we stayed within the budget.,The expenses don't add up; we need to review the receipts.,"After conducting a thorough audit, it became clear that the expenses incurred during the project did not add up to the initial budget estimates, prompting a reassessment of financial forecasting methods."
Additional,Professional Skills\Project Management,Supplémentaire,Extra,Subtracted,In addition to what already exists.,B1,We've made some additional changes to the plan.,We need additional resources to complete the project on time.,"The company allocated additional resources to accelerate the development of its new software platform, ensuring it meets the aggressive launch timeline."
Address,Business\Communication,Aborder / Traiter,Tackle,Avoid,To address means to deal with or discuss a topic.,A2,The mayor will address the citizens' concerns in his speech.,Please address all inquiries to the customer service department.,The CEO's address at the annual shareholder meeting outlined the company's strategic priorities and initiatives for driving growth and shareholder value.
Adequate,Professional Skills\Project Management,Adéquat,Sufficient,Inadequate,Sufficient to meet needs.,B2,The supplies should be adequate for the project.,The current budget is not adequate for the upcoming project.,The risk management team conducted a thorough assessment to ensure the company had adequate insurance coverage against unforeseen liabilities and business interruptions.
Adjust,Professional Skills\Project Management,Ajuster,Modify,Disturb,To modify slightly for improvement.,B2,You'll need to adjust the settings for optimal performance.,We need to adjust our strategy to meet changing market conditions.,"In response to customer feedback, the marketing team decided to adjust the pricing strategy for the premium product line to enhance competitiveness in the market."
Adjustment,Professional Skills\Project Management,Ajustement,Alteration,Stagnation,A change or adaptation.,B2,We made an adjustment to the schedule to accommodate everyone.,An adjustment to the marketing plan was necessary after the initial feedback.,"The CEO announced an adjustment in the company's organizational structure, streamlining operations to improve efficiency and reduce overhead costs."
Administration,Business\HR; Professional Skills\Project Management,Administration,Management,Mismanagement,The management of an organization or system.,A2,He works in administration at the university.,She works in the administration department handling office logistics.,The administration department implemented new procedures to streamline payroll processing and improve employee satisfaction with timely and accurate payments.
Admire,Practical and everyday life\Politeness,Admirer,Respect,Disapprove,"To admire means to regard with respect, approval, or warm approval.",B1,I admire your dedication to your work.,I admire her dedication and hard work.,"I deeply admire the company's dedication to innovation and its proactive approach to solving complex problems, which has set a high standard in the industry and inspired many other businesses to follow suit."
Admit,Professional Skills\Customer Relationship Building; Business\Legal,Admettre,Acknowledge,Deny,To admit means to allow entry or access; confess to be true or to be the case.,B1,He was reluctant to admit his mistake.,He had to admit that he made a mistake in the report.,"After thoroughly analyzing the performance metrics and customer feedback, the project manager had to admit that the team had underestimated the challenges, and acknowledged the need for a revised strategy to address the issues effectively."
Admittance,Business\Legal; Professional Skills\Customer Relationship Building,Admission,Entry,Exit,Admittance refers to the permission or right to enter a place or access something.,B1,The admittance fee covers entry to all attractions.,Admittance to the event is by invitation only.,"Access to the exclusive industry conference required admittance badges, which were issued to registered attendees upon arrival at the venue."
Advance,Business\Finance,Avance,Progress,Retreat,"Advance means to move forward or make progress, especially in a purposeful way.",B1,I'll need to pay in advance to secure my booking.,They made an advance payment to secure the booking.,"The pharmaceutical company secured FDA approval to advance its experimental drug into clinical trials, marking a significant milestone in its quest to combat rare diseases."
Advanced,Business\IT,Avancé,Sophisticated,Basic,"Advanced means highly developed or complex, typically in a technological context.",B1,The new technology is more advanced than the previous model.,The company uses advanced technology to stay ahead of competitors.,"The technology firm unveiled its advanced artificial intelligence platform, promising to revolutionize data analytics and decision-making processes for corporate clients."
Advantage,Professional Skills\Project Management,Avantage,Benefit,Disadvantage,Advantage refers to a favorable or beneficial circumstance or condition.,B1,One advantage of living in the city is the convenience.,Having a strong network is an advantage in business.,"The strategic location of the manufacturing facility provided a logistical advantage, enabling efficient distribution and cost-effective supply chain management."
Advantageous,Professional Skills\Project Management,Avantageux,Beneficial,Harmful,Advantageous means giving an advantage or favorable circumstance.,B1,The deal was advantageous for both parties.,Signing the contract under these terms is advantageous for us.,"The merger with a complementary firm proved advantageous, creating synergies that boosted market share and diversified product offerings."
Advertise,Business\Marketing,Faire de la publicité,Promote,Conceal,"To advertise means to promote or publicize (a product, service, or event) in order to increase sales or public awareness.",B1,The company plans to advertise its new product on social media.,They plan to advertise their new product on social media.,The marketing team launched a targeted advertising campaign across digital and traditional media channels to advertise the new product launch and drive consumer engagement.
Advertisement,Business\Marketing,Publicité,Promotion,Secrecy,"An advertisement is a notice or announcement promoting a product, service, or event.",B1,The advertisement for the new smartphone is very catchy.,The advertisement caught the attention of many potential customers.,"To boost brand awareness and drive sales, the company launched a comprehensive advertisement campaign across multiple platforms, including social media, television, and print media."
Advice,Professional Skills\Customer Relationship Building,Conseil,Guidance,Misguidance,Advice refers to guidance or recommendations offered with regard to prudent action.,B1,Can you give me some advice on how to improve my resume?,She gave me valuable advice on how to improve my resume.,The financial advisor provided invaluable advice to clients on wealth management strategies tailored to their long-term financial goals and risk tolerance.
Advise,Professional Skills\Customer Relationship Building,Conseiller,Recommend,Dissuade,To advise means to offer advice or counsel to someone.,B1,I advise you to take the job offer; it's a great opportunity.,I advise you to read the contract carefully before signing.,"I would advise the team to conduct a comprehensive market research study before finalizing the product launch strategy, as this will provide valuable insights into consumer preferences, competitive dynamics, and potential market challenges, ultimately helping to tailor the strategy for greater success and impact"
Affect,Business\Legal,Affecter,Influence,Unaffected,Affect means to have an influence on or cause a change in something.,B1,The change in policy will affect everyone in the company.,New regulations can affect the way we do business.,The new policy changes are expected to significantly affect employee productivity and overall job satisfaction across the company
Afford,Business\Finance,Se permettre,Manage,Struggle,To afford means to have enough money or resources to pay for something.,B1,I can't afford to go on vacation this year.,We can't afford to make any more mistakes on this project.,"Despite the economic downturn, the company decided to afford the additional expenses to enhance its technological infrastructure and stay competitive in the market."
Affordable,Business\Finance; Industries\Retail,Abordable,Economical,Expensive,Affordable means reasonably priced and within one's financial means.,B1,The rent for the apartment is very affordable.,They offer high-quality products at affordable prices.,"The startup disrupted the market by offering affordable yet stylish office furniture solutions, appealing to small businesses and startups looking to furnish their spaces on a budget."
Agency,Business\Marketing,Agence,Bureau,Client,An agency is a business or organization providing a particular service or representing others.,B1,The travel agency helped us plan our trip.,They hired a marketing agency to boost their online presence.,The advertising agency was tasked with developing a comprehensive marketing campaign to promote the launch of a new line of eco-friendly products.
Agenda,Professional Skills\Meetings Skills; Professional Skills\Project Management,Ordre du jour,Schedule,Disorder,An agenda is a list or plan of items to be discussed or acted upon at a meeting or event.,A2,I'll need to check my agenda to see if I'm available on that date.,The meeting agenda includes a discussion on the budget.,"The board of directors convened to discuss the strategic agenda for the upcoming fiscal year, prioritizing initiatives aimed at sustainable growth and stakeholder value creation."
Agree,Professional Skills\Customer Relationship Building; Business\Legal,Accepter,Consent,Disagree,To agree means to have the same opinion or be in harmony or accord.,A2,he stakeholders agree that the proposed approach is the best way forward.,I agree with your proposal; let's move forward.,"After extensive negotiations, the parties involved finally decided to agree on the terms of the merger, paving the way for regulatory approval and integration planning."
Agreeable,Practical and everyday life\Politeness,Agréable,Pleasant,Unpleasant,Agreeable means pleasant or pleasing in nature or character.,B1,.She's always agreeable to new ideas.,The terms of the contract were agreeable to both parties.,"The proposed partnership terms were agreeable to both parties, fostering a collaborative environment and mutual commitment to achieving shared business objectives."
Agreement,Business\Legal; Professional Skills\Customer Relationship Building,Accord,Contract,Disagreement,Agreement refers to a mutual understanding or arrangement between parties.,B1, We reached an agreement after lengthy negotiations,They finally reached an agreement after weeks of negotiation.,"The shareholders ratified the agreement outlining the terms of the corporate restructuring plan, signaling unanimous support for the strategic realignment./ The collective bargaining agreement reached between the union and management addressed key issues such as wages, benefits, and working conditions, ensuring fairness for employees."
Agricultural,Industries\Real Estate,Agricole,Farming,Urban,"Agricultural relates to the science or practice of farming, including cultivation of the soil for the growing of crops and the rearing of animals.",B1,The region is known for its agricultural products.,The agricultural sector is vital for the country's economy.,The agricultural sector experienced robust growth due to favorable weather conditions and increased demand for organic produce in domestic and international markets.
Aid,Practical and everyday life\Medical expressions/First aid,Aide,Assistance,Hindrance,Aid refers to assistance or support given to those in need.,B1,The government provided aid to the flood victims.,They provided financial aid to help the victims of the disaster.,"The government announced financial aid packages to support small businesses affected by the economic downturn, offering grants and low-interest loans to facilitate recovery."
Aim,Professional Skills\Project Management,Objectif,Goal,Aimlessness,Aim means to intend or direct for a particular purpose or end.,B1, Our aim is to provide excellent customer service. ,Our main aim is to increase customer satisfaction.,The company's strategic aim is to expand its market share in emerging economies by leveraging innovative technologies and forging strategic partnerships.
Airline,Practical and everyday life\Transportation,Compagnie aérienne,Carrier,Passenger,An airline is a company that provides air transport services for passengers or freight.,B1,Which airline are you flying with?,The airline offers several flights to international destinations.,"The airline industry faced unprecedented challenges during the pandemic, prompting carriers to implement stringent health and safety protocols to reassure passengers and restore confidence in air travel."
Aisle,Practical and everyday life\Transportation,Allée,Passage,Blockage,"An aisle is a passageway between rows of seats in a building such as a church, theater, or airplane.",B1, Please keep the aisle clear during the flight. ,Please keep the aisles clear of any obstructions.,The store arranged a special promotion with discounted items in the aisle near the entrance to attract customers and boost sales
Alarm,Practical and everyday life\Medical expressions/First aid,Alarme,Alert,Calm,An alarm is a signal or sound that warns of danger or an emergency.,B1," The fire alarm went off, and we had to evacuate the building.","The fire alarm went off, prompting an evacuation of the building.","The cybersecurity team responded swiftly to a security breach alarm triggered by suspicious activity on the company's network, mitigating potential data loss and protecting sensitive information."
Allow,Professional Skills\Customer Relationship Building; Business\Legal,Permettre,Permit,Forbid,To allow means to let or permit someone to do something.,B1,The rules allow for a certain level of flexibility.,They allow employees to work from home twice a week.,"The flexible work policies  allow employees to telecommute up to three days a week, promoting work-life balance and increasing productivity across the organization."
Alternative,Business\Finance; Professional Skills\Project Management,Alternative,Option,Obligation,Alternative means available as another possibility or choice.,B1,The management team proposed an alternative strategy to cut costs without compromising the quality of our products.,"As an alternative to driving, you can take the bus.",The startup explored alternative funding sources such as venture capital and angel investors to finance its ambitious expansion plans beyond traditional bank loans.
Ambitious,Business\HR,Ambitieux,Aspiring,Content,Ambitious means having or showing a strong desire and determination to succeed.,B1,She's very ambitious and has big plans for her career.,She is very ambitious and aims to become the CEO one day.,The CEO unveiled an ambitious growth strategy aimed at doubling market share within the next five years through aggressive marketing campaigns and product diversification.
Amend,Business\Legal,Modifier,Revise,Retain,To amend means to make minor changes or corrections to improve accuracy or effectiveness.,B1,We'll need to amend the contract before it's finalized.,They agreed to amend the contract after further discussion.,The legal team decided to amend the contract to address the concerns raised by both parties and ensure all terms were clearly defined and agreed upon.
amicable,Professional Skills\Interpersonal Skills,amical,friendly,hostile,Amicable means characterized by friendliness and a lack of hostility.,B1,They reached an amicable agreement after negotiations.,The two companies reached an amicable settlement.,"The negotiations between the two companies were conducted in an amicable manner, resulting in a mutually beneficial agreement that avoided any potential disputes and laid the foundation for a long-term partnership."
Amount,Business\Finance; Practical and everyday life\Numbers and Dates,Montant,Quantity,Insufficiency,Amount refers to the total quantity or number of something.,A2, Can you tell me the exact amount of money we have left?,The total amount due is listed on the invoice.,"The settlement amount agreed upon by both parties in the arbitration process exceeded initial expectations, reflecting the complexity and scope of the dispute./ The CFO reviewed the annual financial statements to ensure accuracy in reporting the substantial amount of revenue generated from international markets."
Amusing,Practical and everyday life\Hobbies and leisure,Amusant,Entertaining,Boring,Amusing means causing laughter or providing entertainment.,B1,The comedian's jokes were amusing and kept the audience entertained.,His presentation was both informative and amusing.,"The marketing campaign's amusing commercials went viral on social media, significantly increasing brand awareness and engagement among millennial consumers."
acute lack of new offices,Business\Real Estate,Un manque aigu de nouveaux bureaux,severe shortage,abundance,An acute lack of new offices refers to a significant shortage of available office space.,C1,"An acute lack of new offices has hindered the company's expansion plans, forcing them to seek temporary solutions.",There is an acute lack of new offices in the downtown area.,"The acute lack of new office spaces in the central business district posed a challenge for expanding companies, necessitating innovative solutions to accommodate growth."
uncertainty on the given figures,Business\Economics,Une incertitude sur les chiffres donnés,doubt,certainty,An uncertainty on the given figures indicates a lack of confidence or clarity about the accuracy of the provided data.,C1,We conducted a thorough analysis of the data.,"There is some uncertainty on the given figures, which need to be verified.","The auditors raised concerns about an uncertainty on the given figures, recommending a thorough analysis to ensure accuracy and compliance with financial standards."
Analysis,Professional Skills\Project Management,Analyse,Examination,Neglect,Analysis refers to a detailed examination or study of something in order to understand its nature or to determine its essential features.,B1,"The city is facing an acute lack of new offices, which is driving up rental prices.",Market analysis is essential before launching a new product.,"The financial analyst conducted a thorough analysis of the company's cash flow projections, identifying opportunities to optimize capital allocation and improve liquidity management."
Analyze,Professional Skills\Project Management,Analyser,Examine,Neglect,"To analyze means to examine methodically and in detail, typically for the purpose of explanation or interpretation.",B1,"There is some uncertainty on the given figures, so we need to analyze our calculations.",We need to analyze the survey results to understand customer preferences.,"The data scientist utilized advanced algorithms to analyze customer behavior patterns from the vast amount of data collected through the company's online platforms, providing actionable insights for targeted marketing strategies."
Announcement,Professional Skills\Meetings Skills; Business\Marketing,Annonce,Declaration,Secrecy,An announcement is a public or formal statement about something important or significant.,B1,The company's announcement about the new product launch excited everyone.,The company will make an announcement regarding the new CEO tomorrow.,"The pharmaceutical company made a strategic announcement regarding its breakthrough in drug development, triggering a surge in its stock price and heightened investor interest in its future prospects."
Annoying,Practical and everyday life\Politeness,Agaçant,Irritating,Pleasing,Annoying means causing irritation or annoyance.,B1,The constant noise from the construction site was very annoying.,The constant interruptions during the meeting were very annoying.,"Persistent network connectivity issues were not only annoying for employees but also disrupted productivity, prompting IT to implement a comprehensive solution to stabilize operations."
Annual,Business\Finance,Annuel,Yearly,One-time,Annual means occurring once every year.,B1,We have an annual meeting every December to discuss our progress.,The annual report will be published next month.,"The company's annual shareholder meeting served as a platform to review financial performance, present future strategies, and address stakeholder concerns and questions."
Anticipate,Professional Skills\Project Management,Anticiper,Foresee,Be surprised,Anticipate means to expect or predict something to happen.,B1,We anticipate a significant increase in sales next quarter.,We anticipate an increase in sales during the holiday season.,"To ensure a smooth product launch, the marketing team worked diligently to anticipate potential customer reactions and market trends, allowing them to adjust their strategy accordingly."
Anxious,Practical and everyday life\Medical expressions/First aid,Anxieux,Worried,Calm,"Anxious means experiencing worry, unease, or nervousness.",B1,She felt anxious before her job interview.,She was anxious about presenting her proposal to the board.,"Investors grew anxious amid speculation of a potential economic downturn, prompting financial advisors to reassess portfolio allocations and mitigate risk exposure."
Apologize,Practical and everyday life\Politeness,S'excuser,Say sorry,Accuse,To apologize means to express regret or say sorry for something that one has done wrong.,A2,I apologize for the mistake in your order.,We apologize for any inconvenience caused by the delay.,"Recognizing the mistake, the manager decided to apologize to the client for the oversight and committed to taking corrective action to prevent similar issues in the future."
Appeal,Business\Legal,Appel,Plea,Refusal,"Appeal refers to a serious or urgent request, typically one made to the public or for political or charitable causes.",B1,The charity made a heartfelt appeal for donations.,The new advertising campaign has a broad appeal.,"The new marketing campaign aimed to appeal to younger demographics through engaging content and influencer partnerships, boosting brand awareness and customer engagement."
Appetizer,Practical and everyday life\Culture,Apéritif,Starter,Main course,An appetizer is a small dish of food or a drink taken before a meal to stimulate one's appetite.,B1,We enjoyed a delicious appetizer before the main course.,We ordered an appetizer before the main course.,"The restaurant introduced innovative appetizer options to its menu, enticing diners and increasing average order value during peak dining hours."
Appliance,Practical and everyday life\Guide,Appareil,Device,Manual labor,"An appliance is a device or machine used for a particular purpose, typically a household task.",B1,The new kitchen appliance made cooking much easier.,The kitchen appliance is on sale this weekend.,"The advanced appliance, designed with the latest energy-saving technology, not only enhances kitchen efficiency but also helps reduce utility costs significantly over time."
Applicant,Business\HR,Candidat,Candidate,Reject,An applicant is a person who applies for a job or is considered for a position or honor.,B1,The applicant was well-qualified for the position.,Each applicant must submit a resume and cover letter.,"After thoroughly reviewing the applicant's qualifications, experience, and references, the hiring team scheduled a series of interviews to assess their fit for the role."
Application,Business\IT,Application,Use,Abandonment,Application refers to the act of putting something into operation or use.,A2,She submitted her application for the scholarship.,Her application for the job was impressive.,"The software company developed a mobile application to streamline inventory management for retail businesses, enhancing operational efficiency and reducing costs."
Apply,Business\HR; Business\IT,Appliquer,Use,Neglect,To apply means to put to use for a particular purpose or to make a formal request for something.,A2,You need to apply for the permit before starting the project.,You should apply for the scholarship before the deadline.,"To thrive in today's competitive market, businesses must continuously apply innovative strategies and cutting-edge technologies to streamline operations, enhance customer satisfaction, and adapt to ever-changing industry trends."
Appointment,Professional Skills\Meetings Skills,Rendez-vous,Meeting,Dismissal,An appointment is a formal arrangement to meet or visit someone at a particular time and place.,A2,They appointed her as the new head of the department.,I have an appointment with the dentist tomorrow.,"The sales team secured a crucial appointment with a prospective client, preparing meticulously to present tailored solutions and secure a lucrative contract."
appraisal,Business\Finance,évaluation,assessment,depreciation,"Appraisal is the act of assessing or evaluating something, especially the value or quality.",B2,I have an appointment with the dentist tomorrow morning.,The annual performance appraisal is scheduled for next month.,"The comprehensive appraisal of the company’s assets, conducted by leading valuation experts, revealed significant untapped potential, which informed the strategic decision to pursue aggressive expansion."
appraise ,Business\Finance,évaluer,evaluate,speculate,To appraise means to assess the value or quality of.,B1,There's been an appreciable improvement in his performance.,They need to appraise the property's value before selling it.,"The HR department will appraise the performance of employees annually, using metrics and feedback to guide promotions and professional development."
Appreciable,Business\Finance,Appréciable,Noticeable,Insignificant,Appreciable means large or significant enough to be noticed or considered.,B1,The performance appraisal is conducted annually.,There was an appreciable improvement in the team's performance.,"The efficiency improvements implemented in the production process resulted in appreciable cost savings and enhanced product quality, boosting overall profitability."
Appreciate,Practical and everyday life\Politeness,Apprécier,Value,Disregard,To appreciate means to recognize the full worth or value of something.,B1,The real estate agent will appraise the house before listing it for sale.,I appreciate your help with this project.,"I truly appreciate your thorough and prompt response to the issue, as well as your proactive efforts to address the concerns. Your dedication to resolving the matter efficiently not only demonstrates your professionalism but also significantly contributes to maintaining our positive working relationship"
Appreciation,Practical and everyday life\Politeness,Appréciation,Gratitude,Disrespect,Appreciation refers to the recognition and enjoyment of the good qualities of someone or something.,B1,I really appreciate all your help with the project.,She received a letter of appreciation for her hard work.,"The annual bonus scheme was designed to show appreciation for exceptional performance, motivating employees to achieve ambitious targets and exceed expectations."
Appreciative,Practical and everyday life\Politeness,Reconnaissant,Grateful,Ungrateful,Appreciative means feeling or showing gratitude or pleasure.,B1,She was very appreciative of the support she received.,The staff was appreciative of the new office equipment.,"Clients were appreciative of the personalized service and attention to detail provided by the boutique law firm, fostering long-term client relationships and referrals."
Apprentice,Business\HR,Apprenti,Trainee,Expert,"An apprentice is a person who is learning a trade from a skilled employer, having agreed to work for a fixed period at low wages.",B1,The company hired an apprentice to learn and gain hands-on experience in the field,He worked as an apprentice before becoming a master craftsman.,"The engineering firm recruited an apprentice to learn specialized skills under experienced mentors, preparing them for future roles within the company."
Approach,Business\Sales (CSR); Professional Skills\Customer Relationship Building,Approche,Method,Retreat,Approach refers to a way of dealing with a situation or problem.,B1,He started as an apprentice and worked his way up to manager.,The new approach to marketing has proven to be very effective.,"The marketing team adopted a data-driven approach to target specific customer segments, optimizing advertising spend and maximizing ROI across digital channels."
Appropriate,Business\Legal; Practical and everyday life\Politeness,Approprié,Suitable,Unsuitable,Appropriate means suitable or proper for a particular situation or purpose.,B1,Our approach to customer service sets us apart from our competitors.,The new software is appropriate for our needs.,"The compliance team conducted a thorough review to ensure the company's practices were appropriate and compliant with evolving regulatory standards, mitigating legal risks and enhancing corporate governance."
appropriation,Business\Finance,appropriation,allocation,misappropriation,"Appropriation is the action of taking something for one's own use, typically without the owner's permission.",B2,Wearing jeans might not be appropriate for a formal event.,The appropriation of funds for the project was approved.,"The board’s appropriation of additional funds for R&D initiatives underscored its commitment to innovation, ensuring that the company remained at the forefront of technological advancements."
approval,Professional Skills\Administrative Skills,approbation,approval,disapproval,Approval is the act of officially agreeing to or accepting something as satisfactory.,B2,The project cannot proceed until we receive final approval from the board,The board gave its approval for the merger.,"Securing regulatory approval for the new pharmaceutical product required exhaustive clinical trials, extensive documentation, and persistent engagement with health authorities to meet stringent compliance standards."
Approve,Business\Legal,Approuver,Agree,Disapprove,To approve means to officially agree to or accept as satisfactory.,B1,The board approved the new project proposal after a thorough review.,The manager will approve the final budget tomorrow.,"After reviewing the detailed proposal and assessing its alignment with company goals, the board decided to approve the new project initiative"
Approximate,Practical and everyday life\Numbers and Dates,Approximatif,Estimated,Exact,"Approximate means close to the actual, but not completely accurate or precise.",B1,The proposal received unanimous approval from the board.,"The approximate cost of the project is $10,000.",The financial analyst provided an approximate valuation of the startup based on industry comparables and projected revenue growth.
Arbitrate,Business\Legal,Arbitrer,Mediate,Argue,To arbitrate means to settle a dispute or argument between two parties by intervention of a third party.,B2,Can you give me an approximate time of arrival?,They decided to arbitrate the dispute instead of going to court.,"The company opted to arbitrate disputes with suppliers to expedite resolution and minimize legal costs, ensuring ongoing supply chain efficiency."
Area,Practical and everyday life\Guide,Zone,Region,Outsideness,"Area refers to a region or part of a town, a country, or the world.",A2,They decided to arbitrate the dispute rather than go to court.,The marketing team will cover a wide area in their campaign.,"The company is strategically expanding its operations into a new area with high growth potential, aiming to tap into an emerging market and enhance its presence across the region."
Argue,Business\Legal; Professional Skills\Story Telling,Argumenter,Debate,Agree,"To argue means to give reasons or cite evidence in support of an idea, action, or theory.",B1,The park covers a large area of land.,They often argue about the best strategies for growth.,"The team started to argue passionately over the most effective strategy for the marketing campaign, with each member presenting detailed analyses and compelling arguments to support their proposed approach, leading to a robust discussion on the best path forward."
Argument,Business\Legal; Professional Skills\Story Telling,Argument,Debate,Agreement,"An argument is a reason or set of reasons given in support of an idea, action, or theory.",B1,"We argue sometimes, but it never lasts long.",The argument over the new policy lasted for hours.,The heated argument between department heads over budget allocations necessitated mediation by senior management to reach a consensus and maintain team cohesion.
Arrange,Professional Skills\Project Management,Organiser,Organize,Disorganize,"To arrange means to put something in a neat, attractive, or required order.",B1,There was a heated argument during the meeting.,They need to arrange a meeting with the investors.,The event coordinator will arrange the seating and decorations to ensure everything is set up perfectly for the conference
Arrangement,Professional Skills\Project Management,Arrangement,Organization,Disorganization,An arrangement refers to the organization or planning of something.,B1,I'll arrange for someone to pick you up from the airport.,The arrangement of the office furniture was efficient.,The seating arrangement for the conference was designed to facilitate networking and engagement among attendees.
asking,Professional Skills\Communication,demander,requesting,refusing,Asking means to say or write something in order to obtain an answer or some information.,A2,We need to make some arrangements for the upcoming event.,The CEO is asking for a detailed report by Friday.,"During the investor meeting, stakeholders were asking pointed questions about the company’s future growth prospects and strategic direction."
Assemble,Professional Skills\Team Building,Assembler,Put together,Disassemble,To assemble means to gather together in one place for a common purpose.,B1,,The workers will assemble the new equipment in the factory.,"The technical team will assemble the complex machinery on-site, carefully following the installation guidelines and performing thorough checks to ensure it is operational and meets all safety standards."
Assess,Professional Skills\Project Management,Évaluer,Evaluate,Neglect,"To assess means to evaluate or estimate the nature, ability, or quality of something.",B1,She was asking about the availability of the product.,They need to assess the value of their assets regularly.,"The financial analyst will assess the company's quarterly performance by reviewing detailed financial statements, analyzing key metrics, and identifying areas for improvement to provide actionable insights for strategic planning"
Assets,Business\Finance,Actifs,Property,Liabilities,"Assets refer to a useful or valuable thing, person, or quality.",B1,We need to assess the situation before making a decision.,The company decided to liquidate some of its assets to raise capital,"The company's tangible assets, including machinery and real estate, were appraised to determine their fair market value for financial reporting purposes."
Assign,Business\HR,Assigner,Allocate,Unassign,To assign means to allocate a task or responsibility to someone.,B1,The company's assets include property and equipment.,Each team member was assigned a specific task.,"The project manager will assign specific tasks to each team member based on their expertise, ensuring that the workload is evenly distributed and that deadlines are met efficiently."
Assume,Professional Skills\Story Telling,Supposer,Presume,Doubt,"To assume means to suppose something to be the case, without proof.",B1,I'll assign someone to help you with the project.,We assume the project will be completed by the deadline.,"The team should not assume that all stakeholders are aware of the changes; instead, they must communicate updates clearly and ensure everyone is informed and on the same page."
Assurance,Business\Legal,Assurance,Confidence,Doubt,Assurance refers to confidence or certainty.,A2,Let's not assume anything until we have all the facts.,The company provided assurance that the job would be done well.,The company's commitment to quality assurance was evident in its meticulous attention to detail and rigorous testing protocols.
Attach,Professional Skills\E-mail Writing,Attacher,Connect,Detach,To attach means to fasten or join one thing to another.,A2,Please attach your resume to the job application.,Please attach the file to your email.,"The sales contract required both parties to attach supporting documentation, such as product specifications and delivery schedules, to ensure clarity and enforceability of terms."
Attachment,Professional Skills\E-mail Writing,Pièce jointe,Addition,Removal,An attachment is an extra part or extension that is attached to something.,B1,The manager gave her assurance that the issue would be resolved promptly.,The attachment is too large to send via email.,"The email to the client included an attachment with the detailed project proposal, outlining timelines, costs, and deliverables."
Attend,Professional Skills\Meetings Skills/Events ,Assister,Be present,Skip,To attend means to be present at an event or participate in a meeting.,B1,The email included an attachment with the meeting agenda.,She will attend the conference next week.,"In an effort to attend to the multifarious needs of their diverse clientele, the consultancy firm orchestrated a series of bespoke seminars and workshops, meticulously designed to elucidate the intricacies of emerging market trends and foster strategic innovation among industry leaders."
Attendance,Professional Skills\Meetings Skills,Présence,Presence,Absence,Attendance refers to the action or state of being present at a place or event.,B1,,Attendance at the training session is mandatory.,"The CEO emphasized that attendance at the annual shareholder meeting was crucial, as key strategic decisions, including the approval of the merger, depended on the quorum and active participation of the stakeholders."
Attentively,Professional Skills\Customer Relationship Building,Attentivement,Carefully,Carelessly,Attentively means in a way that shows a careful and attentive attitude.,B2,She listened attentively to the speaker's presentation.,The team listened attentively to the presentation.,"The team listened attentively during the training session on new software tools, ensuring they understood how to utilize the features to enhance productivity."
Attract,Business\Marketing,Attirer,Appeal,Repel,To attract means to draw interest or attention.,A2,The new marketing campaign is designed to attract younger customers.,The new product is designed to attract a younger audience.,"The company's innovative perks and benefits package helped attract top talent in a competitive job market, fostering a culture of excellence and innovation."
Audience,Professional Skills\Story Telling,Public,Spectators,Performers,Audience refers to the group of people gathered to watch or listen to a performance or event.,B1,The speaker captivated the audience with his PITCH,The audience applauded at the end of the speech.,"The CEO's keynote speech captivated the audience at the industry expo, highlighting the company's latest technological advancements and future plans."
Audit,Business\Finance,Audit,Examination,Approval,An audit is an official inspection of an individual's or organization's accounts.,B1,The company undergoes an annual audit to ensure compliance.,The company will conduct an audit of its financial records.,"The internal audit revealed discrepancies in the financial records, prompting a thorough investigation to rectify errors and enhance accounting practices."
Authority,Business\Legal,Autorité,Power,Subordinate,"Authority refers to the power or right to give orders, make decisions, and enforce obedience.",B1,The police have the authority to enforce the law.,The manager has the authority to make hiring decisions.,"The regulatory authority imposed new compliance standards, requiring businesses to adapt their operations to meet the updated legal requirements."
Authorize,Business\Legal,Autoriser,Permit,Forbid,To authorize means to give official permission for or approval to do something.,B1,I need to authorize the payment before it can be processed.,The CEO needs to authorize the expense before proceeding.,The supervisor will authorize the budget increase once the revised proposal is reviewed and approved by the finance department.
Availability,Professional Skills\Project Management,Disponibilité,Accessibility,Unavailability,Availability refers to the quality of being ready for use or able to be obtained.,B1,"The availability of tickets is limited, so book early.",Check the availability of the meeting room for tomorrow.,"The availability of raw materials became a critical issue due to supply chain disruptions, forcing the company to seek alternative suppliers to maintain production levels."
Available,Professional Skills\Project Management,Disponible,Accessible,Unavailable,Available means able to be used or obtained; at someone's disposal.,B1,Is this item available in other colors?,The new product will be available next month.,"The new software update will be available for download next week, offering enhanced features and improved security protocols for users."
Avoid,Professional Skills\Project Management,Éviter,Dodge,Confront,To avoid means to stay away from or prevent something.,A2,Try to avoid making unnecessary noise during the presentation.,Employees should avoid using their phones during meetings.,"The company implemented robust compliance measures to avoid regulatory fines and reputational damage, prioritizing ethical conduct and corporate responsibility."
Awareness,Practical and everyday life\Medical expressions/First aid,Conscience,Consciousness,Ignorance,Awareness refers to the knowledge or perception of a situation or fact.,B1,The campaign aimed to raise awareness about environmental issues among the audience.,Awareness of the company's policies is important for all staff.,"The marketing campaign aimed to raise awareness about the environmental impact of plastic waste, encouraging consumers to adopt sustainable practices."
Awkward,Practical and everyday life\Politeness,Maladroit,Clumsy,Graceful,Awkward means causing or feeling embarrassment or inconvenience.,B1,"It was an awkward situation, and nobody knew what to say.",The silence during the meeting was awkward.,"The negotiation process was initially awkward due to cultural differences, but mutual respect and open communication eventually led to a successful agreement."
Background,Professional Skills\Story Telling,Arrière-plan,Contexte,Foreground,Background refers to the area or scenery behind the main object of contemplation.,A2,What's your background in marketing?,He has a strong background in finance.,The candidate's extensive background in international finance made her the ideal choice for the position of Chief Financial Officer at the global corporation.
Backpack,Practical and everyday life\Transportation,Sac à dos,Rucksack,Suitcase,A backpack is a bag with shoulder straps that allow it to be carried on one's back.,A2,Don't forget to pack your backpack for the trip.,She packed her laptop in her backpack.,The new product line of ergonomic backpack was designed to appeal to young professionals seeking stylish and practical solutions for daily commutes.
Baggage claim,Practical and everyday life\Transportation,Livraison des bagages,Baggage pickup,Baggage check,Baggage claim is the area in an airport where passengers collect their luggage after a flight.,B1,You can collect your luggage at the baggage claim area.,Pick up your luggage at the baggage claim area.,"The frequent flyer program offered expedited baggage claim services, enhancing the travel experience for premium customers."
Balance,Business\Finance; Practical and everyday life\Numbers and Dates,Équilibre,Harmony,Imbalance,Balance refers to a state of equilibrium or stability.,B1,It's important to maintain a balance between work and personal life.,We need to balance the budget by the end of the month.,"The key challenge for the management team is to balance short-term profitability with long-term sustainability, ensuring steady growth while maintaining investor confidence."
Balance sheet,Business\Finance,Bilan comptable,Statement of financial position,-,"A balance sheet is a financial document summarizing an organization’s assets, liabilities, and equity at a specific point in time.",B2,"The company published its annual balance sheet, showing its financial assets and liabilities",The balance sheet shows the company's financial position.,"The company's balance sheet revealed significant growth in assets over the past fiscal year, indicating a robust financial position poised for further expansion"
Bank,Business\Finance,Banque,Banker,Borrower,A bank is a financial institution that accepts deposits from the public and creates credit.,A1,The bank approved the loan application after a thorough review of the applicant’s financial history.,He went to the bank to deposit the check.,The multinational bank launched a series of digital transformation initiatives to streamline operations and enhance customer service across all touchpoints.
Bankruptcy,Business\Finance,Faillite,Insolvent,Solvent,Bankruptcy refers to a person or organization that has been declared in law as unable to pay their debts.,B1,The company declared bankruptcy last year.,The company filed for bankruptcy after failing to recover from losses.,The once-thriving retail chain filed for bankruptcy after a series of poor financial decisions and inability to adapt to the changing market landscape.
bar,Business\Retail,barre,obstacle,opening,"A bar is a long rigid piece of wood, metal, or similar material, typically used as a barrier or for support.",B2,The barcode on the product makes it easy to scan at checkout.,There is a bar near the office where employees often go for drinks.,"The new industry regulations set a high bar for compliance, requiring companies to implement more rigorous internal controls and transparency measures."
Barcode,Industries\Retail,Code-barres,Barcode reader,Plain text,A barcode is a machine-readable code in the form of numbers and a pattern of parallel lines.,A2,She held onto the bar to support herself during the exercise.,Scan the barcode to get product information.,"The new inventory management system uses advanced barcode scanning technology to track product movement in real-time, significantly reducing errors and improving efficiency."
Bargain,Industries\Retail,Marchander,Haggle,Fixed price,A bargain is an agreement between two parties concerning the sale of property at a lower price.,B1,I managed to find a bargain at the flea market.,They found a great bargain at the office supply store.,"The procurement team managed to bargain effectively with suppliers, securing high-quality raw materials at a reduced cost and improving the company's profit margins."
Basic,Practical and everyday life\Guide,Basique,Fundamental,Advanced,Basic means forming an essential foundation or starting point; fundamental.,A2,The course covers all the basic principles of accounting.,We need to focus on the basic elements of the project.,"The training program covers basic sales techniques and customer service skills, ensuring that new employees are well-prepared to engage with clients and meet their needs."
Beat off,Business\Sales (CSR),Repousser,Defeat,Lose,To beat off means to defeat or ward off an opponent or threat.,B1,The team managed to beat off their competitors and win the championship.,The competitors tried to beat off our new campaign.,"The company managed to beat off several competitors to win the lucrative government contract, thanks to its innovative approach and competitive pricing."
Behave,Practical and everyday life\Politeness,Se comporter,Conduct,Misbehave,"To behave means to act or conduct oneself in a specified way, especially in public or formal situations.",B1,The children were told to behave during the school trip.,Employees are expected to behave professionally at all times.,"Employees are expected to behave professionally at all times, adhering to the company's code of conduct to foster a respectful and productive work environment."
Belongings,Practical and everyday life\Guide,Affaires,Possessions,Emptiness,Belongings are the things that belong to someone; possessions.,B1,Don't forget to collect all your belongings before you leave the hotel.,Keep an eye on your belongings while traveling.,"The company provided lockers for employees to securely store their personal belongings during working hours, promoting a clutter-free workspace."
Beneficial,Business\Finance,Bénéfique,Advantageous,Harmful,Beneficial means favorable or advantageous; resulting in good.,B1,Regular exercise is beneficial for both physical and mental health.,Regular exercise is beneficial for your health.,"The strategic alliance with the tech firm proved beneficial for both parties, combining expertise to innovate and capture new market segments."
Benefit,Business\Finance,Avantage,Advantage,Disadvantage,A benefit is an advantage or profit gained from something.,B1,The new software update is designed to benefit users by improving system performance and enhancing overall security.,The company offers a good benefits package.,"The new software update is designed to benefit users by significantly improving system performance, providing enhanced security features, and offering a more intuitive user interface, ultimately leading to increased productivity and a smoother overall experience."
Beverage,Practical and everyday life\Culture,Boisson,Drink,Solid food,A beverage is a drink other than water.,B1,Would you like a hot or cold beverage with your meal?,The waiter brought our beverages quickly.,"The food and beverage industry has seen a shift towards healthier options, prompting companies to innovate and cater to evolving consumer preferences."
Bid,Business\Finance; Business\Sales (CSR),Offre,Offer,Refusal,A bid is an offer to pay a particular amount of money for something.,B1,The company placed a bid for the construction project.,They placed a bid on the new project.,"The construction firm submitted a competitive bid for the government contract, highlighting its experience and cost-effective solutions to win the project."
Bill,Business\Finance; Industries\Retail,Facture,Invoice,Payment,A bill is a written or printed statement of money owed for goods or services.,B1,Can you please pay the electricity bill this month?,Please review the bill before paying.,"The finance department issued the monthly utility bill to all departments, ensuring timely payments and accurate budget tracking."
Binder,Practical and everyday life\Guide,Classeur,Folder,Loose papers,A binder is a cover for holding sheets of paper together in a file.,B1,The documents are organized neatly in the binder.,I need a binder to organize these documents.,"The project manager organized all critical documents in a binder, making it easy to reference important information during team meetings and client presentations."
Blanket,Practical and everyday life\Guide,Couverture,Covering,Exposed,A blanket is a large piece of cloth used as a covering for warmth or as a bed covering.,B1,She covered herself with a warm blanket while watching TV.,They provided a blanket for the overnight flight.,The new policy implemented a blanket ban on personal social media use during work hours to enhance productivity and focus among employees.
Block,Professional Skills\Project Management,Bloquer,Obstruct,Allow,To block means to obstruct or close off a passage or opening.,B1,"There's a roadblock ahead, so we'll need to find an alternative route.",We need to block out some time for the meeting.,"A major cyber attack threatened to block access to the company's servers, prompting the IT department to deploy advanced security measures to protect sensitive data."
Board,Professional Skills\Meetings Skills,Embarquer,Climb aboard,Disembark,"To board means to get on or into a ship, aircraft, or other vehicle.",B1,The passengers are now boarding the plane.,Board members need to arrive at the boardroom by 9 AM.,The board of directors convened an emergency meeting to discuss the unexpected decline in quarterly earnings and strategize on potential recovery plans.
Boarding pass,Practical and everyday life\Transportation,Carte d'embarquement,Ticket,Check-in,"A boarding pass is a document provided by an airline during check-in, giving a passenger permission to board the airplane.",B1,Don't forget to bring your boarding pass to the airport.,Don't forget your boarding pass before going through security.,"The airline introduced a digital boarding pass system that allows passengers to check in via their smartphones, reducing wait times and streamlining the boarding process."
Boardroom,Professional Skills\Meetings Skills,Salle de réunion,Meeting room,Restroom,"A boardroom is a room in which a group of people meets, especially for formal discussions.",B1,The meeting will take place in the boardroom on the top floor.,The meeting will be held in the boardroom on the top floor.,"The newly renovated boardroom features state-of-the-art audiovisual equipment, providing an ideal setting for high-level executive meetings and presentations."
Boast,Practical and everyday life\Politeness,Se vanter,Brag,Humble,"To boast means to talk with excessive pride and self-satisfaction about one's achievements, possessions, or abilities.",B1,He likes to boast about his accomplishments.,The company boasts a strong track record in innovation.,"The startups boast a diverse team of industry experts and a unique business model, positioning itself as a leader in the competitive tech landscape."
Book,Practical and everyday life\Guide; Professional Skills\Meetings Skills,Réserver,Reserve,Cancel,"To book means to arrange or reserve (accommodation, a ticket, a place, etc.) in advance.",A1,I'll book a table for two at the restaurant for tonight.,They decided to book a conference room for the meeting.,The company's travel policy requires employees to book flights at least two weeks in advance to take advantage of lower fares and reduce travel expenses.
Booking,Practical and everyday life\Guide; Professional Skills\Meetings Skills,Réserver,Reserve,Cancel,"A book or booking is a reservation made for a service or facility, such as a hotel room or flight.",B2,booking a hotel room in advance is important to ensure safety ,The booking for the hotel was confirmed.,The team made the booking for the conference room well in advance to ensure that the space was available for their important client meeting
Boost,Business\Marketing; Business\Sales (CSR),Augmenter,Increase,Decrease,To boost means to help or encourage (something) to increase or improve.,B1,The new marketing strategy helped boost sales.,The new marketing campaign aims to boost sales.,The marketing campaign aims to boost brand awareness and drive sales by utilizing targeted advertisements and engaging social media content
Bored,Practical and everyday life\Hobbies and leisure,Ennuyé,Uninterested,Engaged,Bored means feeling weary because one is unoccupied or lacks interest in one's current activity.,A2,I'm feeling bored; let's do something fun.,He felt bored during the long meeting.,"The long-winded and unstructured presentation left many attendees bored and disengaged, highlighting the need for more dynamic and interactive communication methods."
Borrow,Business\Finance,Emprunter,Loan,repay,"To borrow means to take something, especially money, temporarily with the intention of returning it.",B1,I had to borrow some money from my friend to pay for the repairs.,You can borrow my pen if you need to.,"The company strategically leverages its strong market position and robust financial standing to borrow capital at favorable rates, enabling aggressive expansion into new markets and continuous innovation in product development."
Bother,Practical and everyday life\Politeness,Déranger,Annoy,Comfort,To bother means to take the trouble to do something.,B1,Don't bother about the dishes; I'll take care of them.,Don't bother the manager with minor issues.,"The manager didn't want to bother the team with trivial matters, focusing instead on addressing the critical issues affecting the project's progress."
Bottom line,Business\Finance,Résultat net,Conclusion,Open-ended,Bottom line refers to the final total of a financial statement.,B1,The bottom line is that we need to increase our revenue.,The bottom line is that we need to increase profits.,"Implementing cost-saving measures and optimizing operational efficiencies significantly improved the company's bottom line, leading to higher profits."
Branch,Business\Finance; Business\Sales (CSR),Succursale,Subsidiary,Head office,A branch is a local office or business belonging to a larger organization.,B1,The company plans to open a new branch in the city center.,The bank has a branch on Main Street.,The company plans to open a new branch in the downtown area to cater to the growing demand for its services and expand its customer base.
Branch out,Business\Finance,Diversifier,Expand,Narrow down,To branch out means to diversify or extend into new areas.,B2,The company plans to branch out into new markets next year.,They plan to branch out into new markets next year.,"The successful expansion into international markets allowed the company to branch out from its domestic stronghold, diversifying revenue streams and mitigating risk"
Brand,Business\Marketing,Marque,Trademark,Generic,A brand is a type of product manufactured by a particular company under a particular name.,A2,Nike is a well-known brand for sports apparel.,The brand is well-known for its quality products.,"The company invested in a comprehensive rebranding initiative to refresh its image, align its messaging with current market trends, and strengthen its brand presence in the competitive landscape."
Break down,Business\IT,Décortiquer / Tomber en panne,Analyze,Combine,To break down means to analyze or disintegrate. It can also refer to a mechanical failure.,B1,Can you break down the costs for me?,The car broke down on the way to the meeting.,The financial analyst's ability to break down complex financial data into actionable insights enabled informed decision-making by the executive team.
Break into,Business\Marketing,S’introduire par effraction,Intrude,Exit,To break into means to forcibly enter a place.,B1,It's difficult to break into the competitive fashion industry.,They plan to break into the European market next year.,"The startup's disruptive technology enabled it to break into established markets, disrupting incumbents and capturing market share with its innovative solutions."
Briefcase,Practical and everyday life\Guide,Porte-documents,Case,Bag,"A briefcase is a flat, rectangular container, typically made of leather, for carrying documents.",A2,He carries all his important documents in a leather briefcase.,He carried his documents in a sleek briefcase.,"The executive always carried a sleek leather briefcase to important meetings, containing all necessary documents and a laptop for presentations."
Briefing,Professional Skills\Meetings Skills,Réunion d'information,Debriefing,Misinformation,A briefing is an act of giving someone detailed instructions or information.,B1,The manager gave us a briefing on the new project.,The team received a briefing before the project started.,"The morning briefing covered the day's key objectives, ensuring that all team members were aligned and informed about their tasks and deadlines."
Bring forward,Professional Skills\Meetings Skills; Professional Skills\Project Management,Avancer,Advance,Postpone,To bring forward means to move something to an earlier time or date.,B1,Let's bring forward the meeting to accommodate everyone's schedule.,We decided to bring forward the meeting to earlier in the week.,"The project manager proposed to bring forward the deadline for the product launch, necessitating accelerated development and marketing efforts to capitalize on market opportunities ahead of competitors."
Bring out,Business\Marketing,Mettre en avant / Révéler,Highlight,Conceal,To bring out means to reveal or emphasize something.,B1,The new recipe book will bring out the chef in everyone.,The new CEO plans to bring out several new products.,"The marketing campaign's creative messaging and captivating visuals bring out the unique value proposition of the company's product, driving customer engagement and brand loyalty"
Bring up,Professional Skills\Meetings Skills; Professional Skills\Project Management,Évoquer,Raise,Lower,To bring up means to introduce a topic or subject for discussion.,B1,I need to bring up an important issue during the staff meeting.,Please bring up the issue at the next meeting.,"During the meeting, Jane decided to bring up the issue of the delayed project timeline to ensure that everyone was aware of the potential impact on the overall schedule"
Broadcast,Professional Skills\Story Telling,Diffuser,Air,Record,To broadcast means to transmit (a program or some information) by radio or television.,B1,The news was broadcast live on television.,They broadcast the announcement live on TV.,"The CEO's annual address was broadcast live to all employees worldwide, providing updates on company performance and future plans."
Broaden,Professional Skills\Project Management,Élargir,Expand,Narrow,To broaden means to become larger in distance from side to side; widen.,B1,Traveling can broaden your horizons and open your mind to new cultures.,We need to broaden our customer base.,"The company seeks to broaden its product range to include eco-friendly options, tapping into the growing market for sustainable goods."
Browser,Business\IT,Navigateur,Web browser,App,A browser is a program used to view HTML documents on the internet.,B1,Which internet browser do you prefer to use?,She used a browser to search for information online.,"The IT department recommended using a secure browser to access company portals, enhancing cybersecurity and protecting sensitive information."
Brush,Practical and everyday life\Guide,Brosse,Comb,Untidy,"A brush is a tool with bristles or other filaments used for cleaning, grooming, or painting.",B1,She brushed her hair before leaving the house.,I keep a brush in my desk for quick touch-ups.,"The marketing team decided to brush up on their social media strategies, taking a workshop on the latest digital marketing trends to stay competitive."
Budget,Business\Finance,Budget,Finances,Overspend,A budget is an estimate of income and expenditure for a set period of time.,B1,We need to adjust our budget to handle the buildup of maintenance costs.,The marketing team is working within a tight budget.,The financial analyst proposed a comprehensive budget plan that allocates funds towards innovation while maintaining cost control across departments.
Build up,Business\Finance,Construire / Développer,Develop,Dismantle,To build up means to develop or strengthen something.,A2,The company set a budget for the buildup of new office supplies.,We need to build up our social media presence.,"The project manager allocated a significant portion of the budget to the marketing campaign, anticipating a substantial build up of customer interest ahead of the product launch."
Bulletin,Professional Skills\Story Telling,Bulletin,Newsletter,Individual,A bulletin is a brief official statement or broadcast summary of news.,A2,The company sends out a weekly bulletin to all employees.,The company issued a bulletin to announce the new policy.,"The company bulletin featured the latest updates on corporate policies, upcoming events, and achievements, keeping all employees informed and engaged."
Burn out,Business\HR,Épuisement professionnel,Exhaustion,Energy,Burn out refers to extreme fatigue caused by work-related stress.,B1,Working long hours without breaks can cause employees to burn out quickly.,Working long hours can lead to burnout.,"Companies that fail to address employee well-being risk seeing their workforce burn out, leading to decreased productivity and increased turnover rates"
Bust,Business\Finance,Faire faillite,Insolvent,Solvent,Bankrupt means that a company or individual cannot repay their debts.,B1,"After several years of financial struggles, the company finally went bankrupt. / The police raided the illegal gambling den and busted the operation.",The startup went bust after only six months.,The unexpected market downturn could bust the company's growth projections for the year.
Buy out,Business\Finance,Racheter,Acquire,Sell,To buy out means to acquire all or a significant portion of a company by purchasing its shares.,B1,The larger company decided to buy out its smaller competitor to expand its market share.,They decided to buy out their competitor.,"After months of negotiations, the multinational corporation successfully executed a buy out of its smaller competitor, thereby expanding its market share and consolidating its industry position."
Cabin crew,Practical and everyday life\Transportation,Personnel de cabine,Flight attendant,Passengers,Cabin crew refers to the staff working on board an aircraft.,B1,The cabin crew will assist you with any questions during the flight.,The cabin crew ensured all passengers were comfortable.,The airline's cabin crew underwent extensive training to ensure they could handle any in-flight emergencies and provide exceptional customer service.
Cafeteria,Practical and everyday life\Guide,Cafétéria,Canteen,Fine dining,A cafeteria is a restaurant where customers serve themselves from a counter and pay before eating.,A1,The office cafeteria serves a variety of meals for lunch.,The cafeteria serves lunch from 11:30 AM to 2 PM.,The new company cafeteria offers a variety of healthy meal options to promote employee wellness and improve overall workplace satisfaction.
Calculate,Business\Finance; Practical and everyday life\Numbers and Dates,Calculer,Compute,Guess,To calculate means to determine (the amount or number of something) mathematically.,B1,Let me calculate how much we'll need for the trip.,We need to calculate the total cost of the project.,The project manager needed to calculate the potential ROI of the new initiative to justify the proposed investment to the senior leadership team.
Calculation,Business\Finance; Practical and everyday life\Numbers and Dates,Calcul,Computation,Estimate,A calculation is the process of determining something by mathematical or logical methods.,B1,The calculation shows that we're still within budget.,The calculation of the budget was straightforward.,Accurate calculation of production costs is essential to setting competitive prices while ensuring profitability in a highly competitive market.
Calculator,Practical and everyday life\Guide,Calculatrice,Computer,Abacus,A calculator is a small electronic device used for performing calculations.,B1,Do you have a calculator I can borrow for the exam?,I always keep a calculator on my desk.,The financial department relies on advanced calculator and software tools to analyze data and forecast future economic trends.
Call off,Professional Skills\Meetings Skills,Annuler,Cancel,Proceed,To call off means to cancel or abandon a planned event or activity.,B1,"Due to the weather, we have to call off the outdoor event.",They had to call off the meeting due to bad weather.,"Due to unforeseen logistical challenges and supply chain disruptions, the multinational corporation was forced to call off its highly anticipated merger with a strategic partner, citing insurmountable integration hurdles"
Campaign,Business\Marketing,Campagne,Crusade,Retreat,A campaign is a series of military operations intended to achieve a particular objective.,B1,The charity launched a fundraising campaign to build a new school.,The new advertising campaign starts next week.,The marketing team launched a nationwide advertising campaign to boost brand recognition and drive sales during the holiday season.
Cancel,Business\Legal,Annuler,Call off,Proceed,To cancel means to decide or announce that (a planned event) will not take place.,B1,I need to cancel my subscription to the magazine.,The event was canceled due to unforeseen circumstances.,"Due to unforeseen circumstances, the company had to cancel the annual conference, disappointing many employees who were looking forward to the event."
Cancellation,Business\Legal,Annulation,Calling off,Confirmation,A cancellation is the action of canceling something that has been arranged or planned.,B1,The cancellation of the event disappointed many attendees.,The sudden cancellation of the meeting caught everyone by surprise.,The sudden cancellation of the project led to a reassessment of resource allocation and a strategic pivot to more promising opportunities.
Candidacy,Business\HR/Recruitment,Candidature,Nomination,Disqualification,Candidacy refers to the position of being a candidate for an elected office.,B1,His candidacy for the presidency was announced last week.,She submitted her candidacy for the open position.,Her strong leadership skills and extensive industry experience made her candidacy for the position of Chief Marketing Officer highly compelling.
Candidate,Business\HR,Candidat,Nominee,Opponent,A candidate is a person who applies for a job or is nominated for election.,A2,There are several candidates running for mayor in the upcoming election.,Each candidate will be interviewed next week.,"The recruitment team shortlisted the most qualified candidate for the role, emphasizing the importance of a thorough vetting process to ensure the best fit for the company's culture and needs."
candidates,Business\Recruitment,candidats,nominees,non-nominees,Candidates are people who are competing for a position or honor.,A2,Several candidates have emerged as potential successors to the CEO.,The HR department will review all candidates' applications.,"The selection committee meticulously shortlisted three candidates for the final round of interviews, each bringing a unique blend of skills, experience, and innovative ideas to the table."
candidature,Business\Recruitment,candidature,nomination,withdrawal,Candidature is the state of being a candidate.,A2,Her candidature for the position was well-received by the selection committee.,He announced his candidature for the board of directors.,"His candidature was strongly endorsed by multiple senior executives, who recognized his exceptional potential to drive the company forward through visionary leadership and strategic foresight."
Capacity,Professional Skills\Project Management,Capacité,Volume,Limit,Capacity refers to the maximum amount that something can contain or produce.,A2,The venue has a capacity of 500 people.,The venue has a capacity of 300 people.,"The manufacturing plant is currently operating at full capacity, necessitating the expansion of facilities to meet increasing demand for the product."
Capital,Business\Finance,Capitale,Principal,Debt,Capital refers to the most important city or town of a country or region.,A1,London is the capital city of England.,The company secured capital from investors to fund its new project.,"The startup successfully raised capital through a series of venture funding rounds, enabling rapid growth and product development."
Career,Business\HR,Carrière,Profession,Hobby,A career is an occupation undertaken for a significant period of a person's life and with opportunities for progress.,A1,She's had a successful career in finance.,She is looking to advance her career in the finance industry.,"The company offers comprehensive career development programs, including mentorship and advanced training, to help employees achieve their professional goals."
Careless,Business\HR,Imprudent,Negligent,Careful,Careless means not giving sufficient attention or thought to avoiding harm or errors.,A2,Don't be careless with the company's confidential information.,careless mistake led to a significant delay in the project.,"A careless mistake in the financial report resulted in significant discrepancies, highlighting the need for meticulous attention to detail in accounting practices."
Carry out,Professional Skills\Project Management; Business\Supply Chain,Effectuer,Perform,Neglect,To carry out means to perform or accomplish a task or action.,B1,We need to carry out a thorough investigation before reaching any conclusions., The team will carry out the plan as outlined in the proposal.,"The project manager meticulously planned each phase, ensuring the team could carry out their tasks efficiently and meet the tight deadline."
Cash,Business\Finance,Argent liquide,Money,Credit,"Cash refers to money in coins or notes, as distinct from checks, money orders, or credit.",A2,I'll need to withdraw some cash from the ATM., The store only accepts cash for small purchases.,"Maintaining a healthy cash flow is crucial for the company's day-to-day operations, ensuring liquidity and the ability to meet short-term obligations."
Cashier,Industries\Retail,Caissier,Teller,Customer,"A cashier is a person handling payments and receipts in a store, bank, or other business.",A2,The cashier rang up my groceries at the supermarket., The cashier handled the transactions smoothly during the busy hours.,"The new cashier system was implemented to streamline the checkout process, reducing wait times and improving the overall customer experience."
Catch on,Business\Marketing,Comprendre / Saisir,Grasp,Miss,To catch on means to understand or become popular.,B1,The new trend seems to be catching on quickly.," It took a while, but the new trend eventually caught on with consumers.","Despite initial skepticism, the innovative marketing campaign eventually managed to catch on, gaining widespread traction and reshaping consumer preferences in the market"
Cause,Professional Skills\Project Management,Cause,Reason,Result,"A cause is a person or thing that gives rise to an action, phenomenon, or condition.",A1,The heavy rainfall was the cause of the flooding.,The main cause of the delay was a shortage of materials.,"The marketing team identified the cause of the recent decline in sales, attributing it to increased competition and changing consumer preferences."
Cautious,Practical and everyday life\Politeness,Prudent,Wary,Reckless,Cautious means careful to avoid potential problems or dangers.,B1,He's very cautious when it comes to making decisions.,He was cautious about investing in the new startup without thorough research.,"The board adopted a cautious approach to expansion, prioritizing thorough market research and risk assessment before entering new markets."
Celebrate,Events\Birthdays; Practical and everyday life\Culture,Célébrer,Commemorate,Mourn,To celebrate means to acknowledge (a significant or happy day or event) with a social gathering or enjoyable activity.,B1,We're going out to celebrate my sister's birthday tonight., The team will celebrate their success with a party at the end of the month.,"The company decided to celebrate its 25th anniversary with a grand gala, inviting all employees and key stakeholders to commemorate its achievements."
Celebration,Events\Birthdays; Practical and everyday life\Culture,Célébration,Festivity,Mourning,"A celebration is the action of marking one's pleasure at an important event or occasion by engaging in enjoyable, typically social, activity.",A2,The town holds an annual celebration to mark its founding.," The annual celebration was a huge success, with everyone enjoying the festivities.","The annual holiday celebration was a great opportunity for employees to unwind, network with colleagues from different departments, and reflect on the year's successes."
Cell phone,Practical and everyday life\Guide,Téléphone portable,Mobile phone,Landline,A cell phone is a portable telephone that can make and receive calls over a radio frequency link while the user is moving within a telephone service area.,A2,Please remember to turn off your cell phone during the meeting.,Please turn off your cell phone during the meeting.,The new policy restricts cell phone use during meetings to ensure that all participants remain focused and engaged in the discussion.
Certificate,Professional Skills\Project Management,Certificat,Diploma,Failure,"A certificate is an official document attesting to a fact, qualification, or promise.",A2,She received a certificate of achievement for her outstanding performance.,She received a certificate upon completing the professional development course.,"Upon completion of the leadership training program, participants received a certificate that recognized their commitment to professional development and enhanced managerial skills."
Certification,Professional Skills\Project Management,Certification,Qualification,Disqualification,Certification refers to the action or process of providing someone or something with an official document attesting to a status or level of achievement.,A2,The course offers certification in project management.,Obtaining certification in project management will enhance your qualifications.,"Obtaining ISO certification has significantly improved the company's credibility and customer trust, demonstrating adherence to international quality standards."
Chain,Industries\Retail,Chaîne,Series,Independence,A chain is a connected flexible series of metal links used for fastening or securing objects and pulling or supporting loads.,B1,The company operates a chain of restaurants across the country.,The restaurant chain has locations across the country.,The supply chain disruptions caused by the global pandemic prompted the company to reassess its logistics and inventory strategies to ensure resilience and reliability.
Chain store,Industries\Retail,Magasin en chaîne,Retail chain,Independent store,A chain store is a retail outlet that is one of a group owned and operated by a single organization.,B1,Walmart is a well-known chain store., The chain store offers a variety of products at competitive prices.,The retail chain store introduced a new loyalty program to attract repeat customers and increase overall sales across its multiple locations.
Chair,Professional Skills\Meetings Skills,Chaise,Seat,Stand,"A chair is a separate seat for one person, typically with a back and four legs.",A2,Please take a seat in the chair next to mine., The chair of the meeting called everyone to order.,The CEO will chair the upcoming board meeting to discuss the new strategic initiatives and ensure all key decisions are made efficiently.
Chairman,Professional Skills\Meetings Skills; Business\HR,Président,Chair,Member,A chairman is a person in charge of a meeting or organization.,B1,The chairman of the board will lead the meeting., The chairman of the board will address the shareholders at the annual meeting.,"The chairman of the board delivered an inspiring speech at the shareholders' meeting, outlining the company's strategic vision and future growth plans."
Chairperson,Professional Skills\Meetings Skills; Business\HR,Président,Chair,Member,"A chairperson is a person who presides over a meeting, committee, or debate.",B1,The chairperson will introduce the guest speaker.,The chairperson ensured that all members had the opportunity to speak.,"The chairperson called the meeting to order, ensuring that the agenda was followed and that all key issues were discussed thoroughly."
Characteristic,Professional Skills\Story Telling,Caractéristique,Trait,Uncharacteristic,"A characteristic is a feature or quality belonging typically to a person, place, or thing and serving to identify it.",B1,One characteristic of successful entrepreneurs is resilience.,Punctuality is a key characteristic of a successful employee.,"Innovation is a key characteristic of our company culture, driving continuous improvement and creative solutions in product development."
Characterize,Professional Skills\Story Telling,Caractériser,Describe,Misidentify,To characterize means to describe the distinctive nature or features of.,B1,The report will characterize the market trends by highlighting key growth areas and emerging opportunities,The report characterizes the company as innovative and forward-thinking.,"The study aims to characterize the key traits of successful entrepreneurs, focusing on qualities such as resilience, adaptability, and innovation."
Charge,Business\Finance,Charger,Load,Discharge,To charge means to demand (an amount) as a price from someone for a service rendered or goods supplied.,B1,What's the charge for using the gym facilities?,There will be an additional charge for expedited shipping.,"The hotel applies a nightly charge for valet parking services, which is added to the guest's final bill upon check-out."
Charity,Practical and everyday life\Culture,Charité,Philanthropy,Selfishness,"Charity refers to the voluntary giving of help, typically in the form of money, to those in need.",B1,The charity provides support for homeless people.,The company donated a significant amount to the local charity.,"The corporate social responsibility program supports a  local charity through donations and volunteer initiatives, fostering community engagement and goodwill."
Cheap,Industries\Retail,Bon marché,Inexpensive,Expensive,"Cheap means low in price, especially in relation to similar items or services.",B1,The store offers cheap prices on a wide range of products.,They found a cheap yet reliable solution for their office supplies.,"The budget airline offers cheap airfare options to attract budget-conscious travelers, making air travel more accessible to a wider demographic."
Check in,Practical and everyday life\Guide,Enregistrement,Register,Check out,"To check in means to register or record one's arrival at a hotel, airport, or event.",A2,You can check in online before your flight.,Please check in at the reception desk upon arrival.,"The business travelers were able to seamlessly check in online, leveraging the airline's mobile app to select preferred seats and streamline the boarding process at the airport."
Check out,Practical and everyday life\Guide,Payer la note,Depart,Check in,To check out means to pay the bill and leave a hotel or other place of accommodation.,A2,Don't forget to check out of the hotel before you leave.,Make sure to check out of the hotel before noon.,"Guests can conveniently check out online through the hotel's mobile app, facilitating a seamless departure experience without visiting the front desk."
Chef,Practical and everyday life\Culture,Chef,Cook,Assistant chef,"A chef is a professional cook, typically the chief cook in a restaurant or hotel.",A1,The chef prepared a delicious three-course meal., The chef prepared a gourmet meal for the business dinner.,"The hotel's executive chef curates gourmet menus for special events and fine dining experiences, ensuring culinary excellence and guest satisfaction."
choice,Professional Skills\Decision Making,choix,option,constraint,Choice is the act of selecting or making a decision when faced with two or more possibilities.,A2,She had to make a difficult choice between the two job offers.,The selection of products offers a wide choice for every customer.,"Faced with an array of strategic options, the board's choice to diversify the company's investment portfolio into emerging markets was informed by comprehensive risk analysis and future growth projections."
chosen,Professional Skills\Decision Making,choisi,selected,rejected,Chosen means having been selected as the best or most appropriate.,B1,The chosen candidate will be offered the job.,She was chosen to lead the new project team.,"After a comprehensive evaluation process, the company’s board had chosen to pursue a strategic alliance with a leading firm in the technology sector to bolster its innovation capabilities."
Circumstances,Professional Skills\Story Telling,Circonstances,Situation,Certainty,Circumstances refer to the existing conditions or state of affairs surrounding a particular event or situation.,B1,"Given the circumstances, I think we made the right decision."," Under the current circumstances, we need to adjust our strategy.","Due to unforeseen circumstances, the project timeline had to be adjusted to accommodate delays in equipment delivery and weather conditions."
Claim,Business\Legal,Réclamation,Demand,Disavowal,"A claim is an assertion of the truth of something, typically one that is disputed or in doubt.",B1,She filed a claim with her insurance company after the accident.,The company submitted a claim for the insurance coverage.,"The insurance company processed the client's claim promptly, reimbursing the full cost of repairs following a property damage incident."
Claimant,Business\Legal,Réclamant,Complainant,Defendant,"A claimant is a person making a claim, especially in a lawsuit or for a government-sponsored benefit.",B1,The claimant was awarded compensation for the damages.,The claimant provided all necessary documentation to support their case.,"The claimant's legal representative provided detailed documentation to support their case for compensation due to workplace injury, emphasizing the need for thorough review by the insurance company."
Classification,Professional Skills\Project Management,Classification,Categorization,Unsorted,Classification refers to the action or process of classifying something according to shared qualities or characteristics.,B1,The classification of the documents makes it easier to find what you need., The job classification system helps in organizing roles within the company.,"The marketing team's classification of consumer preferences based on demographic data facilitated targeted advertising campaigns, resulting in higher engagement and sales conversion rates."
Classify,Professional Skills\Project Management,Classer,Categorize,Disorganize,To classify means to arrange (a group of people or things) in classes or categories according to shared qualities or characteristics.,B1,We need to classify the items before we can proceed.,We need to classify the documents according to their importance.,"The HR department uses a standardized system to classify employee performance reviews, ensuring fair evaluation and opportunities for professional development."
Clerk,Business\HR,Commis,Clerkship,Customer,"A clerk is a person employed in an office or bank to keep records, accounts, and undertake other routine administrative duties.",B1,The clerk at the store was very helpful.,The clerk at the front desk assisted with the check-in process.,"The administrative clerk efficiently managed scheduling and correspondence, demonstrating exceptional organizational skills in supporting executive operations."
Client,Business\Marketing; Business\Sales (CSR); Professional Skills\Customer Relationship Building,Client,Customer,Service provider,A client is a person or organization using the services of a professional or organization.,A1,Our main client is a multinational corporation.,The client requested a detailed report on the project’s progress.,The financial advisor maintained regular communication with the client to assess financial goals and adjust investment strategies according to market trends and risk tolerance.
Climate,Practical and everyday life\Culture,Climat,Weather,Environment,Climate refers to the weather conditions prevailing in an area in general or over a long period.,A1,The climate in this region is perfect for growing grapes.,The economic climate is favorable for new business ventures.,The company's commitment to sustainability initiatives includes reducing carbon emissions and promoting environmentally friendly practices to combat climate change.
close,Professional Skills\Interpersonal Skills,proche,near,distant,Close means situated in a position that is near in space or time.,A1,They have a close friendship that has lasted for years.,The company plans to close several of its underperforming stores.,"After months of meticulous negotiations and due diligence, the two companies finally reached a close on their landmark merger, creating a new industry powerhouse."
Closure,Business\Legal; Professional Skills\Project Management,Fermeture,Closing,Opening,"Closure refers to the act or process of closing something, especially an institution, thoroughfare, or frontier, or of being closed.",B1,The closure of the factory will affect many local families., The sudden closure of the factory impacted many employees.,"The successful negotiation led to the closure of a multimillion-dollar contract, securing long-term partnerships and revenue growth for the company."
Coach,Professional Skills\Team Building,Entraîneur,Trainer,Player,A coach is a person who trains and instructs sports players or other competitors.,A2,The coach gave the team a pep talk before the game.,The business coach helped the team improve their productivity.,"The executive coach provided leadership development sessions to senior management, focusing on enhancing strategic decision-making and team collaboration skills."
Code,Business\IT,Code,Cipher,Decipher,"A code is a system of words, letters, figures, or symbols used to represent others, especially for the purposes of secrecy.",A1,The programmer wrote the code for the new software.,Ensure that you follow the company’s code of conduct at all times.,The software engineer meticulously reviewed and debugged complex code to ensure the seamless functionality of the new software update.
Collect,Practical and everyday life\Numbers and Dates,Collectionner,Gather,Distribute,To collect means to bring or gather together (a number of things).,B1,Don't forget to collect your tickets from the box office.,We need to collect all feedback forms by the end of the day.,"The accounts receivable team diligently followed up on overdue invoices to collect outstanding payments, optimizing cash flow and financial stability for the organization."
come on,Professional Skills\Communication,allez,hurry up,wait,Come on is an expression used to encourage someone to do something or to express disbelief or impatience.,A2,"Come on, we're going to be late if we don't leave now.","Come on, let’s finish this project before the deadline.","As the deadline for the project loomed, the project manager urged the team to come on and put in the extra effort needed to complete all tasks on time."
Commence,Professional Skills\Project Management,Commencer,Begin,End,To commence means to begin or start something.,B1,The meeting will commence in ten minutes.,The construction will commence once the permits are approved.,"The company will commence construction on its new headquarters next month, marking a significant milestone in its expansion plans."
Commission,Business\Sales (CSR); Business\Finance,Commission,Committee,Omission,"Commission refers to an instruction, command, or duty given to a person or group of people.",B1,The salesperson earns a commission for every product sold.,The sales team earns a commission based on their monthly sales.,"The sales team received a generous commission for exceeding quarterly targets, motivating them to continue achieving exceptional sales results."
Commit,Professional Skills\Customer Relationship Building,S'engager,Dedicate,Neglect,To commit means to pledge or bind oneself to a certain course of action.,B1,He promised to commit to the project fully.,She decided to commit to the project for the next six months.,The CEO emphasized the importance of ethical business practices and urged employees to commit to integrity in all interactions with clients and stakeholders.
Committee,Professional Skills\Meetings Skills,Comité,Board,Individual,"A committee is a group of people appointed for a specific function, typically consisting of members of a larger group.",B1,The committee meets every month to discuss important issues.,The committee will review the applications next week.,The board appointed a special committee to review the proposed merger and assess its potential impact on shareholder value and market competitiveness.
Commodity,Business\Finance,Marchandise,Product,Luxury,A commodity is a basic product traded in the market.,B2,Oil is a valuable commodity that is traded on the global market., Oil is a valuable commodity in the global market.,"The volatility of the oil market has significant implications for economies heavily reliant on this commodity, influencing everything from national budgets to consumer prices."
Common,Professional Skills\E-mail Writing,Commun,Shared,Uncommon,"Common means occurring, found, or done often; prevalent.",B1,It's common for people to feel nervous before a job interview., It is common practice to review contracts before signing them.,"Workplace diversity and inclusion are common priorities among leading companies, fostering innovation and a positive corporate culture."
Commonly,Professional Skills\E-mail Writing,Couramment,Frequently,Rarely,Commonly means in a way that occurs or is done frequently or in many cases.,B1,The company commonly holds team-building activities.,The term is commonly used in the industry to describe this process.,"Team meetings are commonly held every Monday morning to review project milestones, address challenges, and align on priorities for the week ahead."
Commute,Practical and everyday life\Transportation,Faire le trajet,Travel,Stay,To commute means to travel some distance between one's home and place of work on a regular basis.,B1,She has a long commute to work every day., He commutes to work every day from the suburbs.,Many employees prefer flexible work arrangements to reduce their daily commute time and improve work-life balance.
Commuter,Practical and everyday life\Transportation,Navetteur,Traveler,Resident,A commuter is a person who travels some distance to work on a regular basis.,B1,The train was packed with commuters heading into the city., The commuter train is often crowded during rush hour.,"""The new shuttle service is designed to make the daily commute easier for employees who are long-distance commuters."""
Company,Business\HR,Entreprise,Firm,Individual,A company is a commercial business or enterprise.,B1,Our company specializes in software development.,The company is expanding its operations into new markets.,The tech company specializes in developing innovative software solutions tailored to meet the specific needs of its diverse client base.
Comparable,Business\Finance,Comparable,Similar,Dissimilar,Comparable means able to be likened to another; similar.,A2,Their performance is comparable to that of professional athletes.,The two products are comparable in terms of features and price.,The financial analyst conducted a detailed analysis of comparable companies' performance metrics to assess industry trends and evaluate investment opportunities.
Compare,Business\Finance,Comparer,Contrast,Different,"To compare means to estimate, measure, or note the similarity or dissimilarity between.",A2,Let's compare the prices before making a decision., It’s important to compare different suppliers before making a decision.,The marketing team conducted market research to compare consumer preferences and competitor pricing strategies before launching the new product line.
Compatible,Business\IT,Compatible,Consistent,Incompatible,Compatible means able to exist or occur together without conflict.,A2,The new software is compatible with most operating systems.,The new software is compatible with existing systems.,"The new printer is compatible with both Windows and Mac operating systems, making it versatile for different users."
Compensate,Business\HR,Compenser,Reimburse,Withhold,To compensate means to make up for something unwelcome or unpleasant by exerting an opposite force or effect.,B1,The company will compensate employees for any overtime worked., The company will compensate employees for any extra hours worked.,"The company will compensate employees for any extra hours worked during the project deadline, ensuring fair pay for their additional efforts"
Competent,Business\HR,Compétent,Capable,Incompetent,"Competent means having the necessary ability, knowledge, or skill to do something successfully.",A2,She's a competent manager who knows how to lead her team effectively.,The new hire is very competent and meets all the job requirements.,"The project manager demonstrated competent leadership skills in overseeing the complex project, ensuring timely delivery and stakeholder satisfaction."
Competition,Business\Marketing,Concurrence,Contest,Cooperation,Competition refers to the activity or condition of competing against others.,A2,The competition in the market is fierce.,The competition in the tech industry is fierce and constantly evolving.,The startup faces fierce competition in the tech industry but differentiates itself through innovative solutions and exceptional customer service.
Competitive,Business\Marketing,Compétitif,Aggressive,Cooperative,Competitive means having or displaying a strong desire to be more successful than others.,A2,The company must stay competitive to survive in this industry.,The company needs to adopt a more competitive pricing strategy.,The company maintains a competitive edge by continuously investing in research and development to introduce cutting-edge products to the market.
Competitor,Business\Marketing,Concurrent,Rival,Ally,A competitor is a person or organization that is in rivalry with another.,B1,Our main competitor just released a new product.,Our main competitor just launched a new product line.,"The new entrant in the market posed a significant threat as a competitor, offering similar products at lower prices and aggressive marketing strategies."
Complain,Professional Skills\Customer Relationship Building,Se plaindre,Protest,Praise,To complain means to express dissatisfaction or annoyance about something.,B1,"If you have any issues, feel free to complain to customer service.",Employees often complain about the lack of communication from management.,"Customers occasionally complain about delivery delays, prompting the logistics team to streamline operations and improve shipment tracking."
Complaint,Professional Skills\Customer Relationship Building,Plainte,Grievance,Praise,A complaint is a statement that a situation is unsatisfactory or unacceptable.,B1,He filed a formal complaint with HR about his coworker's behavior.,The customer lodged a complaint about the defective product.,"The customer service department addressed the customer's complaint promptly, offering a resolution and ensuring satisfaction to maintain a positive brand reputation."
Complete,Professional Skills\Project Management,Complet,Finish,Incomplete,Complete means having all the necessary or appropriate parts; entire.,A2,Please complete the form and return it to our office.,We need to complete the project by the end of the month.,The project team worked tirelessly to complete not only the initial phase of development but also the rigorous testing and quality assurance processes required to ensure a flawless product launch.
Complex,Professional Skills\Project Management,Complexe,Complicated,Simple,Complex means consisting of many different and connected parts; intricate.,A2,The situation is more complex than we initially thought., The new software has a complex interface that requires training.,The negotiations involved navigating not only complex legal frameworks and regulatory compliance but also intricate financial structures and geopolitical considerations that impacted the multinational merger deal.
Complexity,Professional Skills\Project Management,Complexité,Intricacy,Simplicity,Complexity refers to the state or quality of being intricate or complicated.,B1,The complexity of the issue requires careful consideration., The complexity of the new regulations requires careful analysis.,"The financial analyst's comprehensive report delved into the complexity of global market dynamics, examining not only currency fluctuations and trade policies but also socio-economic trends influencing investor sentiment and market volatility."
Compliment,Practical and everyday life\Politeness,Compliment,Praise,Insult,A compliment is a polite expression of praise or admiration.,B1,She received a compliment on her presentation skills.,She received a compliment on her excellent presentation skills.,"The manager gave a sincere compliment to the team for their exceptional work on the project, highlighting their dedication and creativity."
Complimentary,Practical and everyday life\Politeness,Gratuit,Free,Paid,Complimentary means given or supplied free of charge.,B1,The hotel offers complimentary breakfast to guests.,The hotel offers complimentary breakfast for all guests.,The company offered complimentary services not only to enhance customer satisfaction and loyalty but also to differentiate its premium offerings from competitors in the competitive hospitality industry.
Comply,Business\Legal,Se conformer,Obey,Disobey,To comply means to act in accordance with a wish or command.,B1,All employees must comply with company policies., All employees must comply with the company’s safety regulations.,The company must comply with new environmental regulations to avoid penalties and ensure sustainable operations.
Comprehensive,Professional Skills\Project Management,Complet,Exhaustive,Limited,Comprehensive means including or dealing with all or nearly all elements or aspects of something.,B1,The report provides a comprehensive analysis of the market trends.,The report provides a comprehensive overview of the market trends.,The strategic planning session included not only a comprehensive analysis of market trends and customer feedback but also proactive scenario planning and risk mitigation strategies to drive sustainable growth and resilience in a volatile business environment.
Compromise,Business\Legal,Compromis,Agreement,Standoff,Compromise refers to an agreement or settlement of a dispute that is reached by each side making concessions.,B1,Both sides had to compromise to reach a settlement.,They reached a compromise after lengthy negotiations.,The successful negotiation required not only a spirit of compromise and mutual respect but also innovative problem-solving and flexibility to achieve a win-win outcome for both parties involved in the complex contractual agreement.
Compulsory,Professional Skills\Project Management,Obligatoire,Mandatory,Voluntary,Compulsory means required by law or a rule; obligatory.,B1,Attendance at the meeting is compulsory for all staff.,Attendance at the training session is compulsory for all staff.,The compulsory training program not only covered essential compliance topics and safety protocols but also emphasized personal development and leadership skills to empower employees and foster a culture of continuous improvement.
Concede,Business\Legal,Concéder,Admit,Deny,To concede means to admit that something is true or valid after first denying or resisting it.,B1,He had to concede defeat after losing the election.,"After a long debate, he finally conceded that the proposal was beneficial.",The CEO's decision to concede not only reflected strategic foresight and humility but also demonstrated a commitment to prioritizing long-term business sustainability and stakeholder value over short-term gains in the competitive telecommunications market.
Concern,Practical and everyday life\Medical expressions/First aid,Préoccupation,Worry,Disinterest,"Concern refers to a feeling of worry, typically about something important.",B1,The safety of our employees is our primary concern.,The main concern is how the new policy will affect employee morale.,The board expressed deep concern not only about the recent decline in market share but also about the implications of regulatory changes and geopolitical uncertainties impacting future growth prospects.
Conclude,Professional Skills\Meetings Skills,Conclure,End,Initiate,To conclude means to bring something to an end.,B1,Let's conclude the meeting with a summary of our decisions., We will conclude the meeting after reviewing the final agenda items.,"After reviewing all the evidence and discussing the findings, the committee will conclude the investigation and present their recommendations in a final report."
Conclusion,Professional Skills\Meetings Skills,Conclusion,End,Beginning,A conclusion is a judgment or decision reached by reasoning.,A2,"In conclusion, I believe we've made significant progress.",The conclusion of the report suggests several key areas for improvement.,The comprehensive market analysis led to the conclusion not only that expanding into emerging markets was viable but also that strategic partnerships could mitigate market entry risks and accelerate revenue growth.
Concourse,Practical and everyday life\Transportation,Concourse,Plaza,Departure lounge,A concourse is a large open area inside or in front of a public building.,B1,The concourse at the airport was bustling with travelers.,The concourse area of the airport is filled with shops and restaurants.,The newly renovated airport concourse not only enhances passenger experience with modern amenities and efficient layout but also supports increased foot traffic and retail revenue for concessionaires.
Condition,Practical and everyday life\Medical expressions/First aid,État,Situation,Default,"A condition is the state of something, especially with regard to its appearance, quality, or working order.",A2,The car is in excellent condition for its age., The condition of the equipment was checked before the installation.,The contractual agreement stipulated not only specific performance condition and milestone but also stringent quality standards and compliance requirements to safeguard client expectations and project deliverables.
Conduct,Business\HR; Professional Skills\Project Management,Conduite,Behavior,Misconduct,"Conduct refers to the manner in which a person behaves, especially in a particular place or situation.",B1,Employees are expected to conduct themselves professionally at all times.,The manager will conduct a performance review with each employee.,Upholding not only ethical business practices and integrity but also fostering a culture of respect and diversity in the workplace is essential for maintaining high standards of conduct and employee morale.
Conference,Professional Skills\Meetings Skills,Conférence,Seminar,Absence,A conference is a meeting for discussion or training.,A2,The annual conference attracts professionals from around the world., The annual conference attracts professionals from various industries.,"The international conference on artificial intelligence convened luminaries from academia and industry, fostering interdisciplinary dialogue and precipitating groundbreaking collaborations aimed at advancing the frontiers of machine learning and computational neuroscience."
confess ,Professional Skills\Communication,avouer,remind,forget,To confess means to admit or state that one has committed a crime or is at fault in some way.,B1,He confessed his love for her., He decided to confess his mistake and work on improving his performance.,"During the internal audit, the employee had to confess to overlooking certain compliance protocols, leading to a review of the department’s processes."
Confirm,Professional Skills\E-mail Writing,Confirmer,Verify,Refute,To confirm means to establish the truth or correctness of something previously believed or suspected.,A2,Can you confirm your attendance at the meeting?,Please confirm your attendance at the meeting by the end of the day.,The project manager will confirm the meeting schedule with all team members to ensure everyone is available and prepared.
Confirmation,Professional Skills\E-mail Writing,Confirmation,Verification,Refutation,Confirmation is the action of confirming something or the state of being confirmed.,A2,We'll send you a confirmation email once your booking is complete., We received confirmation of the order from the supplier.,The receipt of payment confirmation not only validated the successful completion of the transaction but also provided assurance to stakeholders and financial institutions of timely and secure fund transfer.
Confusion,Practical and everyday life\Medical expressions/First aid,Confusion,Chaos,Order,Confusion refers to a situation in which people are uncertain about what to do or are unable to understand something clearly.,B1,There seems to be some confusion about the schedule.,There was confusion about the new policy changes.,"The sudden policy change led to confusion not only among employees but also among clients, necessitating clear communication and proactive measures to address concerns and mitigate operational disruptions."
Connect,Business\IT,Connecter,Link,Disconnect,To connect means to bring together or into contact so that a real or notional link is established.,A2,The Wi-Fi network allows you to connect to the internet.,We need to connect with potential clients to expand our network.,The networking event provided a valuable opportunity not only to connect with industry peers and potential investors but also to forge strategic partnerships and explore collaborative business opportunities in the competitive technology sector.
Connection,Business\IT; Practical and everyday life\Transportation,Connexion,Link,Disconnection,"Connection refers to a relationship in which a person, thing, or idea is linked or associated with something else.",A2,The connection between the two devices is secure.,Establishing a good connection with customers is crucial for success.,"The strategic partnership forged a strong connection not only between industry leaders but also between complementary technologies, paving the way for collaborative innovation and market expansion."
Consequence,Professional Skills\Project Management,Conséquence,Result,Cause,A consequence is a result or effect of an action or condition.,A2,The consequences of climate change are becoming increasingly severe.,The consequence of not meeting the deadline is a delayed project launch.,The unforeseen supply chain disruption had a significant consequence not only on production schedules but also on customer satisfaction and revenue projections.
Consider,Professional Skills\Project Management; Business\Legal,Considérer,Contemplate,Ignore,"To consider means to think carefully about (something), typically before making a decision.",A2,We need to consider all options before making a decision.,We need to consider all factors before making a final decision.,"Before making a final decision, the board will consider all the potential risks and benefits associated with the proposed merger."
Considerable,Business\Finance,Considérable,Substantial,Insignificant,"Considerable means notably large in size, amount, or extent.",A2,There has been a considerable increase in sales this quarter.,The project required a considerable amount of resources and time.,The company made considerable investments not only in research and development but also in employee training and customer support to maintain competitive advantage and foster sustainable growth in the highly competitive tech industry.
considering,Professional Skills\Decision Making,considérant,taking into account,ignoring,Considering means taking into account or being aware of (a fact or circumstance).,B2,"Considering his lack of experience, he did a good job on the project."," Considering the current market trends, we should adjust our strategy.","Considering the competitive landscape, the company decided to accelerate its R&D efforts to maintain its position as a market leader in innovation."
Consignment,Business\Supply Chain,Consignation,Delivery,Collection,"Consignment refers to goods sent to a customer by a seller, but ownership remains with the seller until the goods are sold.",C1,The consignment of goods arrived at the warehouse yesterday.,The consignment of goods arrived at the warehouse yesterday.,The logistics team managed not only the efficient handling and tracking of the  consignment but also customs clearance and distribution logistics to optimize supply chain efficiency and reduce operational costs.
Consist,Business\Finance,Consister,Comprise,Exclude,To consist means to be composed or made up of.,B1,The report consists of three main sections., The team consists of highly skilled professionals from various backgrounds.,The company's product portfolios consist not only of innovative solutions but also of reliable customer service and ongoing support to meet diverse client needs and exceed market expectations.
Consistent,Business\HR,Cohérent,Compatible,Inconsistent,"Consistent means acting or done in the same way over time, especially so as to be fair or accurate.",B1,Her performance has been consistent throughout the year.,The company has been consistent in its approach to quality and customer service.,"The brand's commitment to quality and reliability is consistent not only across product lines but also in customer interactions and post-purchase services, building trust and loyalty among its global customer base."
Consistently,Business\HR,De manière cohérente,Regularly,Occasionally,Consistently means in every case or on every occasion; invariably.,B1,He consistently delivers high-quality work on time.,We need to consistently deliver high-quality products to maintain customer trust.,"The sales team consistently exceeded quarterly targets, demonstrating not only their dedication and expertise but also the effectiveness of strategic planning and customer relationship management initiatives."
Constant,Professional Skills\Project Management,Constant,Continuous,Variable,Constant means occurring continuously over a period of time.,B1,There's been a constant stream of customers all day.,The constant changes in regulations require regular updates to our policies.,"In a dynamic market environment, constant innovation and adaptation to emerging trends are essential not only for maintaining market leadership but also for driving sustainable growth and profitability."
Constantly,Professional Skills\Project Management,Constamment,Continuously,Occasionally,Constantly means all the time; continuously.,B1,The price of goods is constantly changing due to market fluctuations.," The industry is constantly evolving, and we need to stay ahead of trends.",The IT department constantly monitors cybersecurity threats and updates infrastructure not only to safeguard sensitive data but also to ensure uninterrupted operations and compliance with regulatory standards.
Construction,Industries\Real Estate,Construction,Building,Demolition,Construction refers to the process of constructing or the industry involved in the assembly of buildings.,A2,The construction of the new office building is almost complete.,The construction of the new office building is progressing on schedule.,The construction of the new corporate headquarters not only adhered to strict environmental sustainability standards but also employed local labor and sourced materials from certified suppliers to support community development initiatives.
Consult,Professional Skills\Customer Relationship Building,Consulter,Seek advice,Disregard,To consult means to seek information or advice from (someone with expertise in a particular area).,B1,We'll need to consult with the legal team before proceeding., I will consult with the legal team before finalizing the contract.,"Before implementing the new policy, the HR department will consult with legal experts to ensure compliance with all relevant labor laws."
Consultant,Business\HR,Consultant,Advisor,Client,A consultant is a person who provides expert advice professionally.,B1,The company hired a consultant to advise on marketing strategy., The company hired a consultant to help with the restructuring process.,The management consultant's comprehensive analysis not only identified operational inefficiencies but also recommended strategic initiatives to streamline processes and improve profitability for the manufacturing company.
Consume,Business\Marketing; Industries\Retail,Consommer,Use,Save,To consume means to use up a resource.,B1,It's important to consume a balanced diet for good health., The new marketing strategy aims to better understand how consumers consume media.,"The new energy-efficient appliances are designed to consume less electricity, reducing overall utility costs for consumers."
Consumer,Business\Marketing; Industries\Retail,Consommateur,Customer,Producer,A consumer is a person who purchases goods and services for personal use.,B1,Consumer demand for eco-friendly products is increasing., Understanding consumer behavior is essential for developing effective marketing strategies.,The consumer electronics company launched a new product line not only to meet evolving consumer needs but also to capitalize on emerging market trends and gain a competitive edge in the competitive tech industry.
Contain,Business\Supply Chain,Contenir,Hold,Release,To contain means to have or hold (someone or something) within.,B1,The box contains all the necessary components for assembly.,The package should contain all the necessary documents for the application.,The crisis management plan included not only protocols to contain cybersecurity breaches but also communication strategies to mitigate reputational damage and restore stakeholder trust in the event of a data breach.
Container,Business\Supply Chain,Conteneur,Receptacle,Contents,A container is an object used for holding or transporting something.,B1,The shipment arrived in a large container.,We need to order more containers for the upcoming shipment.,The logistics department optimized container shipping routes not only to reduce transportation costs but also to minimize carbon footprint and comply with international shipping regulations.
Continual,Professional Skills\Project Management,Continuel,Continuous,Intermittent,Continual means occurring frequently or periodically.,B1,The company strives for continual improvement in its products.,Continual improvement is a key principle in maintaining high standards.,"The company's commitment to continual improvement extends not only to product innovation but also to employee training and process optimization, fostering a culture of innovation and excellence in the workplace."
Continuation,Professional Skills\Project Management,Continuation,Extension,Termination,Continuation refers to the action of carrying something on over time or the process of being carried on.,A2,The continuation of the project depends on securing additional funding.,The continuation of the project depends on securing additional funding.,The successful merger facilitated the continuation not only of shared resources and expertise but also of synergistic growth opportunities that enhanced market competitiveness and shareholder value.
Continue,Professional Skills\Project Management,Continuer,Persist,Cease,To continue means to persist in an activity or process.,B1,Let's continue our discussion after the break., We will continue to monitor the situation and provide updates as needed.,"Despite the challenges, the company will continue its expansion plans, aiming to enter new markets and increase its global footprint."
Contract out ,Business\Supply Chain,Externaliser,Outsource,Insource,"To contract out, outsource, or subcontract means to delegate work to an external party.",B2,We decided to contract out the IT services to a specialized firm.,The company decided to contract out the IT support services to a specialist firm.,"The decision to contract out the manufacturing process to a third-party supplier was made to streamline operations and reduce production costs, but quality control issues arose unexpectedly."
Contribute,Business\Finance,Contribuer,Contribute to,Hinder,"To contribute means to give (something, especially money) in order to help achieve or provide something.",B1,Employees are encouraged to contribute ideas for improvement.,Each team member is expected to contribute to the project's success.,Employees are encouraged to contribute not only innovative ideas but also practical solutions to enhance operational efficiency and customer satisfaction across departments.
Contribution,Business\Finance,Contribution,Donation,Withdrawal,A contribution is a gift or payment to a common fund or collection.,A2,Your contribution to the team has been invaluable., Her contribution to the project was invaluable and greatly appreciated.,The philanthropic contribution not only supported local community initiatives but also strengthened the company's corporate social responsibility efforts and brand reputation.
Control,Professional Skills\Project Management,Contrôle,Command,Chaos,Control refers to the power to influence or direct people's behavior or the course of events.,A2,The manager needs to maintain control over the project.,The manager has control over the project’s budget and resources.,The implementation of stringent quality control measures not only ensures product consistency but also minimizes defects and customer complaints in the manufacturing process.
Control panel,Business\IT,Panneau de contrôle,Dashboard,Disarray,"A control panel is a flat, often vertical, area where control instruments are mounted or the screen on which options are displayed.",B1,The control panel allows you to adjust various settings., The control panel allows you to adjust the settings of the machine.,The advanced control panel not only allows real-time monitoring of production metrics but also facilitates remote troubleshooting and performance optimization in industrial settings.
Convenient,Practical and everyday life\Guide,Pratique,Handy,Inconvenient,"Convenient means fitting in well with a person's needs, activities, and plans.",B1,The location of the hotel is convenient for exploring the city.,The location of the new office is convenient for both employees and clients.,The mobile app provides convenient access not only to account information but also to personalized financial services and investment insights for busy clients on the go.
Conveniently,Practical and everyday life\Guide,Pratiquement,Convenient,Inconveniently,Conveniently means in a way that is helpful for or meets the needs of someone.,B1,The store is conveniently located next to the train station., The hotel is conveniently located near the conference center.,The centrally located office space is conveniently situated not only near public transportation hubs but also within walking distance of dining and retail amenities for employees' convenience
Convince,Professional Skills\Customer Relationship Building (SCR) ,Convaincre,Persuade,Dissuade,To convince means to persuade someone to believe or do something.,A2,I'll try to convince him to join us for dinner., He needed to convince the board of directors to approve the new plan.,The sales team must effectively convince not only prospective clients of the product's value proposition but also internal stakeholders of its market viability and profitability potential.
Convincing,Professional Skills\Customer Relationship Building,Convaincant,Persuasive,Unconvincing,Convincing means causing one to believe the truth of something.,B1,Her argument was convincing enough to persuade the jury.,The presentation was convincing and led to the approval of the project.,The CEO delivered a convincing presentation not only outlining strategic growth opportunities but also addressing investor concerns and garnering support for the proposed expansion plans.
cool,Professional Skills\Interpersonal Skills,frais,chilly,warm,Cool means moderately cold; neither warm nor very cold.,A1,The weather turned cool in the evening.,"The new office design is cool and modern, with an open layout.","Despite the cool reception from initial investors, the innovative startup managed to secure substantial funding through a series of strategic pitches and networking efforts."
Core business,Business\Finance,Cœur de métier,Main activity,Peripheral activity,The core business of a company is its primary or essential activity.,B1,Our core business is manufacturing electronic components for the automotive industry.,Expanding into new markets aligns with the company’s core business strategy.,The conglomerate decided to divest its non-essential divisions to focus more resources and attention on its core business of consumer electronics manufacturing
Corporate,Business\HR,Corporate,Business,Individual,Corporate means relating to a large company or group.,A2,The corporate office is located downtown.,The corporate office is located in the city center.,The corporate governance framework not only ensures transparency and accountability but also aligns business practices with ethical standards and regulatory compliance requirements.
Corporation,Business\HR,Société,Company,Individual,A corporation is a large company or group of companies authorized to act as a single entity and recognized as such in law.,B1,The corporation operates in several countries worldwide.,"The corporation is involved in several industries, including technology and finance.","As a multinational corporation, the company not only operates in diverse markets but also leverages economies of scale and global supply chain efficiencies to maintain competitive advantage and drive sustainable growth."
corrupted,Business\Legal,corrompu,tainted,incorruptible,"Corrupted means dishonest or illegal behavior, especially by people in positions of power.",B1,The government was accused of corrupted practices.,The file was corrupted during the transfer and needs to be resent.,"During the data transfer process, the critical files were corrupted, leading to significant delays in project completion and necessitating extensive recovery efforts to restore the compromised data."
Cost,Business\Finance; Industries\Retail,Coût,Price,Benefit,Cost refers to the amount that has to be paid or spent to buy or obtain something.,B1,The cost of living in this city is quite high.,The cost of raw materials has increased this quarter.,The financial analysis highlighted not only  the direct cost associated with production but also indirect costs such as logistics and administrative expenses to accurately assess profitability margins.
cost-effective,Business\Finance,rentable,economical,wasteful,Cost-effective means producing good results without costing a lot of money; economical.,A,Investing in energy-efficient appliances can be cost-effective in the long run.,We need to find a cost-effective solution for our marketing campaign.,"Implementing cloud-based solutions proved to be a cost-effective strategy, reducing IT infrastructure costs while enhancing operational flexibility."
costly,Business\Finance,coûteux,expensive,cheap,Costly means involving a lot of money or resources; expensive.,A,Repairing the car was more costly than buying a new one.,"The new software system was quite costly, but it will improve efficiency.","The implementation of the new ERP system was costly, but it was deemed a necessary investment to streamline operations and improve overall efficiency."
Counter,Practical and everyday life\Guide,Comptoir,Desk,Client,A counter is a long flat-topped fixture in a store or bank across which business is conducted with customers.,B1,You can find the sugar on the counter next to the coffee machine.,The cashier's counter was busy during the holiday shopping season.,The marketing campaign included not only online advertisements but also in-store promotions to counter competitor offerings and capture market share during peak sales seasons.
Courier,Business\Supply Chain,Coursier,Messenger,Recipient,"A courier is a person who transports and delivers messages, packages, or mail.",B1,The courier delivered the package to my doorstep.,The courier delivered the important documents on time.,The logistics team partnered with a reliable courier service not only to ensure timely delivery of shipments but also to track and manage international orders efficiently across diverse geographic regions.
Cover,Business\Legal,Couvrir,Protect,Expose,To cover means to provide protection or concealment.,A2,The insurance policy should cover any damages caused by the accident., The insurance policy will cover the damage caused by the storm.,"The insurance policy will cover damages caused by natural disasters, ensuring the company can recover quickly from unforeseen events."
Cover letter,Professional Skills\E-mail Writing,Lettre de motivation,Application letter,N/A,A cover letter is a document sent with your resume to provide additional information on your skills and experience.,B1,Don't forget to attach your cover letter when applying for the job.,Make sure to include a cover letter with your job application.,The tailored cover letter not only highlighted the candidate's relevant skills and experiences but also expressed enthusiasm for the company's mission and commitment to contributing to its success.
Coverage,Business\Marketing,Couverture,Protection,Exposure,Coverage refers to the extent to which something deals with or applies to something else.,B1,The insurance policy provides coverage for medical expenses.,The insurance coverage includes both health and dental benefits.,The comprehensive insurance policy not only provided coverage for property damage but also included liability protection and business interruption coverage to mitigate financial risks in unforeseen circumstances.
Coworker,Business\HR,Collègue,Associate,Manager,"A coworker is a person with whom one works, typically someone in a similar role or level within an organization.",B1,My coworker and I are collaborating on a new project.," She had a great relationship with her coworker, which made the work environment pleasant.","Maintaining a positive relationship with your coworker can significantly enhance teamwork, foster a collaborative work environment, and improve overall productivity and job satisfaction in the office."
Crash,Business\IT,Accident,Collision,Success,A crash is a sudden loud noise caused by something breaking or falling.,B1,The computer crashed while I was in the middle of an important task.,The system crash caused a temporary halt in operations.,The IT team promptly responded to the system crash not only by troubleshooting the root cause but also by implementing backup protocols to minimize data loss and restore operations swiftly.
Credentials,Business\HR,Credentials,Qualifications,Disqualification,"Credentials refer to a qualification, achievement, personal quality, or aspect of a person's background.",B2,She presented her credentials at the job interview.,The candidate's credentials were impressive and matched the job requirements.,The candidate's impressive credentials not only included advanced degrees and professional certifications but also demonstrated a track record of successful projects and leadership roles in the industry.
Credit,Business\Finance,Crédit,Trust,Debt,"Credit refers to the ability of a customer to obtain goods or services before payment, based on the trust that payment will be made in the future.",A2,You can pay by credit card or cash.,The company receives credit for its innovative approach to product development.,"The financial institution extended credit not only to individual customers but also to small businesses, offering flexible repayment terms and competitive interest rates to support growth and financial stability."
Criteria,Business\HR,Critères,Standards,Exceptions,Criteria refer to principles or standards by which something may be judged or decided.,A2,Applicants must meet specific criteria to be considered for the job.,The selection criteria for the new role include relevant experience and qualifications.,The selection criteria for vendor partnerships not only emphasized cost-effectiveness and quality standards but also prioritized sustainability practices and ethical sourcing to align with corporate values and regulatory requirements.
Critical,Practical and everyday life\Medical expressions/First aid,Critique,Crucial,Insignificant,Critical means expressing adverse or disapproving comments or judgments.,B1,The situation is critical; we need to act fast.,The review process is critical to ensure the quality of the final product.,The critical analysis of market trends not only identified emerging opportunities but also highlighted potential risks that could impact investment decisions and business strategies.
Criticize,Professional Skills\Customer Relationship Building,Critiquer,Condemn,Praise,To criticize means to indicate the faults of (someone or something) in a disapproving way.,B1,It's not polite to criticize others in public.,It’s important to provide constructive feedback rather than simply criticize.,"The supervisor didn't hesitate to criticize the team's approach, pointing out several inefficiencies and suggesting ways to improve their workflow."
Crowd,Practical and everyday life\Guide,Foule,Group,Individual,A crowd is a large number of people gathered together in a disorganized or unruly way.,B1,The crowd cheered loudly as the team scored a goal.,The crowd at the conference was large and enthusiastic.,The launch event attracted a diverse crowd not only of industry professionals but also of potential investors and media representatives eager to learn about the company's innovative product offerings.
Crowded,Practical and everyday life\Guide,Bondé,Packed,Empty,"Crowded means full of people, leaving little or no room for movement; packed.",B1,The train was crowded during rush hour.,The conference hall was crowded with attendees from around the world.,The bustling trade show floor was crowded not only with exhibitors showcasing new technologies but also with attendees networking and exploring business opportunities in the competitive tech sector.
Crucial,Professional Skills\Project Management,Crucial,Critical,Insignificant,"Crucial means decisive or critical, especially in the success or failure of something.",A2,It's crucial that we meet the deadline.,Timely delivery of the product is crucial for meeting customer expectations.,Effective communication is crucial not only for aligning team efforts but also for fostering transparency and trust among stakeholders during times of organizational change and strategic realignment.
Cruise,Practical and everyday life\Transportation,Croisière,Voyage,Halt,A cruise is a voyage on a ship or boat taken for pleasure or as a vacation and usually calling in at several places.,B1,They went on a cruise around the Mediterranean.,The company organized a cruise for its top-performing employees.,The luxury cruise line offers not only exclusive travel experiences but also personalized services and immersive cultural excursions to cater to discerning travelers seeking unique vacation experiences.
Currency,Business\Finance,Devise,Money,Barter,Currency refers to a system of money in general use in a particular country.,B1,The currency in this country is the euro., The company deals in multiple currencies due to its international operations.,The fluctuating currency exchange rates not only impact international trade transactions but also require proactive hedging strategies to mitigate financial risks and stabilize cash flow.
Current,Professional Skills\E-mail Writing,Courant,Present,Past,Current means belonging to the present time; happening or being used or done now.,B1,What's the current status of the project?,The current market trends suggest a shift towards more sustainable products.,Staying informed about current industry trends and regulatory developments is crucial not only for compliance but also for anticipating market shifts and adapting business strategies accordingly.
Currently,Professional Skills\E-mail Writing,Actuellement,Presently,Previously,Currently refers to the present time or the existing situation.,A2,"Currently, I'm studying for my exams.",We are currently evaluating the performance of the new software.,"Currently, the company is undergoing a strategic restructuring to realign its operations with evolving market trends and capitalize on emerging opportunities in the digital space."
Custom,Business\Supply Chain,Coutume,Tradition,Innovation,"Custom refers to a traditional and widely accepted way of behaving or doing something that is specific to a particular society, place, or time.",B1,The furniture was custom-made to fit the space perfectly.,The company offers custom solutions tailored to each client’s needs.,"The company offers custom solutions tailored to each client's specific needs, ensuring a personalized and effective approach to their challenges."
Customer,Business\Sales (CSR); Professional Skills\Customer Relationship Building,Client,Consumer,Producer,A customer is a person or organization that buys goods or services from a store or business.,B1,Our company values customer satisfaction above all else.,The customer service team is available 24/7 to assist with any issues.,Building strong customer relationships not only fosters brand loyalty but also generates valuable feedback and referrals that drive sustained growth and profitability in competitive markets.
Customize,Professional Skills\Customer Relationship Building,Personnaliser,Tailor,Standardize,To customize means to modify or tailor something according to individual preferences or needs.,A2,You can customize your smartphone with different themes.,You can customize the software to fit your specific requirements.,The ability to customize products according to individual customer preferences has become a key differentiator for businesses seeking to enhance brand loyalty and customer satisfaction.
Customs,Practical and everyday life\Transportation,Douane,Tradition,Innovation,Customs refer to the official department that administers and collects the duties levied by a government on imported goods.,B1,You'll need to declare any goods at customs when entering the country.,The customs regulations must be followed for international shipments.,Navigating international customs regulations not only requires meticulous documentation but also strategic partnerships with customs brokers to ensure timely clearance and compliance with import/export laws.
Cut back,Business\Finance,Réduire,Decrease,Increase,To cut back means to reduce the amount or quantity of something.,B1,We need to cut back on our expenses if we want to save money., The company decided to cut back on expenses to improve profitability.,"Due to economic uncertainties, the company decided to cut back on its discretionary spending, focusing instead on core operational efficiencies and strategic investments."
Cutting edge,Business\IT,Avant-garde,State-of-the-art,Outdated,Cutting edge refers to the most advanced stage of development in a particular area of knowledge or technology.,B2,The company is known for its cutting-edge technology.,The new technology is cutting edge and will set the company apart from competitors.,The company's commitment to research and development drives innovation not only in product design but also in incorporating cutting edge technologies to maintain competitive advantage in the rapidly evolving tech market.
Cycle,Professional Skills\Project Management,Cycle,Circuit,Standstill,A cycle is a series of events that are regularly repeated in the same order.,A2,The life cycle of a butterfly is fascinating.,The economic cycle affects market demand and company performance.,Understanding the economic cycle not only influences investment strategies but also informs business decisions on resource allocation and market expansion opportunities during different phases of the business cycle.
Daily,Practical and everyday life\Time,Quotidien,Daily,Weekly,"Daily means done, produced, or occurring every day or every weekday.",B1,He reads the newspaper daily to stay informed.,The team conducts daily meetings to discuss project progress.,The daily operations review not only monitors key performance indicators but also identifies operational inefficiencies and opportunities for process optimization to enhance productivity and cost-effectiveness.
Damage,Business\Finance,Dommages,Harm,Benefit,"Damage refers to physical harm caused to something in such a way as to impair its value, usefulness, or normal function.",B1,The storm caused extensive damage to the property.,The damage to the equipment was assessed and repairs were scheduled.,The comprehensive insurance policy covers not only property damage but also liability claims and business interruption losses to mitigate financial risks associated with unforeseen events and natural disasters.
Deadline,Professional Skills\Project Management,Date limite,Due date,Extension,A deadline is the latest time or date by which something should be completed.,A2,We need to meet the deadline by the end of the week.,We must meet the deadline to ensure timely delivery of the project.,"The project team worked diligently to meet the deadline, ensuring that all deliverables were completed on time and to the client's satisfaction."
Deal,Business\Sales (CSR); Business\Finance,Accord,Agreement,Disagreement,A deal is an agreement entered into by two or more parties for their mutual benefit.,A2,They negotiated a deal that was mutually beneficial.,They struck a deal with the supplier for bulk purchasing.,The successful negotiation of a strategic partnership deal not only strengthens market position but also opens new revenue streams and accelerates business growth through shared resources and market synergies.
Deal with,Professional Skills\Customer Relationship Building; Business\Legal,Traiter,Handle,Ignore,To deal with means to handle or cope with a situation or problem.,B1,I'll deal with the customer complaints as soon as possible.,The manager needs to deal with the issues raised by the employees.,"The human resources department will diligently deal with the sensitive matter of workplace harassment allegations, conducting a thorough investigation to uphold employee rights and maintain a positive organizational culture."
Debit,Business\Finance,Débit,Withdrawal,Credit,Debit refers to a sum of money withdrawn from a bank account.,A2,You can pay by debit card or credit card.,The debit card can be used for transactions up to a certain limit.,Monitoring debit transactions not only tracks cash flow but also provides insights into spending patterns and financial habits that inform budgeting and financial planning decisions.
Debt,Business\Finance,Dette,Obligation,Asset,"Debt refers to something, typically money, that is owed or due.",B1,He's struggling to pay off his student debt.,The company is working on reducing its debt through strategic financial planning.,Managing corporate debt not only involves balancing short-term liquidity needs but also optimizing long-term financing options to support growth initiatives and maintain financial health.
Decision,Professional Skills\Project Management,Décision,Judgment,Indecision,A decision is a conclusion or resolution reached after consideration.,A2,We need to make a decision soon.,The board made a unanimous decision to approve the new budget.,The executive committee's decision not only aligns business objectives but also considers stakeholder interests and market trends to drive informed decision-making and sustainable business outcomes.
declare ,Professional Skills\Communication,déclarer,repeat,hide,To declare means to announce something publicly or formally.,B1,He declared his intention to run for mayor., The company must declare its financial results at the end of each fiscal year.,"The CFO will declare the company’s annual financial results at the upcoming shareholders' meeting, providing a comprehensive overview of performance."
decline ,Business\Legal,décliner,advance,allow,To decline means to refuse to accept or comply with.,B1,He declined the invitation to the party.,He had to decline the job offer due to personal reasons.,"Despite a decline in market share last quarter, the company remains optimistic about its long-term growth prospects due to strategic adjustments."
Decorate,Practical and everyday life\Guide,Décorer,Adorn,Strip,To decorate means to make (something) look more attractive by adding extra items or images to it.,B1,She likes to decorate her house with colorful artwork., We plan to decorate the office for the upcoming holiday season.,The office renovation project not only aims to decorate the workspace with modern furniture and vibrant artwork but also to create an inspiring environment that enhances employee productivity and morale.
Decrease,Business\Finance,Diminuer,Reduce,Increase,"To decrease means to make or become smaller or fewer in size, amount, intensity, or degree.",B1,The price of the product has decreased since last month.,The company noticed a decrease in sales during the off-season.,Implementing energy-efficient practices not only helps decrease operational costs but also aligns with the company's sustainability goals to reduce carbon footprint and promote environmental stewardship.
Dedicate,Professional Skills\Customer Relationship Building,Dédier,Devote,Neglect,"To dedicate means to devote (time, effort, or oneself) to a particular task or purpose.",B1,She decided to dedicate herself fully to her studies., She will dedicate her time to improving the team’s performance.,companies dedicate not only resources but also volunteer hours to support local community initiatives and charitable organizations as part of its corporate social responsibility efforts.
Deduct,Business\Finance,Déduire,Subtract,Add,"To deduct means to subtract (a number or amount) from another, especially from a total.",B1,You can deduct business expenses from your taxable income.,We will deduct the amount from your next paycheck for the missed shift.,Businesses can deduct not only eligible expenses such as research and development costs but also charitable contributions from taxable income to optimize tax liability and maximize financial efficiency.
Defect,Business\Supply Chain,Défaut,Flaw,Perfection,"A defect is a shortcoming, imperfection, or lack that hinders something from being perfect or complete.",B1,The manufacturer will replace any product with a defect.,The product was recalled due to a manufacturing defect.,"The quality control team identified a minor defect in the product design, prompting swift corrective action to address the issue before production and minimize potential customer dissatisfaction."
Defective,Business\Supply Chain,Défectueux,Faulty,Functional,"Defective means imperfect or faulty, not functioning correctly.",B1,The toy was returned to the store because it was defective., The defective items were returned to the supplier for replacement.,The recall of defective products not only protects consumer safety and brand reputation but also requires transparent communication and efficient logistics to manage returns and replacements effectively
Definite,Professional Skills\E-mail Writing,Définitif,Certain,Uncertain,Definite means clearly stated or decided; not vague or doubtful.,B1,We'll need a definite answer by tomorrow.,We need a definite answer on whether the project will proceed.,The project timeline provides definite milestones and deliverables to ensure clarity and accountability among team members throughout the development and implementation phases.
Definitely,Professional Skills\E-mail Writing,Certainement,Certainly,Doubtfully,Definitely means without doubt or hesitation; certainly.,B1,I'm definitely going to the concert tonight., I will definitely be attending the meeting next week.,The strategic partnership will definitely enhance market visibility and expand customer reach through combined marketing efforts and access to new distribution channels.
Degree,Business\HR,Diplôme,Level,Insignificance,"A degree is a unit of measurement of angles, or a unit of temperature.",B1,He earned a degree in computer science from a prestigious university.,A degree in business administration is required for the management position.,The candidate's advanced degree in business administration not only enhances qualifications but also demonstrates a commitment to continuous learning and professional development in the competitive job market.
Delay,Professional Skills\Project Management/Practical and everyday life\Transportation,Retard,Postpone,Punctuality,Delay refers to a situation in which something happens later than expected or planned.,B1,The flight has been delayed due to bad weather.,There was a delay in shipping due to unforeseen circumstances.,"The project faced an unexpected delay due to regulatory approvals, prompting the project manager to reassess timelines and allocate additional resources to expedite the approval process."
Delete,Professional Skills\E-mail Writing,Supprimer,Remove,Insert,"To delete means to remove or obliterate (written or printed matter), especially by drawing a line through it.",B1,Please delete the unnecessary files from the system.,You can delete unnecessary files to free up space on your computer.,The IT team will delete not only obsolete files but also duplicate records to optimize data storage and improve system performance across all departments.
Delight,Practical and everyday life\Politeness,Plaisir,Joy,Disappoint,Delight refers to a high degree of pleasure or enjoyment.,B2,It was a delight to meet you.,The customer expressed delight with the quick resolution of their issue.,Providing exceptional customer service not only meets expectations but also aims to delight customers with personalized solutions and proactive support to foster long-term loyalty and satisfaction.
Delighted,Practical and everyday life\Politeness,Enchanté,Happy,Unhappy,"Delighted means very pleased, happy, or satisfied.",B2,She was delighted with the gift., We are delighted to announce the launch of our new product line.,The management team was delighted not only with the quarterly financial results but also with positive feedback from stakeholders and investors following the successful product launch.
Deliver,Business\Supply Chain,Livrer,Transport,Retain,"To deliver means to bring and hand over (a letter, parcel, or ordered goods) to the proper recipient or address.",B1,The courier will deliver the package tomorrow.,The company will deliver the products by the end of the week.,"The logistics team will deliver the new equipment to the client's site by the end of the week, ensuring that it is set up and operational for their upcoming project."
Delivery,Business\Supply Chain,Livraison,Shipment,Receipt,"Delivery refers to the action of delivering letters, parcels, or goods.",A2,The delivery of the goods was delayed due to bad weather., The delivery of the new equipment was delayed by a few days.,The seamless delivery of projects not only meets client deadlines but also exceeds quality standards and performance metrics set by the project management team.
Demand,Business\Sales (CSR); Industries\Retail,Exiger,Require,Offer,"Demand refers to an insistent and peremptory request, made as of right.",B1,There's a high demand for organic produce.,The demand for the new product has exceeded expectations.,Consumer demand not only influences product development but also drives marketing strategies and pricing decisions to capture market share and sustain business growth.
Demanding,Professional Skills\Customer Relationship Building,Exigeant,Challenging,Easy,Demanding means requiring much skill or effort; difficult to satisfy or please.,B1,"The job can be demanding at times, but it's also rewarding.",The role is highly demanding and requires a lot of dedication.,"The new client project is particularly demanding, requiring the team to work extended hours and handle complex tasks to meet the tight deadlines and high expectations."
Demonstrate,Professional Skills\Project Management,Démontrer,Show,Conceal,To demonstrate means to clearly show the existence or truth of (something) by giving proof or evidence.,B2,Let me demonstrate how to use the software.,The team will demonstrate the new software during the presentation.,The sales team will demonstrate not only product features and benefits but also return on investment calculations to persuade potential clients and secure new business partnerships.
Depart,Practical and everyday life\Transportation,Partir,Leave,Arrive,"Depart means to leave, typically in order to start a journey.",A2,The flight is scheduled to depart at 9 a.m., The flight is scheduled to depart at 3 PM.,The senior executive will depart not only from day-to-day operations but also from strategic planning and leadership responsibilities to focus on long-term growth initiatives and corporate governance.
Department,Business\HR,Département,Division,Unity,"A department is a division of a large organization such as a government, university, or business.",A2,The sales department is responsible for generating revenue., The human resources department handles all employee-related issues.,The HR department not only oversees recruitment and employee relations but also designs training programs and implements workplace policies to support organizational development and employee well-being.
Departure,Practical and everyday life\Transportation,Départ,Leaving,Arrival,"Departure refers to the action of leaving, typically to start a journey.",B1,The departure of the flight was delayed by two hours.,The departure of the senior executive was announced yesterday.,The unexpected departure of the CFO not only necessitated a swift recruitment process but also prompted a thorough review of the company's financial strategy and succession planning to ensure continuity.
Depend on,Professional Skills\Customer Relationship Building,Dépendre de,Rely on,Independent of,To depend on means to rely on or trust in (someone or something) to provide what is needed.,B1,Your success will depend on your dedication and hard work.,he success of the project will depend on timely completion of all phases.,The success of the project will depend on not only the technical expertise of the team members but also their ability to collaborate effectively and adapt to changing requirements and deadlines.
dependable,Professional Skills\Work Ethic,fiable,reliable,unreliable,Dependable means trustworthy and reliable.,B2,You can always count on him; he's very dependable.,He is known for being a dependable team member who meets deadlines.,"The new supplier has proven to be highly dependable, consistently delivering high-quality materials on time and helping to maintain smooth production processes."
dependably,Professional Skills\Work Ethic,de manière fiable,reliably,unreliably,Dependably means in a trustworthy and reliable manner.,B2,The system has functioned dependably for years.,The system must perform dependably under all conditions.,"The support team has perform dependably, handling customer inquiries and issues promptly, which has significantly improved customer satisfaction."
Dependence,Practical and everyday life\Medical expressions/First aid,Dépendance,Reliance,Independence,Dependence refers to the state of relying on or being controlled by someone or something else.,B2,Many countries have a dependence on fossil fuels.,The company’s dependence on a single supplier is a risk factor.,Reducing the company's dependence on a single supplier not only mitigates supply chain risks but also enhances bargaining power and operational resilience through diversification.
dependent,Professional Skills\Work Ethic,dépendant,reliant,independent,Dependent means relying on someone or something for support or aid.,B1,Children are dependent on their parents for care and guidance.,The team’s progress is dependent on receiving the necessary approvals.,"The success of the project is heavily dependent on the timely completion of each phase, requiring meticulous planning and coordination."
depending,Professional Skills\Work Ethic,selon,contingent,regardless,Depending means contingent on or influenced by something else.,CB1,The success of the project will vary depending on funding.,"Depending on the outcome of the review, changes may be implemented.","Depending on the outcome of the pilot program, the company will decide whether to roll out the new service across all markets."
Deposit,Business\Finance,Dépôt,Down payment,Withdrawal,"A deposit is a sum of money placed or kept in a bank account, usually to gain interest.",B1,You'll need to make a deposit to secure your reservation.,A deposit is required to secure the booking for the conference room.,The initial deposit for the commercial property not only secures the lease agreement but also sets the stage for negotiations on terms and conditions that will affect long-term business operations.
Description,Professional Skills\E-mail Writing,Description,Account,Omission,"Description refers to a spoken or written representation or account of a person, object, or event.",A2,Can you provide a brief description of the problem?,The job description outlines the responsibilities and qualifications needed.,The product description not only highlights the key features and benefits but also provides detailed specifications and usage instructions to inform and engage potential customers.
Design,Professional Skills\Project Management,Conception / Design,Create,Destroy,"Design refers to the process of creating or planning something, such as a product, system, or artwork.",A2,She studied design at university and now works for a fashion company.,The design of the new product focuses on user-friendly features.,"The design phase of the project involved extensive collaboration between architects, engineers, and stakeholders to create a concept that seamlessly integrated functionality with aesthetic appeal."
Designate,Professional Skills\Project Management,Désigner,Assign,Unassign,To designate means to appoint or select (someone) for a specified purpose.,B1,The room was designated as a quiet study area.,They will designate a team leader for each project phase.,The board decided to designate not only a new project manager but also a cross-functional team to oversee the implementation of the strategic initiative and ensure alignment with corporate goals.
Desperate,Practical and everyday life\Medical expressions/First aid,Désespéré,Hopeless,Hopeful,Desperate means feeling or showing a hopeless sense that a situation is so bad as to be impossible to deal with.,B1,He was desperate to find a job after being unemployed for months.,The company was desperate to find a solution before the deadline.,"Facing a steep decline in market share, the company took desperate measures not only to revamp its product line but also to launch an aggressive marketing campaign aimed at reclaiming customer loyalty."
Dessert,Practical and everyday life\Culture,Dessert,Pudding,Appetizer,Dessert refers to a sweet course eaten at the end of a meal.,A1,"I'll have the cheesecake for dessert, please.",The restaurant offers a wide selection of desserts to choose from.,The hospitality company introduced a new dessert menu not only to delight guests with innovative flavors but also to differentiate itself from competitors and enhance the dining experience.
Destination,Practical and everyday life\Transportation,Destination,Endpoint,Origin,A destination is the place to which someone or something is going or being sent.,A2,Our destination is a remote village in the mountains.,The conference will be held at an upscale destination in the city.,The strategic choice of an international destination for the annual corporate retreat not only aims to inspire creativity among employees but also to provide opportunities for team building and cross-cultural exchange.
Detail,Professional Skills\E-mail Writing,Détail,Specific,General,"A detail is a small individual feature, fact, or item.",A1,The report includes every detail of the project.,Pay attention to every detail when preparing the report.,The project proposal included extensive detail not only on the scope of work and deliverables but also on risk management strategies and contingency plans to address potential challenges.
Detailed,Professional Skills\E-mail Writing,Détaillé,Elaborate,Brief,Detailed means characterized by attention to detail; thorough.,A1,She provided a detailed explanation of the process.,The report provides a detailed analysis of market trends.,"The detailed project report not only outlines the timeline and budget but also includes risk assessments, stakeholder analysis, and comprehensive implementation strategies to ensure successful execution."
Detect,Business\IT,Détecter,Discover,Conceal,To detect means to discover or identify the presence or existence of.,A2,The alarm system is designed to detect any intruders.,The system is designed to detect any anomalies in the data.,Advanced analytics tools are employed not only to detect anomalies in financial transactions but also to predict potential fraud and enhance security measures across all digital platforms.
Deterioration,Practical and everyday life\Medical expressions/First aid,Détérioration,Decline,Improvement,Deterioration refers to the process of becoming progressively worse.,B1,The deterioration of the building was evident from the cracks in the walls.,The deterioration of the equipment was noted in the maintenance report.,The continuous monitoring of market conditions is crucial not only to identify potential opportunities but also to detect early signs of economic deterioration that could impact business performance.
Determine,Business\Legal/ Professional Skills\Project Management,Déterminer,Decide,Hesitate,To determine means to find out or establish something.,B1,A thorough investigation is needed to determine the cause of the fire.,We need to determine the cause of the problem before proceeding.,"Advanced algorithms were employed to determine the optimal allocation of resources, maximizing efficiency and minimizing costs in complex logistical operations."
Determined,Business\HR,Déterminé,Resolute,Indecisive,Determined means having made a firm decision and being resolved not to change it.,B1,She's determined to achieve her goals no matter what., She was determined to achieve her goals despite the challenges.,The leadership team is determined not only to achieve quarterly financial targets but also to implement long-term strategies that promote sustainable growth and innovation within the organization.
Develop,Professional Skills\Project Management/Business\Marketing,Développer,Expand,Stagnate,"To develop means to grow, progress, or improve over time.",A2,The company plans to develop new products for the international market.,The company plans to develop new strategies to improve market share.,The research department aims to develop a new software tool that will enhance data analysis capabilities and streamline workflows across the organization.
Developer,Business\IT,Développeur,Creator,User,"A developer is a person or thing that develops or creates something, especially a piece of software.",A2,He's a software developer working on the latest mobile app.,The developer made a new app for managing tasks.,The software developer is responsible not only for coding new features but also for maintaining and updating existing applications to ensure compatibility and performance across various platforms.
Development,Professional Skills\Project Management,Développement,Growth,Regression,Development refers to the process of developing or being developed.,A2,The development of renewable energy sources is essential for a sustainable future., The development of the new app took several months.,The research and development department focuses not only on product innovation but also on process improvements that enhance efficiency and reduce costs in the manufacturing cycle.
Device,Business\IT,Dispositif,Appliance,Hindrance,"A device is a thing made or adapted for a particular purpose, especially a piece of mechanical or electronic equipment.",B1,The new device is compatible with both Android and iOS.,The device tracks your daily steps.,The new medical device not only offers advanced diagnostic capabilities but also integrates with existing healthcare systems to streamline patient care and improve clinical outcomes.
Diagnose,Practical and everyday life\Medical expressions/First aid,Diagnostiquer,Identify,Misdiagnose,To diagnose means to identify the nature of (an illness or other problem) by examination of the symptoms.,B2,The doctor will diagnose the cause of your symptoms.,The technician will diagnose the problem with the machine.,The diagnostic software is designed not only to diagnose system issues accurately but also to provide actionable insights and automated solutions to minimize downtime and enhance operational efficiency.
Differential,Business\Finance,Différentiel,Unique,Identical,"Differential means of, relating to, or showing a difference.",B1,The differential between the two products is minimal.,We need to understand the sales differential between our products.,The salary differential between junior and senior employees not only reflects the varying levels of responsibility and expertise but also incentivizes career progression and skill development within the company.
Director,Business\HR,Directeur,Manager,Worker,"A director is a person who is in charge of an activity, department, or organization.",A2,She's the director of marketing for the company.,The director will lead the meeting tomorrow.,The newly appointed director is expected not only to oversee the operational efficiency of the department but also to spearhead strategic initiatives aimed at driving long-term growth and innovation.
Disagree,Professional Skills\Team Building,Ne pas être d'accord,Differ,Agree,To disagree means to have or express a different opinion.,B1,It's okay to disagree; healthy debate can lead to better solutions.,They disagree on how to solve the problem.,"While the board members may disagree on certain aspects of the proposed merger, it is crucial to engage in constructive dialogue to reach a consensus that aligns with the company's strategic objectives."
Disagreement,Professional Skills\Team Building/ conflict resolution ,Désaccord,Conflict,Agreement,Disagreement refers to a lack of consensus or approval.,B1,There was a disagreement about how to proceed with the project.,There was a disagreement about the budget.,The disagreement over budget allocations between the marketing and sales teams highlighted the need for a more integrated approach to resource planning and prioritization.
disallow ,Business\Legal,interdire,develop,allow,To disallow means to refuse to allow (something).,B1,The referee disallowed the goal due to a foul.,The rules disallow using phones during work.,The company’s policies disallow the use of personal devices in the workplace to prevent data breaches and maintain security.
Disappointing,Professional Skills\Customer Relationship Building,Décevant,Unsatisfactory,Satisfactory,Disappointing means causing someone to feel disillusioned because something was not as good as expected.,B1,The results of the experiment were disappointing.,The results were disappointing because sales dropped.,"The quarterly financial results were disappointing, falling short of market expectations and prompting the executive team to re-evaluate current strategies and identify areas for improvement."
Disconnect,Business\IT,Déconnecter,Disengage,Connect,To disconnect means to break the connection of or between.,B1,The sudden power outage caused the computer to disconnect from the network., There was a disconnect in the phone call.,The apparent disconnect between customer feedback and product development initiatives underscores the importance of establishing a more robust communication channel to align market needs with innovation efforts.
Discount,Industries\Retail,Réduction,Deduction,Premium,A discount is a deduction from the usual cost of something.,A2,The store is offering a discount on all items this weekend.,They are offering a 10% discount on all items.,The company decided to offer a significant discount on its flagship product not only to boost short-term sales but also to increase market penetration and customer acquisition in a highly competitive sector.
Discrepancy,Business\Finance,Disparité,Difference,Consistency,A discrepancy is a lack of compatibility or similarity between two or more facts.,B2,There seems to be a discrepancy between the two reports.,There is a discrepancy in the sales report.,"The financial audit revealed a discrepancy in the inventory records, necessitating a thorough investigation to ensure accuracy and prevent potential losses or operational disruptions."
Discrimination,Business\HR,Discrimination,Bias,Fairness,Discrimination refers to the unjust or prejudicial treatment of different categories of people or things.,B2,The company has a zero-tolerance policy for discrimination.,The company has a no-discrimination policy.,"The organization is committed to fostering an inclusive workplace culture that actively prevents discrimination and promotes diversity, equity, and inclusion across all levels of the company."
Discuss,Professional Skills\Meetings Skills,Discuter,Debate,Ignore,To discuss means to talk about (something) with another person or group of people.,A2,Let's discuss the details of the proposal at the meeting.,We need to discuss the new project ideas.,The executive team will meet next week to discuss not only the upcoming product launch but also the strategic roadmap for entering new markets and expanding the company's global footprint.
Discussion,Professional Skills\Meetings Skills,Discussion,Conversation,Silence,Discussion refers to the action or process of talking about something in order to reach a decision or to exchange ideas.,A2,"The discussion lasted for hours, but we finally reached a decision.",The discussion focused on improving sales.,The upcoming board meeting will feature an in-depth discussion not only on the financial performance of the last quarter but also on strategic initiatives aimed at driving future growth and innovation.
Dish,Practical and everyday life\Culture,Plat,Cuisine,Cuisine,"A dish is a shallow, typically flat-bottomed container for cooking or serving food.",B1,I ordered the seafood dish for dinner.,The chef prepared a special dish for the event.,The new restaurant chain aims to distinguish itself by offering a signature dish that not only highlights locally sourced ingredients but also caters to the evolving tastes and preferences of a health-conscious customer base.
Dismiss,Business\HR,Rejeter,Reject,Accept,To dismiss means to order or allow to leave; send away.,B2,The judge decided to dismiss the case due to lack of evidence.,The manager decided to dismiss the employee.,"The CEO decided to dismiss the proposal for a joint venture, citing concerns over potential conflicts of interest and alignment with the company's long-term strategic goals."
Dismissive,Professional Skills\Customer Relationship Building,Dédaigneux,Disregard,Accepting,Dismissive means showing that something is unworthy of consideration.,B2,He gave a dismissive wave of his hand and walked away.,His dismissive attitude upset his colleagues.,The manager's dismissive attitude towards employee feedback not only undermines team morale but also stifles opportunities for process improvement and innovation.
Display,Business\Marketing,Afficher,Exhibit,Hide,To display means to make a prominent exhibition of (something) in a place where it can be easily seen.,B1,The museum has a display of ancient artifacts., The new product will be on display next week.,"The trade show booth was designed to display the company's latest technological advancements, providing interactive demonstrations to attract potential clients and industry partners."
Disposable,Practical and everyday life\Guide,Jetable,Discardable,Permanent,Disposable means intended to be used once and then thrown away.,B2,Please use the disposable gloves when handling the chemicals.,We use disposable cups at the office.,The company is transitioning away from disposable packaging materials towards more sustainable alternatives to meet growing consumer demand for environmentally friendly products.
Dispose,Practical and everyday life\Guide,Se débarrasser de,Discard,Retain,To dispose means to get rid of (someone or something) by throwing it away or giving it to someone else.,B2,You can dispose of the packaging in the recycling bin.,You should dispose of the trash properly.,"The regulatory compliance team developed a new protocol to safely dispose of hazardous materials, ensuring that the company's operations adhere to environmental protection standards."
Dispute,Business\Legal,Dispute,Argument,Agreement,"A dispute is a disagreement, argument, or debate.",B1,The two parties are in a dispute over land ownership.,They had a dispute over the contract terms.,"The legal department is currently managing a complex dispute with a former supplier, involving breach of contract claims and negotiations for a mutually acceptable settlement."
disrupted,Business\Operations,perturbé,disturbed,undisturbed,Disrupted means interrupted or disturbed.,C1,The flight schedule was disrupted due to bad weather.,The construction disrupted our workday.,"Unexpected geopolitical events severely disrupted the supply chain, causing delays in the delivery of key materials and necessitating the implementation of contingency plans to mitigate the impact."
Disruption,Business\Supply Chain,Perturbation,Disturbance,Stability,"Disruption refers to the disturbance or problems that interrupt an event, activity, or process.",B2,The construction work caused a disruption to traffic in the area.,The power outage caused a disruption in service.,The global supply chain disruption caused by unforeseen events has prompted the company to reassess its risk management strategies and diversify its supplier base to enhance resilience
dissatisfaction,Professional Skills\Interpersonal Skills,insatisfaction,discontent,satisfaction,Dissatisfaction is the state of being unhappy or dissatisfied with someone or something.,B2,There was widespread dissatisfaction with the government's policies.,Customer dissatisfaction led to changes in service.,"Growing dissatisfaction among shareholders regarding the company’s stagnant performance prompted a strategic overhaul, including leadership changes and the implementation of new growth initiatives"
Distinctive,Business\Marketing,Distinctif,Unique,Ordinary,Distinctive means characteristic of one person or thing and so serving to distinguish it from others.,B2,The design of the building is distinctive and unique., The new logo is distinctive and easy to recognize.,The brand's distinctive visual identity and innovative product design not only set it apart from competitors but also create a strong emotional connection with consumers.
Distinguish,Business\Marketing,Distinguer,Differentiate,Confuse,To distinguish means to recognize or treat (someone or something) as different.,B2,It's important to distinguish between fact and opinion., It’s important to distinguish between the two products.,"To distinguish themselves in a crowded market, companies must not only offer superior products and services but also deliver exceptional customer experiences and build lasting relationships."
Distribute,Business\Supply Chain,Distribuer,Allocate,Collect,To distribute means to give shares of (something); deal out.,B1,Volunteers will distribute food to those in need.,We need to distribute the flyers to all stores.,The logistics team developed an efficient plan to distribute not only the new product line but also promotional materials to retail partners across multiple regions within a tight timeframe.
Distribution,Business\Supply Chain,Distribution,Delivery,Collection,Distribution refers to the action of sharing something out among a number of recipients.,B1,The distribution of wealth is uneven in many countries.,The distribution of the new product started today.,"The company revamped its distribution network, incorporating advanced technology to optimize supply chain operations and ensure timely delivery to both domestic and international markets."
Dividend,Business\Finance,Dividende,Earnings,Debt,A dividend is a sum of money paid regularly (typically quarterly) by a company to its shareholders out of its profits.,B1,Shareholders received a dividend payment at the end of the year.,Shareholders received a dividend at the end of the year.,"The board of directors announced a substantial dividend payout, reflecting the company's strong financial performance and commitment to delivering value to its shareholders."
Document,Professional Skills\E-mail Writing,Document,Record,Fiction,"A document is a piece of written, printed, or electronic matter that provides information or evidence.",A1,Make sure to document all your expenses for reimbursement.,Please document all the changes in the file.,"The compliance officer meticulously prepared a document outlining the new regulatory requirements, ensuring that all departments were informed and aligned with the updated standards."
documentary,Business\Media,documentaire,factual,fictional,Documentary refers to a film or television or radio program that provides a factual record or report.,A1,She watched a documentary about wildlife conservation.,The documentary showed the company’s history.,"The documentary film chronicling the company’s history highlighted its innovative spirit, resilience, and unwavering commitment to excellence, offering an inspiring narrative for stakeholders."
documented,Business\Administration,documenté,recorded,undocumented,Documented means recorded or proven with written evidence.,A2,The findings of the study are well-documented in the research paper.,All incidents must be documented in the report.,"The standard operating procedures were thoroughly documented to provide comprehensive guidelines for employees, ensuring consistency in operations and facilitating onboarding and training processes."
documenting,Business\Administration,documentation,recording,erasing,Documenting means creating a record or written evidence of something.,A2,He spent the afternoon documenting the archaeological finds., We are documenting the project’s progress.,"Documenting all phases of the project lifecycle is essential for tracking progress, identifying bottlenecks, ensuring accountability, and facilitating post-project analysis and knowledge transfer."
documents,Business\Administration,documents,records,destroys,Documents refer to written or printed material that provides information or evidence.,A1,Make sure to keep all important documents in a safe place.,Make sure all documents are signed.,"All crucial documents must be meticulously stored, systematically organized, and regularly backed up to prevent data loss and ensure compliance with both internal policies and external regulatory mandates."
Domestic,Business\Finance,Intérieur / National,Home,Foreign,Domestic refers to the interior of a country or its territory.,B1,Domestic violence is a serious issue that affects families worldwide.,The company focuses on domestic sales.,Fluctuations in domestic currency exchange rates can have significant implications for businesses engaged in international trade
Donate,Business\HR,Donner,Contribute,Withhold,"To donate means to give (money or goods) for a good cause, for example, to a charity.",B1,I donated all my old clothes to charity.,We encourage employees to donate to charity.,"In response to the natural disaster, the corporation decided to donate not only financial resources but also essential supplies and volunteer support to aid affected communities."
Donation,Business\HR,Don,Contribution,Withdrawal,A donation is a gift or contribution made to a charity or other worthwhile cause.,B1,Thank you for your generous donation to the school.,The donation helped fund the new library.,"The company’s charitable foundation received a significant donation from an anonymous benefactor, which will be used to fund educational programs and community development projects."
Double,Business\Finance,Double,Dual,Single,"Double means consisting of two equal, identical, or similar parts or things.",A1,The company doubled its profits in the last quarter.,We need to double our efforts to meet the deadline.,The marketing strategy aims to double the company's market share within the next two years by leveraging data-driven insights and targeted advertising campaigns.
Down payment,Business\Finance,Acompte,Deposit,Full payment,A down payment is an initial payment made when something is bought on credit.,B2,We had to make a down payment of 20% on the house.,You need a down payment to buy the house.,"The buyer made a substantial down payment to secure the commercial property, demonstrating serious intent and commitment to the purchase."
Download,Business\IT,Télécharger,Obtain,Upload,"To download means to copy (data) from one computer system to another, typically over the internet.",A2,You can download the app for free from the app store.,You can download the report from the website.,"Customers are encouraged to download the latest version of the app, which includes new features and enhancements designed to improve user experience and engagement."
Downmarket,Industries\Retail,Bas de gamme/Haut de gamme,Economy,Luxury,"Downmarket refers to products or services aimed at a less affluent market, while upmarket refers to those targeting a more affluent market.",B2,This brand is trying to move upmarket with its latest collection.,The store is in a downmarket area.,"The decision to introduce a downmarket product line was met with skepticism from investors, who questioned its potential impact on the brand's premium image and profitability."
Downsize,Business\HR,Réduire,Decrease,Expand,To downsize means to make (a company or organization) smaller by shedding staff or divisions.,B2,The company had to downsize due to financial difficulties., The company plans to downsize its staff.,"Due to the economic recession, the company made the difficult decision to downsize its workforce, implementing a phased approach to minimize the impact on employees and maintain operational efficiency."
Downturn,Business\Finance,Récession,Decline,Growth,"Downturn refers to a decline in economic, business, or other activity.",B2,The economic downturn led to widespread job losses., The economic downturn affected many businesses.,"The prolonged economic downturn has necessitated a reevaluation of business strategies, focusing on cost reduction and innovation to navigate the challenging market conditions."
Downward,Business\Finance,Vers le bas,Descending,Upward,Downward means moving or extending towards a lower position or level.,B2,The graph shows a downward trend in sales.,Sales have been going downward lately.,"The CFO presented a detailed report on the downward trend in sales, highlighting potential causes and recommending corrective actions to reverse the decline and stabilize revenue."
Dramatic,Professional Skills\Story Telling,Spectaculaire,Striking,Gradual,Dramatic means exciting or impressive.,B1,There was a dramatic increase in temperature overnight.,There was a dramatic rise in sales after the ad campaign.,The dramatic increase in online sales during the holiday season not only boosted the company's quarterly revenue but also highlighted the effectiveness of its digital marketing campaigns.
Drastic,Professional Skills\Story Telling,Drastique,Extreme,Mild,Drastic means likely to have a strong or far-reaching effect; radical and extreme.,B1,The company made a drastic decision to restructure the organization.,They made drastic changes to cut costs.,"The CEO implemented drastic cost-cutting measures, including workforce reductions and facility closures, to stabilize the company's financial position in response to the severe market downturn."
Drastically,Professional Skills\Story Telling,Drastiquement,Radically,Slightly,Drastically means in a way that is likely to have a strong or far-reaching effect.,B1,The price of oil has dropped drastically in the last month., Costs have increased drastically this year.,"Consumer behavior has drastically shifted towards sustainable products, prompting businesses to innovate and adapt their product lines to meet new environmental standards and customer expectations."
Draw,Professional Skills\Story Telling,Tirage,Pull,Push,"To draw means to produce (a picture or diagram) by making lines and marks on paper with a pencil, pen, etc.",B1,She likes to draw in her spare time., We need to draw up a new plan.,The comprehensive market analysis aims to draw insights from consumer trends and competitor strategies to inform the company's next product development cycle and marketing approach.
Draw up,Business\Legal,Rédiger / Élaborer,Draft,Abandon,To draw up means to create or prepare a document or plan.,B2,The lawyers will draw up a contract outlining the terms of the agreement.,The lawyer will draw up the contract.,"Legal experts were commissioned to draw up a detailed contract that meticulously outlined the rights and obligations of each party, leaving no room for ambiguity or dispute."
Drawer,Practical and everyday life\Guide,Tiroir,Compartment,Open,"A drawer is a box-like storage compartment without a lid, made to slide horizontally in and out of a desk, chest, or other piece of furniture.",B1,The key to the file cabinet is in the top drawer.,Keep the documents in the top drawer.,"The finance manager locked the sensitive financial documents in a secure drawer, ensuring that confidential information was protected from unauthorized access."
Drive,Business\HR,Conduire,Motivate,Hinder,To drive means to operate and control the direction and speed of a motor vehicle.,B1,It's about a two-hour drive from here to the beach., The ad campaign aims to drive more traffic to the site.,"The new incentive program was designed to drive employee performance and engagement, aligning individual goals with the company's strategic objectives to foster a high-performance culture."
Drop,Business\Finance,Goutte,Decrease,Increase,A drop is a small round or pear-shaped portion of liquid that hangs or falls or adheres to a surface.,B1,Be careful not to drop your phone in the water., We saw a drop in sales last month.,"The unexpected drop in stock prices led to investor concerns, prompting the company to release a statement addressing the market conditions and outlining steps being taken to regain stability."
Dull,Professional Skills\Customer Relationship Building,Terne,Boring,Bright,Dull means lacking interest or excitement.,B2,The movie was so dull that I fell asleep halfway through.,The presentation was dull and uninteresting.,"The presentation was anything but dull, featuring dynamic visuals and interactive elements that captured the audience's attention and effectively conveyed key business insights."
Duration,Practical and everyday life\Time,Durée,Length,Instant,Duration refers to the time during which something continues.,B1,The duration of the flight is approximately four hours.,The project’s duration is three months.,"The project timeline was extended to account for the longer duration needed to complete the additional research and development phases, ensuring the final product met all quality standards."
Duty-free,Practical and everyday life\Guide,Hors taxes,Tax-free,Taxable,"Duty-free means free from obligation, tax, or duty.",B2,The duty-free shop at the airport sells a variety of goods.,Duty-free items can be bought at the airport.,"The company capitalized on the opportunity to open a new retail outlet in a duty-free zone, attracting international travelers and increasing sales of luxury goods."
Earn,Business\Finance,Gagner,Gain,Lose,To earn means to receive (money) in return for work.,B1,He works hard to earn a living for his family.,You can earn bonuses based on your performance.,"Through a combination of strategic investments and operational efficiencies, the company was able to earn record profits, rewarding shareholders with increased dividends and reinvestments in growth initiatives."
Earnings,Business\Finance,Revenus,Income,Expenditure,Earnings refer to money obtained in return for labor or services.,B1,His earnings have increased since he started his own business., The company’s earnings are up this quarter.,"The company's quarterly earnings report not only exceeded analyst expectations but also demonstrated robust growth across multiple revenue streams, reflecting a successful execution of its strategic initiatives."
Economical,Business\Finance,Économique,Thrifty,Wasteful,"Economical means giving good value or service in relation to the amount of money, time, or effort spent.",A2,Buying in bulk is more economical in the long run.,The new process is more economical.,Adopting an economical approach to resource management allows the company not only to reduce operational costs but also to allocate savings towards innovative projects that drive future growth
Economize,Business\Finance,Économiser,Save,Spend,To economize means to spend less; reduce one's expenses.,B1,We need to economize and cut unnecessary expenses.,We need to economize to save money.,"In light of the budget constraints, the finance department proposed several measures to economize, including renegotiating supplier contracts and optimizing energy usage across all facilities."
Economy,Business\Finance,Économie,Thrift,Lavishness,"Economy refers to the wealth and resources of a country or region, especially in terms of the production and consumption of goods and services.",A2,The global economy is experiencing a period of uncertainty.,The local economy is improving.,"The global economy's fluctuations have a profound impact on the company's international operations, necessitating agile strategies to navigate market volatility and sustain competitive advantage."
Effective,Professional Skills\Project Management,Efficace,Efficient,Ineffective,Effective means successful in producing a desired or intended result.,B1,Regular exercise is effective in reducing stress levels.,The new policy is effective in increasing sales.,"The new training program proved to be highly effective, equipping employees with the skills and knowledge needed to enhance productivity and adapt to the evolving demands of the industry."
Effectively,Professional Skills\Project Management,Efficacement,Efficiently,Ineffectively,Effectively means in a way that is successful in producing a desired or intended result.,B1,She communicated her ideas effectively during the presentation., We need to communicate more effectively.,"To effectively communicate the benefits of the new product line, the marketing team developed a comprehensive campaign that utilized multiple channels to reach a diverse audience."
Effectiveness,Professional Skills\Project Management,Efficacité,Efficiency,Ineffectiveness,Effectiveness refers to the degree to which something is successful in producing a desired result.,B1,The effectiveness of the new drug has been proven in clinical trials.,We’ll check the effectiveness of the new method.,The effectiveness of the company's customer service initiatives was reflected in the significant increase in customer satisfaction scores and repeat business over the past year.
efficacy,Professional Skills\Work Efficiency,efficacité,potency,ineffectiveness,Efficacy is the ability to produce a desired or intended result.,B2,The efficacy of the new drug has been proven in clinical trials.,The efficacy of the new drug is still being tested.,"The efficacy of the newly devised marketing strategy was unequivocally demonstrated by the substantial increase in customer engagement, conversion rates, and overall brand visibility."
Efficiency,Professional Skills\Project Management,Efficacité,Effectiveness,Inefficiency,Efficiency refers to the ability to accomplish a task with minimal expenditure of time and effort.,B1,The new software improved the efficiency of our workflow.,The new machine improves efficiency.,"The implementation of advanced automation technologies has significantly improved operational efficiency, reducing production time and"
gap,Business\Analytics,"Un écart, une différence, une variation",disparity,similarity,"A gap, a difference, a variation refers to a difference or distance between two or more things.",A2,There is a significant gap between the rich and the poor in this country.,There is a gap between our production and demand.,"The financial analysis revealed a significant gap, a difference, and a variation between projected and actual earnings, prompting a detailed review of underlying factors."
acceptted ,Professional Skills\Customer Relationship Building,Accepter,Receive,Reject,To receive willingly something offered.,A1,The board accepted the revised budget plan recognizing its importance ,The proposal was accepted by the team.,"After thorough negotiations, the board of directors reluctantly accepted the resignation of the CFO, citing the need to maintain organizational stability during the leadership transition. """
Accounted for,Business\Finance,Expliquer / Justifier,Explain,Neglect,To account for means to explain or justify something.,B1,"The financial discrepancies were meticulously accounted for in the audit, providing a clear and accurate financial overview",All expenses were accounted for in the budget.,The financial analyst meticulously accounted for all expenses and revenues to produce accurate quarterly reports for investors and stakeholders.
acted ,Professional Skills\Story Telling; Practical and everyday life\Culture,Agir,Perform,Refrain,To perform an action.,A2,"The management team acted promptly to implement the new strategy, resulting in immediate improvements in operational efficiency.",She acted quickly to fix the problem.,"The board of directors swiftly acted upon shareholder concerns, implementing governance reforms to enhance transparency and accountability."
Adapted,Professional Skills\Project Management,S'adapter,Adjust,Resist,To modify to fit a situation.,B1,The company adapted its strategies to meet new market demands and improve efficiency,The company adapted to new market conditions.,"In response to shifting consumer preferences, the retailer adapted its product offerings to include more sustainable and eco-friendly options, aligning with emerging market trends."
admired ,Practical and everyday life\Politeness,Admirer,Respect,Disapprove,"To admire means to regard with respect, approval, or warm approval.",B1,The innovative approach of the startup was admired by industry leaders for its creativity and effectiveness.,His work was admired by his peers.,"The CEO publicly admired the dedication and innovation demonstrated by the research and development team, highlighting their contributions to the company's success."
admitted ,Professional Skills\Customer Relationship Building; Business\Legal,Admettre,Acknowledge,Deny,To admit means to allow entry or access; confess to be true or to be the case.,B1,The manager admitted that the project's initial budget was underestimated and promised to revise the financial plan,The company admitted to the error.,"The company's spokesperson reluctantly admitted to a temporary setback in production due to unforeseen supply chain disruptions, reassuring stakeholders of swift resolution."
Advertisements,Business\Marketing,Publicité,Promotion,Secrecy,"An advertisement is a notice or announcement promoting a product, service, or event.",B1,The company launched multiple advertisements across various media to reach a broader audience,The advertisements are everywhere now.,The company invested heavily in digital advertisements to enhance brand awareness and drive traffic to its newly launched e-commerce platform.
Advised,Professional Skills\Customer Relationship Building,Conseiller,Recommend,Dissuade,To advise means to offer advice or counsel to someone.,B1,I advised them to work harder to get a promotion ,The consultant advised a change in strategy.,"The legal counsel advised the board of directors on compliance issues related to international trade regulations, ensuring the company's operations remained legally sound."
Affected,Business\Legal,Affecter,Influence,Unaffected,Affect means to have an influence on or cause a change in something.,B1,The change in policy will affected everyone in the company.,The weather affected the event’s turnout.,"The fluctuating exchange rates significantly affected the profitability of the multinational corporation's overseas subsidiaries, prompting a strategic review of currency hedging strategies."
aisles ,Practical and everyday life\Transportation,Allée,Passage,Blockage,"An aisle is a passageway between rows of seats in a building such as a church, theater, or airplane.",B1,"The supermarket organized the aisles into clear sections for produce, dairy, and bakery items, making it easier for customers to find what they need.",The store has wide aisles for easy shopping.,"The supermarket redesigned its layout to widen the aisles and enhance social distancing measures, ensuring a safer shopping experience for customers during peak hours."
Anticipated,Professional Skills\Project Management,Anticiper,Foresee,Be surprised,Anticipate means to expect or predict something to happen.,B1,We anticipated the market crash , The launch is anticipated to be a big success.,The logistics team anticipated increased demand during the holiday season and proactively ramped up inventory levels to ensure uninterrupted supply chain operations.
Apology,Practical and everyday life\Politeness,S'excuser,Say sorry,Accuse,an apology means to express regret or say sorry for something that one has done wrong.,A2,an apology is a must have treat in the corporate world ,The company issued an apology for the delay.,"The company issued a formal apology to customers affected by a service outage, acknowledging the inconvenience and committing to improving service reliability in the future."
Appliances,Practical and everyday life\Guide,Appareil,Device,Manual labor," appliances are devices or machines used for a particular purpose, typically a household task.",B1,The store featured a range of energy-efficient appliances to attract environmentally conscious customers,The store sells home appliances like washers and dryers.,"The electronics retailer launched a promotion offering discounts on kitchen appliances, driving sales and attracting homeowners renovating their kitchens."
Applicants,Business\HR,Candidat,Candidate,Reject,applicants are people who apply  for a job or is considered for a position or honor.,B1,The company interviewed several qualified applicants for the open position.,We received many applicants for the job.,"The HR department reviewed numerous applications from qualified applicants for the vacant senior management position, conducting rigorous interviews to identify the best candidate."
Approved,Business\Legal,Approuver,Agree,Disapprove,To approve means to officially agree to or accept as satisfactory.,B1,The appropriation of funds was approved by the finance committee.,The budget was approved by the board.,"The board of directors unanimously approved the acquisition deal, signaling confidence in the strategic benefits and potential synergies outlined in the proposal."
Areas,Practical and everyday life\Guide,Zone,Region,Outsideness,"Area refers to a region or part of a town, a country, or the world.",A2,They decided to share the areas rather than go to court.,We are focusing on new market areas.,The retail chain identified suburban areas as prime locations for expansion due to growing consumer demand and favorable demographic profiles.
Arguing ,Business\Legal; Professional Skills\Story Telling,Argumenter,Debate,Agree,"To argue means to give reasons or cite evidence in support of an idea, action, or theory.",B1,they spent the last three years arguing about whose the real owner of the land ,They were arguing about the new policy.,"The legal team advised against arguing minor contract clauses during negotiations, focusing instead on strategic terms that would benefit the company long-term."
Arranged,Professional Skills\Project Management,Organiser,Organize,Disorganize,"To arrange means to put something in a neat, attractive, or required order.",B1,the HR deparetemnt arranged a party to celebrate the increase in turnover ,The meeting was arranged for next week.,"The logistics manager arranged expedited shipping for critical components to meet production deadlines, minimizing delays and ensuring customer satisfaction."
Arrangements,Professional Skills\Project Management,Arrangement,Organization,Disorganization,arrangements refer to the organization or planning of something.,B1,the arrangement made by the ceo was not suitable for everyone ,Travel arrangements were made for the conference.,"Negotiating the intricate arrangements for the international summit required diplomacy, foresight, and meticulous attention to detail, and executives from across the globe eagerly attend the prestigious conference, eager to exchange insights and forge strategic partnerships."
Authorized,Business\Legal,Autoriser,Permit,Forbid,To authorize means to give official permission for or approval to do something.,B1,"Only authorized personnel are allowed to access the secure data files, ensuring that sensitive information remains protected from unauthorized use.",Only authorized staff can access this area.,"The CFO was authorized to sign off on large expenditures, ensuring that all significant financial commitments aligned with the company's strategic goals."
Assembled,Professional Skills\Team Building,Assembler,Put together,Disassemble,To assemble means to gather together in one place for a common purpose.,B1,"The team assembled the prototype, testing each component for quality.",The team was assembled for the project.,"The manufacturing team assembled components into finished products with precision and efficiency, meeting strict quality standards and delivery timelines."
Assessment,Professional Skills\Project Management,Évaluer,Evaluate,Neglect,"To assess means to evaluate or estimate the nature, ability, or quality of something.",B1,The manager carries an assessment of the project's progress each week.,We need an assessment of the new system.,"The financial auditor conducted a thorough assessment of the company's financial statements, identifying potential risks and ensuring compliance with accounting standards."
Benefits,Business\Finance,Avantage,Advantage,Disadvantage,A benefit is an advantage or profit gained from something.,B1,One of the benefits of working here is the flexible schedule.,"The job has many benefits, including health insurance.","The enhanced health insurance plan offers comprehensive benefits to employees, including dental and vision coverage, thus improving overall job satisfaction and retention."
Assigned,Business\HR,Assigner,Allocate,Unassign,To assign means to allocate a task or responsibility to someone.,B1,The company's assigned the job to a new employer , Tasks were assigned to each team member.,"The project manager assigned tasks to team members based on their expertise and availability, ensuring a balanced workload and efficient project execution."
Assumed,Professional Skills\Story Telling,Supposer,Presume,Doubt,"To assume means to suppose something to be the case, without proof.",B1,he assumed he will be fired after his mistake ,She assumed the role of team leader.,"The market analyst assumed a bullish outlook on the technology sector, predicting robust growth fueled by innovation and increasing consumer demand."
Boosted,Business\Marketing; Business\Sales (CSR),Augmenter,Increase,Decrease,To boost means to help or encourage (something) to increase or improve.,B1,The new marketing strategy boosted the  sales.,The new ad boosted sales significantly.,"The recent marketing campaign significantly boosted the company's online presence, resulting in a 20% increase in website traffic and a surge in sales."
Characterized,Professional Skills\Story Telling,Caractériser,Describe,Misidentify,To characterize means to describe the distinctive nature or features of.,B1,His actions are characterized by kindness and generosity.,The market is characterized by high competition.,"The company is characterized by its commitment to sustainability, implementing eco-friendly practices across all operations to minimize environmental impact."
CompatibIlity,Business\IT,Compatible,Consistent,Incompatible,Compatible means able to exist or occur together without conflict.,A2,The software's compatibility with various operating systems ensures that users can access its features regardless of their device,The software’s compatibility is important for integration.,"The software update ensures compatibility with existing operating systems, minimizing disruptions for users during the transition phase."
Compensation,Business\HR,Compenser,Reimburse,Withhold,To compensate means to make up for something unwelcome or unpleasant by exerting an opposite force or effect.,B1,"The company reviewed its compensation structure to ensure it was competitive and fair, offering adjustments to salaries and benefits based on market standards and employee performance.", The job offers a good compensation package.,"The company offered a generous compensation package, including performance-based bonuses and stock options, to attract and retain top talent in a competitive job market."
Complimented,Practical and everyday life\Politeness,Compliment,Praise,Insult,A compliment is a polite expression of praise or admiration.,B1,She complimented heron her presentation skills.,She complimented the team on their work.,The CEO's public commendation not only complimented the team's exceptional performance and dedication but also reinforced a culture of recognition and motivation within the organization
Confirmed,Professional Skills\E-mail Writing,Confirmer,Verify,Refute,To confirm means to establish the truth or correctness of something previously believed or suspected.,A2,have you confirmed your attendance at the meeting?,The meeting time was confirmed by email.,The legal team reviewed and confirmed not only the accuracy of contractual terms and conditions but also compliance with regulatory guidelines before finalizing the merger agreement between the two multinational corporations.
Considered,Professional Skills\Project Management; Business\Legal,Considérer,Contemplate,Ignore,"To consider means to think carefully about (something), typically before making a decision.",A2,We  considered all options before making a decision., The plan was considered by the management.,"Before finalizing the acquisition deal, the board carefully considered not only financial due diligence and market analysis but also cultural alignment and integration strategies to ensure seamless transition and long-term success."
Consulted,Professional Skills\Customer Relationship Building,Consulter,Seek advice,Disregard,To consult means to seek information or advice from (someone with expertise in a particular area).,B1,consulted with the legal team before proceeding.,We consulted with experts on the new project.,"Before making a strategic decision on market expansion, the executive team consulted not only industry experts and market analysts but also regulatory advisors to assess risks and opportunities in the new market."
Continuing ,Professional Skills\Project Management,Continuer,Persist,Cease,To continue means to persist in an activity or process.,B1,we are continuing our discussion after the break., We are continuing to improve our services.,"Despite market fluctuations, the company's strategic investment strategy remains steadfast, continuing not only to diversify portfolios but also to capitalize on emerging market opportunities for long-term growth and sustainability."
Elderly,Practical and everyday life\Medical expressions/First aid,Personne âgée,Senior,Youthful,Elderly refers to people who are old or aging; senior citizens.,B1,The program provides assistance to elderly individuals living alone., The program helps the elderly with daily tasks.,"The healthcare company developed a range of innovative products tailored to the needs of the elderly population, focusing on improving their quality of life and providing cost-effective healthcare solutions."
Electrical,Business\IT; Industries\Real Estate,Électrique,Electric,Manual,Electrical means relating to or operated by electricity.,B1,The electrical wiring in the building needs to be updated., The electrical system was upgraded last year.,The company invested in advanced electrical systems to not only improve energy efficiency but also to reduce operational costs and support its sustainability initiatives.
Elevator,Practical and everyday life\Transportation,Ascenseur,Lift,Stairs,"An elevator is a machine consisting of a platform that moves up and down, used for raising and lowering people or things to different levels.",B1,Please take the elevator to the fifth floor., The elevator was out of order yesterday.,"During the office renovation, the installation of a high-speed elevator was prioritized to enhance accessibility and improve the overall efficiency of the building's vertical transportation"
Embark,Practical and everyday life\Transportation,Embarquer,Board,Disembark,"To embark means to go on board a ship, aircraft, or other vehicle.",B1,They're planning to embark on a round-the-world trip next year.,We will embark on the new project next week.,"The startup decided to embark on an ambitious expansion plan, targeting international markets to diversify its revenue streams and capitalize on emerging opportunities."
Emergency,Practical and everyday life\Medical expressions/First aid,Urgence,Crisis,Stability,"An emergency is a serious, unexpected, and often dangerous situation requiring immediate action.",B1,"In case of emergency, please dial 911.", An emergency plan is in place for any issues.,The new emergency response protocol was designed to ensure the safety of all employees and minimize downtime during unforeseen incidents such as natural disasters or technical failures.
Emphasize,Professional Skills\Story Telling,Mettre en avant,Highlight,Understate,To emphasize means to give special importance or prominence to (something) in speaking or writing.,B1,I can't emphasize enough how important this is.,We need to emphasize the importance of teamwork.,The CEO's speech emphasized the importance of innovation and customer-centric strategies in driving the company's long-term growth and maintaining a competitive edge in the market.
Employ,Business\HR,Employer,Hire,Fire,To employ means to give work to (someone) and pay them for it.,B1,The company plans to employ new staff next month.,The company will employ new workers next month.,"To stay ahead in the industry, the company decided to employ cutting-edge technologies and data analytics to optimize its operations and deliver superior customer experiences."
Employee,Business\HR,Employé,Worker,Employer,"An employee is a person employed for wages or salary, especially at non-executive level.",B1,All employees must attend the safety training session.,Each employee must attend the training session.,The comprehensive employee training program not only enhances skill development but also fosters a culture of continuous improvement and professional growth within the organization.
Employer,Business\HR,Employeur,Boss,Employee,An employer is a person or organization that employs people.,B1,The employer is responsible for providing a safe work environment.,The employer is responsible for providing a safe workplace.,"As a leading employer in the region, the company is committed to providing a supportive work environment, competitive benefits, and opportunities for career advancement."
Employment,Business\HR,Emploi,Occupation,Unemployment,Employment refers to the condition of having paid work.,B1,Employment opportunities in the tech industry are on the rise., He is seeking employment in the tech industry.,"The new employment policies were designed to attract top talent, promote diversity and inclusion, and ensure compliance with evolving labor laws and regulations."
Enable,Business\IT,Permettre,Allow,Prevent,To enable means to give (someone or something) the authority or means to do something.,B1,The new software will enable us to streamline our workflow.,This tool will enable us to work more efficiently.,"The integration of the new software system will enable the company to streamline its operations, improve data accuracy, and enhance overall productivity."
Enclose,Professional Skills\E-mail Writing,Joindre,Include,Exclude,To enclose means to close in or surround on all sides; to envelop.,B1,Please enclose a copy of your resume with your application.,Please enclose the completed form with your application.,"Please enclose all necessary documents, including your resume, cover letter, and references, with your job application to ensure it is processed promptly."
Encourage,Professional Skills\Team Building,Encourager,Inspire,Discourage,"To encourage means to give support, confidence, or hope to (someone).",B1,I encourage you to pursue your dreams., The manager will encourage employees to share their ideas.,The management team actively encourages employees to participate in professional development programs and pursue certifications to advance their careers.
Endurance,Professional Skills\Team Building,Endurance,Stamina,Weakness,Endurance refers to the ability to endure an unpleasant or difficult process or situation without giving way.,B1,Long-distance runners need a lot of endurance to complete a marathon.,Running a marathon requires great endurance.,The project manager's endurance and unwavering commitment were crucial in overcoming challenges and ensuring the successful completion of the high-stakes project.
Endure,Professional Skills\Team Building,Endurer,Tolerate,Succumb,To endure means to suffer (something painful or difficult) patiently.,B1,"Despite the challenges, she managed to endure and overcome them.", The team had to endure several setbacks before succeeding.,"The company had to endure a challenging economic period, implementing strategic cost-saving measures and focusing on core competencies to maintain stability."
Engineer,Business\IT; Industries\Real Estate,Ingénieur,Designer,Amateur,"An engineer is a person who designs, builds, or maintains engines, machines, or public works.",B1,He's an engineer working for a multinational corporation., The engineer designed the new bridge.,The chief engineer led the development of innovative solutions that not only improved product performance but also reduced manufacturing costs and environmental impact.
Engineering,Business\IT; Industries\Real Estate,Ingénierie,Technology,Inaction,"Engineering is the branch of science and technology concerned with the design, building, and use of engines, machines, and structures.",B1,She's studying engineering at university., She is studying engineering at university.,The engineering department collaborated with the marketing team to design products that meet customer needs and stand out in a competitive marketplace.
Enhance,Business\Marketing,Améliorer,Improve,Diminish,"To enhance means to intensify, increase, or further improve the quality, value, or extent of.",B1,The company aims to enhance the customer experience.,The new software will enhance productivity.,"The organization implemented a new CRM system to enhance customer relationship management, streamline sales processes, and improve client satisfaction."
Ensure,Business\HR,Assurer,Guarantee,Endanger,To ensure means to make certain that (something) shall occur or be the case.,B1,We need to ensure that all safety regulations are followed.,We must ensure that all data is secure.,"To ensure the highest standards of quality, the company implemented rigorous testing procedures and continuous monitoring throughout the production process."
Enterprise,Business\HR,Entreprise,Company,Individual,"An enterprise is a project or undertaking, typically one that is difficult or requires effort.",B1,Starting a business requires a lot of enterprise and dedication.,They started a new enterprise in renewable energy.,"The enterprise resource planning (ERP) system was upgraded to integrate various business processes, enhance data visibility, and support strategic decision-making."
Enthusiastic,Professional Skills\Team Building,Enthousiaste,Eager,Indifferent,"Enthusiastic means showing intense and eager enjoyment, interest, or approval.",B1,She's always enthusiastic about trying new things.,The team is enthusiastic about the new project.,"The team was enthusiastic about the new project, eagerly collaborating and contributing creative ideas to ensure its success."
Enthusiastically,Professional Skills\Team Building,Avec enthousiasme,Eagerly,Reluctantly,"Enthusiastically means in a manner characterized by intense and eager enjoyment, interest, or approval.",B1,They welcomed the idea of a team-building retreat enthusiastically.,She spoke enthusiastically about the upcoming event.,"Employees enthusiastically participated in the company's volunteer program, dedicating their time and skills to support community initiatives."
Entitlement,Business\HR,Droit,Claim,Refusal,An entitlement is the fact of having a right to something.,B1,Employees are entitled to a certain number of vacation days per year.,Employees have an entitlement to paid leave.,"The company's benefits package includes an entitlement to paid leave, health insurance, and retirement savings plans, ensuring employee well-being and financial security."
Entrée,Practical and everyday life\Culture,Plat principal,Main course,Appetizer,Entrée refers to the main course of a meal.,B1,The main entrée of the evening was a delicious seafood dish.,The entrée at the dinner was delicious.,"The corporate event featured an exquisite entrée, carefully selected to impress the guests and reflect the company's commitment to quality and hospitality."
Environment,Industries\Education; Practical and everyday life\Culture,Environnement,Surroundings,Isolation,"Environment refers to the surroundings or conditions in which a person, animal, or plant lives or operates.",B1,We need to protect the environment for future generations.,We need to protect the environment for future generations.,"Creating a positive work environment is essential for employee satisfaction, productivity, and retention, and the company continually seeks to improve workplace conditions."
Environmental,Industries\Education; Practical and everyday life\Culture,Environnemental,Ecological,Man-made,Environmental means relating to the natural world and the impact of human activity on its condition.,B1,The environmental impact of the project needs to be assessed.,The company is committed to environmental sustainability.,"The company's environmental policies focus on reducing carbon emissions, minimizing waste, and promoting sustainable practices throughout its operations."
Equivalent,Business\Finance,Équivalent,Equal,Different,"Equivalent means equal in value, amount, function, meaning, etc.",B1,This amount of money is roughly equivalent to what we spent last year.,The two job positions are equivalent in terms of responsibility.,"The new software offers an equivalent functionality to the existing system but with enhanced features and improved user experience, making it a valuable upgrade."
Essential,Professional Skills\Project Management,Essentiel,Fundamental,Inessential,Essential means absolutely necessary; extremely important.,B1,Water is essential for all living organisms., Good communication is essential for teamwork.,"Effective communication and teamwork are essential for the success of any project, ensuring that all stakeholders are aligned and working towards common goals."
Establish,Business\Legal,Établir,Set up,Disband,To establish means to create or set up something.,A2,The company aims to establish itself as a leader in sustainable practices.,We need to establish clear guidelines for the project.,"The renowned scientist's groundbreaking research helped establish new paradigms in the field of quantum mechanics, revolutionizing our understanding of the universe."
establish,Business\Management,établir,set up,disturb,To establish means to set up on a firm or permanent basis.,B1,They plan to establish a new business next year., She wants to establish a new business in the city.,The company plans to establish a new research and development center to drive innovation and stay ahead of industry trends.
Estimate,Business\Finance; Professional Skills\Project Management,Estimation,Approximation,Exact figure,"An estimate is an approximate calculation or judgment of the value, number, or extent of something.",B1,Can you give me an estimate of how much the repairs will cost?, We need to estimate the cost of the project.,"The project manager provided a detailed cost estimate for the construction of the new office building, taking into account labor, materials, and potential contingencies."
Estimate,Business\Finance,Estimation,Approximation,Exactitude,"An estimate is an approximate calculation or judgment of the value, number, quantity, or extent of something.",B1,Can you give me an estimate of how much the repairs will cost?, The estimate for the repairs is $500.,"The project manager provided a detailed cost estimate, accounting for all potential expenses and contingencies to ensure accurate budgeting and financial planning."
Etiquette,Practical and everyday life\Politeness,Étiquette / Protocole,Manners,Rudeness,Etiquette refers to social behavior and politeness rules.,A2,Knowing proper etiquette is important when attending formal events., Business etiquette includes being punctual to meetings.,"Business professionals are expected to adhere to a strict code of etiquette when engaging with clients and colleagues, as it reflects the company's values and professionalism."
Evaluate,Professional Skills\Project Management,Évaluer,Assess,Ignore,"To evaluate means to form an idea of the amount, number, or value of; assess.",B1,It's important to evaluate the success of the project objectively.,We will evaluate the project’s success at the end.,The team will evaluate the effectiveness of the new marketing strategy by analyzing key performance metrics and customer feedback to refine future campaigns.
evaluating,Professional Skills\Performance Evaluation,évaluation,assessing,ignoring,"Evaluating is the process of assessing or judging the value, importance, or quality of something.",B,The committee is currently evaluating the candidates for the job., They are evaluating different options for the new system.,"The board spent several weeks evaluating the proposed merger, conducting thorough due diligence and assessing the strategic fit and potential synergies between the two companies."
Event,Évents\Birthdays; Évents\Conference,Événement,Occasion,Non-event,"An event is a thing that happens or takes place, especially one of importance.",B1,"The charity event raised over $10,000 for a good cause.",The annual conference is a major event for the company.,"The annual corporate event not only celebrated the company's achievements but also provided an opportunity for networking, knowledge sharing, and strategic planning."
Evidence,Professional Skills\E-mail Writing; Business\Legal,Preuve,Proof,Doubt,Evidence is the available body of facts or information indicating whether a belief or proposition is true or valid.,B1,The police found new evidence that could lead to a breakthrough in the case., The evidence supports the conclusion of the report.,"The audit revealed evidence of financial discrepancies, prompting an immediate investigation to identify the cause and implement corrective actions."
Evolve,Professional Skills\Project Management,Évoluer,Develop,Stagnate,"To evolve means to develop gradually, especially from a simple to a more complex form.",B1,Technology continues to evolve at a rapid pace., The company’s services have evolved over the years.,"As market dynamics continue to evolve, companies must adapt their business strategies to stay competitive and meet the changing needs of their customers."
Exact,Professional Skills\E-mail Writing,Exact,Precise,Approximate,Exact means correct in every detail; precise.,B1,Can you provide the exact location of the meeting?,We need the exact figures for the report.,"The finance team worked diligently to ensure that the quarterly financial statements were accurate and reflected the exact figures, providing transparency to stakeholders."
Examination,Industries\Education; Practical and everyday life\Medical expressions/First aid,Examen,Test,Ignorance,Examination is the action of examining someone or something closely and thoroughly.,B1,He passed the entrance examination with flying colors.,The examination will cover all the material discussed.,"An in-depth examination of the company's supply chain processes revealed several inefficiencies, prompting immediate action to optimize operations and reduce costs."
Examine,Industries\Education; Practical and everyday life\Medical expressions/First aid/ Professional Skills\Project Management,Examiner,Inspect,Ignore,To examine means to inspect (someone or something) closely and thoroughly.,B1,The doctor will examine you now.,We need to examine the data carefully.,"To determine the feasibility of entering a new market, the business analysts will examine economic indicators, consumer behavior, and competitive landscape in the target region."
Excel,Business\HR,Exceller,Succeed,Fail,To excel means to be exceptionally good at or proficient in an activity or subject.,B1,She excels in math and science.,She excels in project management.,"The sales department continues to excel in achieving its targets, demonstrating outstanding performance and contributing significantly to the company's overall revenue growth."
Excellent,Business\HR,Excellent,Outstanding,Inferior,Excellent means extremely good; outstanding.,B1,The service at the restaurant was excellent.,The presentation was excellent.,"The product received excellent reviews from both customers and industry experts, highlighting its innovative features and superior quality compared to competitors."
Excursion,Practical and everyday life\Transportation,Excursion,Outing,Staying,"An excursion is a short journey or trip, especially one engaged in as a leisure activity.",B1,They went on an excursion to explore the nearby caves., The company organized an excursion for the team.,The annual corporate excursion not only serves as a team-building activity but also provides employees with a well-deserved break to recharge and foster stronger relationships.
Executive,Business\HR,Cadre / Dirigeant,Manager,Employee,An executive holds a high-level position in a company.,B1,The executive team met to discuss the company's quarterly earnings., The executive team made the final decision.,"The executive team convened regularly to review financial performance, discuss market trends, and make critical decisions to drive the company's growth."
Exhibit,Industries\Education,Exposer,Display,Conceal,To exhibit means to display (something) for others to see.,B1,The museum exhibits artifacts from ancient civilizations.,They will exhibit their products at the trade show.,"At the industry trade show, the company plans to exhibit its latest technological advancements, attracting potential clients and showcasing its leadership in innovation."
Expand,Professional Skills\Project Management,Étendre,Extend,Shrink,To expand means to become or make larger or more extensive.,B1,The company plans to expand its operations overseas.,The company plans to expand its operations next year.,"The company aims to expand its product line to include eco-friendly alternatives, meeting the growing demand for sustainable solutions in the marketplace."
Expansion,Professional Skills\Project Management,Expansion,Growth,Contraction,Expansion refers to the action of becoming larger or more extensive.,B1,The expansion of the business into new markets was a success., The expansion into new markets was successful.,"The successful expansion into international markets has significantly boosted the company's revenue and diversified its customer base, ensuring long-term growth."
Expect,Professional Skills\Project Management,Attendre,Anticipate,Ignore,To expect means to regard (something) as likely to happen.,B1,I expect you to be on time for the meeting.,We expect to meet our sales targets this quarter.,"Investors expect the company to deliver strong financial results next quarter, driven by robust sales performance and effective cost management strategies."
Expectation,Professional Skills\Project Management,Attente,Anticipation,Reality,Expectation refers to a strong belief that something will happen or be the case in the future.,B1,The results exceeded our expectations.,There is a high expectation for the project’s success.,"The CEO's vision set a high expectation for the company's future, challenging employees to innovate and strive for excellence in all aspects of their work."
Expenditure,Business\Finance,Dépense,Expense,Income,Expenditure refers to the action of spending funds.,B1,The government has increased its expenditure on healthcare.,The annual expenditure was higher than expected.,"The CFO presented a detailed report on capital expenditure, outlining investments in new technology and infrastructure aimed at supporting future growth."
Expense,Business\Finance,Dépense,Cost,Income,An expense is the cost required for something; the money spent on something.,B1,Traveling abroad can be quite an expense.,Travel expenses need to be submitted for reimbursement.,"Despite the high initial expense, investing in state-of-the-art equipment is expected to yield long-term savings and improve operational efficiency."
Expensive,Business\Finance,Cher,Costly,Inexpensive,Expensive means costing a lot of money.,B1,The designer handbag was too expensive for my budget.,The new software is quite expensive.,"The board carefully considered the expensive acquisition, weighing its potential benefits against the financial implications and strategic alignment with the company's goals."
Experience,Business\HR/ Professional Skills\Career Development,Expérience,Knowledge,Ignorance,Experience refers to practical contact with and observation of facts or events.,B1,She has years of experience in the field., He has years of experience in marketing.,"Drawing from years of experience in the industry, the new COO is poised to lead the company through its next phase of growth and operational excellence."
Experienced,Business\HR,Expérimenté,Skilled,Inexperienced,"Experienced means having knowledge or skill in a particular field, gained over time.",B1,We're looking for an experienced candidate to fill the position.,She is an experienced manager.,"The company recruited an experienced marketing director to spearhead its global campaigns, leveraging her extensive expertise to drive brand recognition and sales."
Experiment,Professional Skills\Project Management/ education/ marketing ,Expérience / Essai,Trial,Abandon,An experiment is a scientific or systematic test conducted to discover or verify something.,A2,Scientists often need to experiment to make new discoveries., The scientists conducted an experiment on the new drug.,The company's willingness to experiment with new business models and revenue streams has led to innovative solutions that drive growth and adaptability in dynamic market conditions.
Expiration,Business\Legal,,,,,,, The expiration date on the product is next month.,
Expiry,Business\Legal,Expiration,End,Beginning,Expiry or expiration refers to the end of a validity period.,A2,Please check the expiration date before consuming the product.,The expiry of the contract is coming soon.,"The expiration of the patent marked the end of a period of exclusivity for the pharmaceutical company, paving the way for generic competitors to enter the market."
Exploration,Industries\Education,Exploration,Discovery,Inaction,Exploration refers to the action of exploring an unfamiliar area or territory.,B1,The exploration of space has led to many scientific discoveries., The exploration of new markets is part of the strategy.,"The company's exploration into emerging markets has revealed untapped opportunities, prompting a strategic shift to capitalize on these potential growth areas."
Explore,Industries\Education,Explorer,Investigate,Ignore,To explore means to travel in or through (an unfamiliar country or area) in order to learn about or familiarize oneself with it.,B1,They decided to explore the possibility of opening a new branch.,We need to explore new opportunities.,"To stay ahead of industry trends, the company continually seeks to explore new technologies and innovative solutions that can enhance its product offerings."
Express,Professional Skills\Story Telling; Professional Skills\Meetings Skills,Exprimer,Articulate,Suppress,To express means to convey (a thought or feeling) in words or by gestures and conduct.,B1,You need to express your opinions clearly during the presentation.,She will express her concerns at the meeting.,"The CEO took the opportunity to express gratitude to the employees for their dedication and hard work, which has been instrumental in the company's success."
Extend,Business\Finance; Practical and everyday life\Time,Prolonger,Lengthen,Shorten,To extend means to make something longer or last for a longer period.,B1,We decided to extend our vacation by another week.,We will extend the deadline for the project.,The board of directors decided to extend the deadline for submitting proposals to accommodate potential bidders who requested more time for preparation.
Extension,Professional Skills\Project Management,Extension,Elongation,Shortening,"Extension refers to the action of extending the length, duration, or territory of something.",B1,The deadline has been extended by another week.,The extension of the lease was approved.,The extension of the office lease agreement was necessary to accommodate the company's growing workforce and expanding operations.
External,Business\IT,Externe,Outside,Internal,External means belonging to or forming the outer surface or structure of something.,B1,The external factors influencing the market are beyond our control.,We need an external consultant for this project.,The company hired external consultants to provide an objective assessment of its current business processes and recommend improvements.
Facilities,Practical and everyday life\Guide,Installations,Amenities,Inadequacy,"Facilities refer to buildings, equipment, or services that are installed for a particular purpose.",B1,The hotel offers excellent facilities for business travelers.,The new office has state-of-the-art facilities.,The state-of-the-art research facilities enable the company to conduct cutting-edge experiments and stay at the forefront of technological innovation.
Facility,Business\IT/ practical and everyday life ,Installation / Équipement,Facility,Inconvenience,A facility is a place or object used for a specific activity.,B1,The new sports facility has state-of-the-art equipment for athletes to train.,The facility is equipped with the latest technology.,The manufacturing facility implemented strict quality control measures to ensure that every product met the highest standards of excellence before reaching the market.
Factor,Business\Finance,Facteur,Element,Irrelevant,"A factor is a circumstance, fact, or influence that contributes to a result or outcome.",B1,Price is just one factor to consider when making a decision., The cost is a major factor in the decision-making process.,"Market demand is a critical factor in determining the success of a new product launch, influencing both pricing strategy and marketing efforts."
Factory,Industries\Real Estate,Usine,Plant,Outdoors,A factory is a building or group of buildings where goods are manufactured or assembled chiefly by machine.,B1,"The factory produces over 1,000 units per day.",The factory produces high-quality electronics.,"The factory upgrade included the installation of energy-efficient systems and modern equipment, aiming to reduce environmental impact and operational costs."
Fad,Industries\Fashion,Mode passagère,Trend,Classic,A fad is a short-lived trend or fashion that gains sudden popularity.,B1,That diet is just a fad; it won't last long.,The new gadget is just a passing fad.,"The company's decision to capitalize on the latest fad in wellness products paid off initially, but they struggled to maintain momentum as consumer interest waned over time."
Fail,Business\Finance,Échouer,Lose,Succeed,To fail means to be unsuccessful in achieving one's goal.,B1,"If you fail to plan, you plan to fail.", The project might fail if we don’t get more resources.,"Should the new initiative fail to meet its objectives, the company will need to re-evaluate its strategy and make necessary adjustments to achieve desired outcomes."
Failure,Business\Finance,Échec,Defeat,Success,Failure is the lack of success.,B1,The project was a failure due to lack of funding.,The failure of the project was disappointing.,The failure to secure a major contract highlighted the need for a more competitive bidding process and better alignment with client requirements.
Fair,Industries\Education,Foire,Just,Unfair,Fair means treating people equally without favoritism or discrimination.,B1,He's known for being fair and impartial in his decisions.,The company strives to be fair to all employees.,"The company's HR policies are designed to ensure fair treatment of all employees, fostering an inclusive work environment that values diversity and equality."
Fall through,Professional Skills\Project Management,Tomber à l’eau,Fail,Succeed,"If a plan or arrangement falls through, it fails to happen or be completed.",B2,"Unfortunately, our plans to expand overseas fell through.", The deal might fall through if the terms aren’t agreed upon.,Negotiations with the potential investor ultimately fell through due to disagreements over valuation and future strategic direction.
Fall to,Business\Finance,Se mettre à,Begin,Cease,To fall to means to begin doing something or take on a task.,B2,It falls to the manager to make the final decision., The responsibility will fall to the project manager.,"Despite rigorous quality control measures, the product's reliability fell to consumer scrutiny, leading to a decline in market share and brand reputation"
Famed,Industries\Education,Célèbre,Renowned,Unknown,"Famed means famous, well known.",B1,The restaurant is famed for its delicious seafood dishes.,The restaurant is famed for its excellent cuisine.,"The famed economist was invited to speak at the annual conference, where he shared insights on global market trends and economic forecasts."
Fare,Practical and everyday life\Transportation,Tarif,Fee,Free,Fare refers to the price paid for transportation or services.,B1,The fare for the train ride was quite expensive.,The fare for the conference is $200.,"With the recent changes in airline regulations, the average fare for international flights has increased, impacting corporate travel budgets."
Fault,Practical and everyday life\Guide,Faute,Blame,Praise,A fault is responsibility for an error or wrong.,B1,The fault lies with the management for not addressing the issue sooner., It’s not my fault that the report was late.,"The audit revealed a fault in the accounting system that led to discrepancies in the financial statements, necessitating immediate corrective actions."
Faulty,Business\Supply Chain,Défectueux,Defective,Functional,Faulty means having or displaying faults; defective.,B1,The alarm system was faulty and failed to go off during the break-in., The machine was returned because it was faulty.,"The production line was halted due to the detection of faulty components, prompting a thorough quality check and process review to prevent future occurrences."
Favor,Practical and everyday life\Politeness,Faveur,Prefer,Oppose,A favor is an act of kindness beyond what is due or usual.,B1,Can you do me a favor and pick up my dry cleaning?, Could you do me a favor and review this document?,"The CEO decided to favor a conservative approach in the investment strategy, prioritizing stable growth and risk mitigation in uncertain market conditions."
Fax,Professional Skills\E-mail Writing,Télécopieur,Transmit,Receive,Fax refers to a document generated electronically that is transmitted as a digital signal over telephone lines and printed on paper at the receiving end.,B1,He sent the contract via fax for her to review., Please fax the signed contract back to us.,"Although modern communication methods are prevalent, the legal department still occasionally uses fax to send and receive official documents that require signatures."
Feature,Business\Marketing,Caractéristique,Attribute,Disadvantage,A feature is a distinctive attribute or aspect of something.,B1,The new smartphone has a number of innovative features.,The new phone has several exciting features.,The new software update includes a range of advanced features designed to enhance user experience and streamline workflow processes.
Fee,Business\Finance,Frais,Charge,Refund,A fee is a payment made to a professional person or to a professional or public body in exchange for advice or services.,B1,There's a small fee for using the ATM outside of the bank's network., There is a fee for attending the workshop.,"The consultancy firm charged a substantial fee for its services, justified by the comprehensive analysis and actionable insights provided to the client."
Feedback,Professional Skills\Customer Relationship Building,Retour,Response,Silence,"Feedback is information about reactions to a product, a person's performance of a task, etc.",B1,We welcome your feedback on how we can improve our services.,We appreciate your feedback on the new system.,The product development team actively seeks customer feedback to continuously improve the product and ensure it meets the evolving needs of its users.
Field,Industries\Education,Domaine,Area,Urban,"A field is an area of open land, especially one planted with crops or pasture, typically bounded by hedges or fences.",B1,She's an expert in her field of study.,She works in the field of environmental science.,"The research team conducted an extensive field study to gather data on consumer behavior and preferences, informing the company's marketing strategy."
Figure,Business\Finance,Chiffre,Number,Letter,"A figure is a number, especially one that forms part of official statistics or relates to the financial performance of a company.",B1,Can you provide a rough figure for the project budget?,The figures in the report need to be updated.,"The CFO presented the financial figures for the quarter, highlighting significant revenue growth and identifying key areas for cost optimization."
Figures,Business\Finance; Practical and everyday life\Numbers and Dates,Chiffres,Numbers,Letters,Figures refer to numerical symbols representing a quantity.,B1,The quarterly financial report includes several figures that illustrate the company's revenue growth and profit margins.,The financial figures were reviewed by the accountant.,"The CFO presented the latest revenue figures at the shareholders' meeting, highlighting a significant increase compared to the previous year."
File,Professional Skills\E-mail Writing,Fichier,Record,Disorder,"A file is a collection of data stored in one unit, identified by a filename.",B1,Please ensure that the project file is backed up and properly organized before the end of the day., Please file these documents in the cabinet.,Employees are required to file their expense reports promptly to ensure timely reimbursement and accurate financial tracking.
Fill out,Professional Skills\E-mail Writing,Remplir,Complete,Leave blank,To fill out means to complete (a form or questionnaire) with requested information.,B1,You need to fill out this form before your appointment.,Make sure to fill out the application form completely.,Please fill out the survey form to provide us with valuable feedback that will help us improve our services and better meet your needs.
Finance,Business\Finance,Financer,Fund,Debt,"Finance is the management of large amounts of money, especially by governments or large companies.",B1,He works in finance and specializes in investment banking., He works in the finance department.,"The finance department is responsible for managing the company's budget, investments, and financial planning to ensure long-term sustainability and profitability."
finances,Business\Finance,finances,money,debt,Finances refer to the management of money and other assets.,A,She's in charge of the company's finances., We need to review our finances before making a big decision.,"Proper management of finances is essential for the company’s stability, allowing for investment in growth opportunities and contingency planning."
Financial,Business\Finance,Financier,Economic,Non-economic,Financial means relating to finance.,B1,The company is in good financial health.,The company is in a strong financial position.,"The company's strong financial performance this year has been attributed to strategic investments, cost-saving measures, and robust sales growth."
financially,Business\Finance,financièrement,economically,extravagantly,Financially means relating to or involving money or financial matters.,C,They are financially stable and able to invest in their future.,The project is financially viable.,"The new project, although financially demanding, is expected to generate substantial returns and strengthen the company’s market position."
financier,Business\Finance,financier,investor,borrower,A financier is a person or organization that provides money or capital for investment or other purposes.,D,The financier backed the startup with a substantial investment.,The financier helped secure the investment.,The renowned financier was brought in to advise the company on its investment strategy and capital management practices.
Firm,Business\HR,Entreprise,Company,Flexible,"A firm is a business concern, especially one involving a partnership of two or more people.",B1,She works for a law firm in the city.,The law firm is known for its expertise.,"The law firm specializes in corporate law, offering expert legal advice and representation to businesses of all sizes."
Fix,Practical and everyday life\Guide,Réparer,Mend,Break,To fix means to fasten (something) securely in a particular place or position.,B1,The repairman will fix the leaky faucet tomorrow., We need to fix the issue with the software.,"The IT team worked tirelessly to fix the system outage, ensuring minimal disruption to business operations and restoring full functionality."
Flexible,Professional Skills\Project Management,Flexible,Adaptable,Rigid,Flexible means capable of bending easily without breaking.,B1,"The job offers flexible hours, which is perfect for me.",The job offers flexible working hours.,"The company offers flexible work arrangements, allowing employees to balance their professional responsibilities with personal commitments."
Flight,Practical and everyday life\Transportation,Vol,Journey,Ground,A flight is the action of flying or moving through the air.,B1,Their flight was delayed due to bad weather., The flight to New York is scheduled for 10 a.m.,"The business trip was meticulously planned, including booking flights, accommodations, and arranging meetings with key stakeholders."
Flight attendant,Practical and everyday life\Transportation,Agent de bord,Stewardess,Passenger,A flight attendant is a member of an aircraft crew who is responsible for the comfort and safety of passengers.,B1,The flight attendant served drinks and snacks to the passengers.,The flight attendant ensured everyone was comfortable.,"The flight attendant provided excellent service, ensuring a comfortable and pleasant experience for all passengers during the long-haul flight."
Fluctuate,Business\Finance,Fluctuer,Vary,Stabilize,To fluctuate means to rise and fall irregularly in number or amount.,B1,Prices fluctuate depending on supply and demand.,Prices can fluctuate due to market conditions.,"Market prices for raw materials can fluctuate significantly, impacting production costs and necessitating careful budget management."
Fluctuation,Business\Finance,Fluctuation,Variation,Consistency,Fluctuation refers to an irregular rising and falling in number or amount; a variation.,B1,There has been a fluctuation in the exchange rate recently., There was a fluctuation in sales over the past year.,"The fluctuation in currency exchange rates poses a challenge for companies engaged in international trade, affecting pricing and profitability."
fly-by-night,Business\Risk Management,de passage,unscrupulous,reputable,"Fly-by-night means unreliable or untrustworthy, especially in business or financial matters.",C,Be cautious when dealing with fly-by-night companies promising unrealistic returns.,The fly-by-night company quickly disappeared after scamming customers.,"Investors were wary of the fly-by-night operation, recognizing the potential risks and lack of long-term stability associated with such ventures."
Focus,Professional Skills\Project Management,Se concentrer,Concentrate,Distract,Focus means the center of interest or activity.,B1,Please focus on the main objectives of the project., We need to focus on increasing productivity.,The company's strategic focus for the next fiscal year is on expanding its market presence in Asia and developing innovative products.
Focused,Professional Skills\Project Management,Concentré,Attentive,Distracted,Focused means paying particular attention to.,B1,The team remained focused throughout the challenging deadline,She was focused on completing the project on time.,"The project team remained focused on their objectives, overcoming obstacles and delivering the project on time and within budget."
Fold,Practical and everyday life\Guide,Plier,Crease,Unfold,To fold means to bend (something) over on itself so that one part of it covers another.,B1,Fold the document along the dotted line before placing it in the envelope., The company had to fold after a financial crisis.,"The start-up was forced to fold after failing to secure additional funding, highlighting the challenges of sustaining a new business in a competitive market."
Folder,Practical and everyday life\Guide,Dossier,File,Disorder,"A folder is a folding cover or holder, typically made of stiff paper or card, for storing loose papers.",B1,I saved the report in the designated folder on the shared drive, Please put the report in the folder.,Each employee received a folder containing essential documents and guidelines to ensure they are well-prepared for the onboarding process.
Force,Business\Legal,Forcer,Coerce,Release,Force means strength or energy as an attribute of physical action or movement.,B1,"The company had to force changes in its strategy to adapt to market conditions.""",We had to use force to move the heavy equipment.,"The new regulations will force companies to adopt more stringent environmental practices, aligning with global sustainability goals."
Forecast,Business\Finance,Prévoir,Predict,Retrospect,To forecast means to predict or estimate a future event or trend.,B1,The weather forecast predicts rain for the weekend.,The weather forecast predicts rain tomorrow.,"The economist's forecast suggests that the economy will experience moderate growth in the coming year, driven by strong consumer spending and increased business investment."
forecasting,Business\Economics,prévision,prediction,hindsight,Forecasting is the process of predicting or estimating future trends or events.,C,Weather forecasting is based on analysis of atmospheric conditions.,We are forecasting higher sales for next quarter.,The finance department’s advanced forecasting models enabled the company to anticipate market shifts and adjust its strategies accordingly to maintain a competitive edge.
Foreign,Practical and everyday life\Culture,Étranger,Overseas,Domestic,"Foreign means of, from, in, or characteristic of a country or language other than one's own.",B1,"The company is expanding into foreign markets to increase its global presence.""",The company is looking to enter foreign markets.,"Navigating foreign markets requires a deep understanding of local regulations, cultural nuances, and consumer preferences to achieve business success."
Forget,Practical and everyday life\Guide,Oublier,Neglect,Remember,To forget means to fail to remember.,B1,Don't forget to submit your expense report by the end of the day., Don’t forget to submit the report by Friday.,"It is crucial to document all meeting discussions and action items to ensure no important details are forgotten, which could affect project outcomes."
Forgetful,Practical and everyday life\Guide,Distrait,Absent-minded,Mindful,Forgetful means tending to forget; unable to remember.,B1,"He is sometimes forgetful about deadlines, so setting reminders helps.",She is often forgetful about deadlines.,The forgetful intern was given a detailed checklist to help him remember his daily tasks and ensure nothing was overlooked in his assignments.
Form,Business\HR,Formulaire,Document,Liquid,A form is a document with spaces in which to write or enter details.,B1,Please fill out the application form and submit it by email., Please fill out this form for your application.,"The new policy will form the basis of our corporate governance structure, aligning with industry best practices and regulatory requirements."
Forward,Professional Skills\E-mail Writing,En avant,Ahead,Backward,Forward means toward the front; in the direction that one is facing or traveling.,B1,Please forward the email to the relevant department.,Please forward this email to your team.,"Looking forward, the company aims to diversify its product portfolio and enter new markets to sustain long-term growth and profitability."
Founded,Business\HR,Fondé,Established,New,Founded means having been established or originated at the specified time.,B1,The company was founded in 1995 and has grown significantly since then,The company was founded in 1995.,"The tech startup, founded on principles of innovation and user-centric design, quickly gained a reputation for developing cutting-edge solutions."
Frank,Professional Skills\Customer Relationship Building,Franc,Candid,Deceitful,"Frank means open, honest, and direct in speech or writing, especially when dealing with unpalatable matters.",B1,She gave a frank assessment of the project's challenges during the meeting., He was frank about the challenges the company faces.,"During the board meeting, the CFO provided a frank assessment of the company's financial health, highlighting both achievements and areas needing improvement."
Frankly,Professional Skills\Customer Relationship Building,Franchement,Honestly,Deceptively,"Frankly means in an open, honest, and direct manner.",B1,"Frankly, I think the proposal needs more detailed analysis before approval","Frankly, I don’t think the proposal will work.","Frankly, the current marketing strategy is not yielding the desired results, and we need to pivot to more effective tactics immediately."
frequently ,Professional Skills\Work Routine,fréquemment,often,rarely,Frequently means happening or occurring at short intervals.,B1,She frequently visits her parents on weekends.,We meet frequently to discuss project updates.,The customer service team frequently reviews feedback to identify areas for improvement and ensure a high level of customer satisfaction.
Front desk,Practical and everyday life\Guide/Business,Accueil,Reception,Departure,The front desk or reception desk is the area where visitors are received or served.,B1,You can ask for assistance at the front desk.,The front desk is where you check in at the hotel.,"The front desk serves as the nerve center of the hotel, orchestrating seamless guest experiences with efficiency and grace, while prospective clients are encouraged to get in touch with our sales team to explore customized solutions tailored to their unique business needs"
Fuel,Practical and everyday life\Transportation,Carburant,Gas,Drain,Fuel is a substance that is burned to provide heat or power.,B1,The company needs to fuel its vehicles before starting the long trip,We need to refuel the truck before the trip.,The introduction of renewable energy sources is expected to fuel the company's sustainability initiatives and reduce its carbon footprint.
Fulfill,Professional Skills\Project Management,Remplir,Accomplish,Neglect,"To fulfill means to bring to completion or reality; achieve or realize (something desired, promised, or predicted).",B1,The team worked hard to fulfill all customer orders before the holiday.,They need to fulfill their contract obligations.,"To fulfill the growing demand, the company plans to increase its production capacity and streamline supply chain operations."
fulfill ,Professional Skills\Project Management,remplir,see,reject,"To fulfill means to satisfy or meet (a need, requirement, or condition).",B1,The company promises to fulfill all orders within 48 hours., She will fulfill the order by next week.,The company aims to fulfill its mission of delivering innovative solutions that meet customer needs and exceed their expectations.
Function,Professional Skills\Project Management,Fonctionner,Operate,Malfunction,A function is an activity or purpose natural to or intended for a person or thing.,B1,The new software's main function is to streamline data entry,The function of the software is to manage data.,"The new CRM system is designed to function seamlessly across departments, improving efficiency and enhancing customer service."
Functional,Professional Skills\Project Management,Fonctionnel,Practical,Malfunctional,"Functional means designed to be practical and useful, rather than attractive.",B1,The office is fully functional after the recent renovations.,The new system is fully functional now.,"The redesigned office space is not only aesthetically pleasing but also highly functional, promoting collaboration and productivity among employees."
Fund,Business\Finance,Fonds,Capital,Debt,A fund is a sum of money saved or made available for a particular purpose.,B1,The charity event aims to raise funds for the local hospital.,They raised a fund for the charity event.,"The venture capital fund, despite its initial promise, faced significant challenges in maintaining liquidity amidst volatile market conditions, leading to a strategic overhaul of its investment portfolio to mitigate potential losses."
Fundraising,Business\Finance,Levée de fonds,Raising funds,Reduction,"Fundraising is the seeking of financial support for a charity, cause, or other enterprise.",B1,The organization is planning a fundraising gala to support its new initiative,The fundraising event was a great success.,The non-profit organization is planning a major fundraising campaign to support its various community outreach programs and initiatives.
Furniture,Industries\Real Estate,Mobilier,Furnishings,Emptiness,"Furniture refers to the movable articles, such as tables and chairs, that are used to make a room or building suitable for living or working in.",B1,The office furniture needs to be replaced due to wear and tear,The office furniture was upgraded recently.,"The procurement team carefully selected ergonomic office furniture to ensure the comfort and well-being of employees, enhancing overall productivity."
Further,Professional Skills\Project Management,Davantage,Additional,Less,Further means at or to a greater distance or more advanced point.,B1,We need to research further to understand the market trends., We need to discuss this further in our next meeting.,"To further our market research, we will conduct focus groups and surveys to gather deeper insights into consumer preferences and behaviors."
Gather,Professional Skills\Project Management,Rassembler,Collect,Scatter,To gather means to collect or assemble things or people.,B1,Let's gather all the necessary documents before the meeting., Let’s gather all the necessary documents.,Executives gathered in the boardroom to discuss the latest market trends and develop strategies to capitalize on emerging opportunities
Gesture,Practical and everyday life\Politeness,Geste,Action,Rest,"A gesture is a movement of part of the body, especially a hand or the head, to express an idea or meaning.",B1,Sending a thank-you note is a nice gesture to show appreciation,Giving a bonus was a nice gesture of appreciation.,"As a gesture of appreciation, the company presented long-serving employees with awards and bonuses during the annual recognition ceremony."
get by,Professional Skills\Work Routine,se débrouiller,manage,struggle,"Get by means to survive or cope with a difficult situation, especially with limited resources.",C,"Despite financial difficulties, they manage to get by each month.",He can get by with just a few basic tools.,"In the face of economic uncertainty, the small business managed to get by through stringent cost controls, diversified revenue streams, and leveraging digital marketing to reach new customers."
Get in touch,Practical and everyday life\Greeting,Prendre contact,Contact,Avoid,To get in touch means to contact someone or establish communication.,B1,"If you have any questions, feel free to get in touch.", I will get in touch with you tomorrow.,"In the aftermath of the merger, the CEO urged stakeholders to get in touch with their concerns and aspirations, catalyzing a transformative dialogue that solidified strategic alignment and galvanized organizational unity."
get on,Professional Skills\Communication,s'entendre,get along,clash,Get on means to have a good relationship with someone.,B,She gets on well with her colleagues at work., She gets on well with her coworkers.,"Despite the challenges posed by the new market regulations, the company managed to get on with its planned product launch, adapting its strategy to comply with the new requirements."
get through,Professional Skills\Problem Solving,réussir à,complete,fail,Get through means to successfully finish or accomplish something.,A,She finally got through the difficult exam after months of studying.,We need to get through this busy period.,"The company’s robust crisis management plan enabled it to get through the economic downturn with minimal disruption, maintaining operational continuity and safeguarding employee jobs."
Go ahead with,Professional Skills\Project Management,Procéder / Poursuivre,Continue,Halt,To proceed or go ahead with means to continue with an action or process.,B1,"After reviewing the proposal, the board decided to go ahead with the new marketing campaign",We decided to go ahead with the new plan.,The board of directors decided to go ahead with the merger after conducting a thorough analysis of the potential benefits and risks.
Go under,Business\Finance,Faire faillite,Fail,Succeed,To go under means that a company or individual cannot repay their debts.,B1,"Despite their best efforts, the company struggled financially and eventually had to go under.", The company went under due to financial issues.,"The retail chain, burdened by heavy debt and declining sales, made the difficult decision to file for bankruptcy rather than risk going under and liquidating its assets."
Goal,Professional Skills\Project Management,But,Objective,Failure,A goal is the object of a person's ambition or effort; an aim or desired result.,B1,"Achieving a 10% increase in sales by the end of the quarter is our primary goal for this year.""", Our goal is to increase sales by 20%.,Our primary goal for the next fiscal year is to achieve a 20% increase in sales revenue through strategic marketing and product innovation.
going places,Professional Skills\Career Development,aller quelque part,progressing,stagnating,Going places means making progress or achieving success.,B,"With her talent and hard work, she's definitely going places in her career.", Her career is really going places.,"With its groundbreaking technology and visionary leadership, the startup is undeniably going places, rapidly expanding its market presence and gaining industry accolades."
Goods,Business\Supply Chain,Biens,Merchandise,Services,Goods are items for sale or use; possessions.,B1,The store received a shipment of new goods today.,The goods arrived at the warehouse this morning.,The company faced challenges in shipping goods internationally due to disruptions in the global supply chain and increased logistical costs.
Gradually,Professional Skills\Project Management,Progressivement,Slowly,Suddenly,Gradually means in a slow or gradual way.,B1,The company is gradually expanding its operations into new markets.,The company is gradually expanding its services.,The implementation of the new software system will be rolled out gradually to minimize disruption and ensure a smooth transition for all users.
Grievance,Business\HR,Plainte,Complaint,Satisfaction,"A grievance is a real or imagined cause for complaint or protest, especially unfair treatment.",B1,Employees should file a grievance if they have any concerns about workplace conditions, He filed a grievance about the unfair treatment.,The HR department has established a formal grievance procedure to address employee concerns and resolve conflicts in a fair and timely manner.
Grill,Practical and everyday life\Culture,Griller,Broil,Simmer,To grill means to cook (food) using a grill.,B1,The manager will grill the candidate with detailed questions during the interview., Let’s grill the client on their expectations.,"During the interview process, candidates were grilled on their problem-solving abilities and past experiences to ensure they were a good fit for the team."
Growth,Business\Finance,Croissance,Expansion,Stagnation,Growth is the process of increasing in physical size.,B1,The company’s growth has been impressive over the past year, The company has shown significant growth this year.,"The company's growth strategy focuses on expanding its digital presence, enhancing customer experience, and leveraging data analytics for better decision-making."
grudge,Professional Skills\Interpersonal Skills,rancune,resentment,forgiveness,A grudge is a persistent feeling of ill will or resentment resulting from a past insult or injury.,A,She held a grudge against him for years after the argument.,Holding a grudge can affect your work relationships.,"The longstanding grudge held by certain key stakeholders against the CEO's controversial decisions continued to fuel internal conflicts, impeding collaborative efforts and strategic alignment"
Guarantee,Business\Legal,Garantir,Assurance,Doubt,A guarantee is a formal assurance (typically in writing) that certain conditions will be fulfilled.,B1,The product comes with a two-year guarantee for any defects,The product comes with a one-year guarantee.,"To guarantee customer satisfaction, the company offers a comprehensive warranty on all products, ensuring quality and reliability."
Guidelines,Practical and everyday life\Guide,Lignes directrices,Instructions,Disorder,"Guidelines are general rules, principles, or pieces of advice.",B1,Follow the safety guidelines to ensure a safe working environment,Follow the guidelines for submitting your report.,"Employees are expected to adhere to the company's ethical guidelines, which promote integrity, transparency, and accountability in all business dealings."
Haggle,Industries\Retail,Marchander,Bargain,Accept,"To haggle means to dispute or bargain persistently, especially over the cost of something.",B1,Customers often haggle over prices at the local marke,They had to haggle over the price of the contract.,The procurement manager is skilled at haggling with suppliers to secure the best prices and favorable terms for the company.
Handle,Professional Skills\Customer Relationship Building,Manipuler,Manage,Mismanage,To handle means to manage or deal with (a situation or problem).,B1,She knows how to handle difficult situations with professionalism.,She knows how to handle difficult situations.,"The customer service team is trained to handle a wide range of inquiries and complaints, ensuring a positive experience for all clients."
Handy,Practical and everyday life\Guide,Pratique,Convenient,Inconvenient,Handy means convenient to handle or use; useful.,B1,This new tool is very handy for organizing files efficiently.,The new app is very handy for managing tasks.,"The project management tool is handy for tracking progress, assigning tasks, and collaborating with team members in real-time."
Harbor,Practical and everyday life\Transportation,Port,Haven,Expose,"A harbor is a place on the coast where ships may moor in shelter, especially one protected from rough water.",B1,The ship docked at the harbor after a long journey.,The harbor is busy with ships coming in and out.,"The company harbors a commitment to environmental sustainability, continuously seeking ways to reduce its ecological footprint."
hard cash,Business\Finance,espèces,cash,credit,"Hard cash refers to physical currency, especially in the form of coins or banknotes.",A,They prefer to pay in hard cash rather than using credit cards.,We need to pay in hard cash for this transaction.,"In an era dominated by digital transactions, the company's decision to maintain reserves in hard cash proved prudent, providing liquidity to navigate unforeseen market shocks."
hard labour,Business\Human Resources,travaux forcés,forced labor,leisure,"Hard labor refers to physical work that is difficult, demanding, or exhausting.",B,The prisoners were sentenced to hard labor for their crimes.,The construction project involved hard labour.,"The expansion of the manufacturing plant involved hard labour and considerable capital investment, but it significantly boosted production capacity and operational efficiency."
hard sell,Business\Sales,vente agressive,aggressive selling,soft sell,Hard sell is a high-pressure sales technique that emphasizes the immediate benefits of a product or service.,C,The salesman used a hard sell approach to convince customers to buy the product.,The salesman used a hard sell technique.,"Despite the product’s superior features, the marketing team faced a hard sell due to entrenched consumer preferences, necessitating a compelling value proposition and aggressive promotional strategies."
hardship,Professional Skills\Work Routine,épreuve,adversity,ease,"Hardship is severe suffering or privation, especially as a result of adverse circumstances.",C,The family endured many hardships during the war.,They faced a lot of hardship during the recession.,"The prolonged economic downturn imposed severe hardship on the small business sector, forcing many to innovate rapidly or face insolvency due to dwindling revenues and mounting expenses."
Harmful,Practical and everyday life\Guide,Nocif,Damaging,Beneficial,Harmful means causing or likely to cause harm.,B1,,The chemicals can be harmful if not handled properly.,"The recent audit revealed several practices that could be harmful to the company's reputation, necessitating immediate corrective actions."
hatred,Professional Skills\Interpersonal Skills,haine,animosity,love,Hatred is intense dislike or ill will.,A,His hatred for his rival was evident in his words.,The conflict caused a lot of hatred between the groups.,"The widespread hatred for the drastic cost-cutting measures among the workforce was palpable, leading to unionized protests and necessitating conciliatory efforts from the management to restore morale."
Have,Practical and everyday life\Culture; Professional Skills\Meetings Skills/industries,Avoir,Possess,Lack,To have means to possess or own something.,B1,Do you have enough money to cover the expenses?,We have a meeting scheduled for tomorrow.,Companies that have diversified revenue streams and robust risk management frameworks are more likely to withstand economic downturns and sustain long-term growth compared to those with concentrated income sources.
Hazardous,Practical and everyday life\Guide,Dangereux,Risky,Safe,Hazardous means risky; dangerous.,B1,The chemicals are stored in a separate area because they are hazardous to handle,The site was considered hazardous for workers.,Employees working in hazardous environments are provided with comprehensive safety training and appropriate protective equipment to ensure their well-being.
Head office,Business\HR,Siège social,Headquarters,Branch office,A head office is the main office of a company or organization.,B1,Our head office is located in the city center,The head office is located in New York.,"The head office coordinates all major business operations, ensuring consistency in policies and strategies across regional branches."
Head up,Business\HR,Diriger,Lead,Follow,To head up means to guide or supervise a team or project.,B1,She will head up the new marketing team starting next month,She will head up the new marketing team.,"As the newly appointed CEO, she was tasked with heading up the company's restructuring efforts to regain market share and profitability."
Headquarters,Business\HR,Quartier général,Main office,Branch office,Headquarters is the location where the main offices of an organization are situated.,B1,The company's headquarters is in New York.,The company’s headquarters are in London.,"The company's new global headquarters, located in the heart of the financial district, features state-of-the-art facilities designed to foster innovation and collaboration."
Hesitate,Professional Skills\Customer Relationship Building,Hésiter,Pause,Decide,"To hesitate means to pause before saying or doing something, especially through uncertainty.",B1,Don't hesitate to contact us if you have any questions.,Don’t hesitate to ask if you have any questions.,"Despite the promising opportunity, the board hesitated to approve the merger due to concerns about potential market volatility and integration challenges."
Hesitation,Professional Skills\Customer Relationship Building,Hésitation,Uncertainty,Certainty,Hesitation is the action of pausing or hesitating before saying or doing something.,B1,His hesitation was evident when he was asked to lead the project.,There was a brief hesitation before she answered.,"After some hesitation, the CEO decided to invest in emerging technologies, recognizing the long-term benefits outweigh the short-term risks."
Hide,Practical and everyday life\Guide,Cacher,Conceal,Reveal,To hide means to put or keep out of sight; conceal from the view or notice of others.,B1,The sensitive documents should be hidden in a secure location, She tried to hide her disappointment.,"The marketing team should not hide any potential weaknesses of the product in their promotional materials, as transparency builds customer trust and loyalty."
high flyer,Business\Career Development,personne ambitieuse,high achiever,underachiever,"High flyer means a person who is exceptionally successful or ambitious, especially in their career.",A,She is considered a high flyer due to her rapid career advancement,He’s a high flyer in the tech industry.,"Known as a high flyer in the corporate world, she quickly ascended the ranks through her strategic acumen, innovative thinking, and exceptional leadership skills."
Highlight,Professional Skills\Story Telling,Mettre en évidence,Accentuate,Downplay,To highlight means to emphasize or give prominence to (something).,B1,The presentation will highlight the key findings of the report,Let’s highlight the key points in the presentation.,"The quarterly report highlights significant achievements, including a 15% increase in sales and successful entry into new international markets."
Highly,Professional Skills\Customer Relationship Building,Hautement,Very,Slightly,Highly means to a great degree; very.,B1,The new software is highly effective in improving productivity.,The report was highly praised by the board.,"The new software system is highly efficient, reducing processing times by 30% and improving overall productivity across departments."
Hike,Business\Finance,Randonnée,Trek,Decline,"A hike is a long walk, especially in the country or wilderness.",B1,The company plans to hike salaries by 5% next year,They decided to hike the prices by 10%.,"The recent hike in raw material prices has put pressure on profit margins, necessitating a review of pricing strategies and cost management practices."
Hire,Business\HR,Embaucher,Employ,Fire,To hire means to employ for wages.,B1,We need to hire a new team member to handle the increased workload.,The company plans to hire new staff next quarter.,The decision to hire a renowned industry expert was aimed at strengthening the company's R&D capabilities and accelerating innovation.
Hold,Professional Skills\Meetings Skills,Tenir,Grasp,Release,To hold means to have or keep something in one's grasp or possession.,A2,Please hold the line while I transfer your call to the appropriate department., Please hold the line while I transfer your call.,"The company decided to hold its annual shareholder meeting at a prestigious location, underscoring its commitment to transparency and investor engagement, and the conference venue's central location facilitates easy access for attendees, fostering collaboration and networking opportunities."
Hold up,Business\Supply Chain,Retarder / Soutenir,Delay,Expedite,To hold up means to slow down or prevent something from happening.,B1,The traffic jam held up the delivery by two hours.,The traffic jam held us up for an hour.,"Despite encountering technical difficulties, the team managed to resolve the hold up and successfully launch the new software platform ahead of schedule"
Homepage,Business\IT,Page d'accueil,Landing page,Subpage,"A homepage is the introductory page of a website, typically serving as a table of contents for the site.",B1,"""The homepage showcases the main features of the website.""",The homepage of the website was recently updated.,"The revamped company homepage now features an intuitive design and enhanced functionality, providing users with a seamless online experience."
Host,Professional Skills\Meetings Skills,Hôte,Entertainer,Guest,A host is a person who receives or entertains other people as guests.,B1,"""The company will host the annual conference next month.""", They will host the annual conference next month.,"The firm will host a series of webinars to educate clients on the latest market trends and investment strategies, reinforcing its position as an industry leader."
Identification,Practical and everyday life\Guide,Identification,ID,Anonymity,Identification is the action or process of identifying someone or something or the fact of being identified.,B1,dentification is required for facility access,You need proper identification to enter the building.,Proper identification of key market trends and consumer preferences is crucial for developing effective marketing strategies and staying ahead of the competition.
Identify,Business\HR,Identifier,Recognize,Mistake,To identify means to establish or indicate who or what (someone or something) is.,B1,The team will identify key areas for improvement,We need to identify the main issues before proceeding.,The management team must identify potential risks early in the project lifecycle to mitigate their impact and ensure successful completion.
Imaginative,Professional Skills\Story Telling,Imaginatif,Creative,Unimaginative,Imaginative means having or showing creativity or inventiveness.,B1,The campaign was praised for its imaginative ideas.,Her ideas are always imaginative and innovative.,"The advertising campaign was praised for its imaginative approach, which captivated audiences and effectively communicated the brand's unique value proposition."
Immediate,Professional Skills\Project Management,Immédiat,Instant,Delayed,Immediate means occurring or done at once; instant.,B1,The team provided immediate support for the issue,The response to the issue was immediate.,"The board called for immediate action to address the declining sales figures, implementing a comprehensive turnaround strategy to restore growth."
Immediately,Professional Skills\Project Management,Immédiatement,Instantly,Eventually,Immediately means at once; instantly.,B1,Please report any problems immediately,We need to act immediately to solve this problem.,"To prevent further financial losses, the company must immediately reassess its investment portfolio and adjust its risk management policies."
Impact,Professional Skills\Project Management,Impact,Effect,Cause,Impact is the action of one object coming forcibly into contact with another.,B1,The policy will have a major impact on productivity.,The new policy will have a positive impact on staff morale.,"The new regulatory changes will significantly impact the industry's operational standards, requiring businesses to adapt quickly to remain compliant."
impaired,Business\Legal,altéré,damaged,unimpaired,Impaired means weakened or damaged.,B,His hearing is impaired due to years of exposure to loud noise.,The service was impaired due to technical issues.,"The recent cyberattack severely impaired the company’s IT infrastructure, disrupting operations, compromising sensitive information, and highlighting vulnerabilities that needed urgent attention."
Impatient,Professional Skills\Customer Relationship Building,Impatient,Restless,Patient,Impatient means having or showing a tendency to be quickly irritated or provoked.,B1,The manager was impatient with the delays,The client was impatient for the project to start.,"Shareholders grew impatient with the prolonged delays in product development, demanding more transparency and faster results from the management team."
Implement,Professional Skills\Project Management,Mettre en œuvre,Execute,Abandon,"To implement means to put (a decision, plan, agreement, etc.) into effect.",B1,The company will implement a new CRM system,We will implement the new system next week.,The company plans to implement a robust cybersecurity framework to protect its digital assets and ensure data privacy for its clients.
imply ,Professional Skills\Communication,impliquer,release,dismiss,To imply means to strongly suggest the truth or existence of (something not expressly stated).,B1,His tone seemed to imply that he was unhappy with the decision.,His comments seemed to imply that there were issues.,"The CEO's statement seemed to imply that there would be major organizational changes in the coming months, though specific details were not provided."
Impression,Practical and everyday life\Politeness,Impression,Impact,Forgetfulness,"An impression is an idea, feeling, or opinion about something or someone.",B1,Her first impression of the company was very positive.,She made a great impression during the interview.,"The new manager's initial impression was positive, as she brought innovative ideas, listened to team concerns, and fostered a collaborative environment, which boosted employee optimism and motivation."
Improper,Professional Skills\Project Management,Inapproprié,Unsuitable,Suitable,Improper means not suitable or appropriate in the circumstances.,B1,Using your phone during the meeting is considered improper behavior.,The behavior was considered improper for a professional setting.,"Improper handling of customer data can lead to severe reputational damage and legal repercussions, highlighting the need for stringent data protection measures."
Improve,Professional Skills\Project Management,Améliorer,Enhance,Worsen,To improve means to make or become better.,B1,We need to find ways to improve our customer service., We need to improve our customer service.,Continuous efforts to improve product quality and customer service are essential for maintaining competitive advantage and fostering brand loyalty.
Improvement,Business\HR,Amélioration,Betterment,Decline,Improvement is the action of improving or being improved.,B1,There's been noticeable improvement in employee productivity since the new policy was implemented, There has been a noticeable improvement in sales.,The recent improvement in operational efficiency has been attributed to the successful implementation of lean management practices.
Incentive,Professional Skills\Story Telling,Incitation,Motivation,Disincentive,An incentive is a thing that motivates or encourages someone to do something.,B1,The company offers bonuses as an incentive for meeting sales targets,The company offers incentives for top performers.,"To motivate employees and boost productivity, the company introduced a performance-based incentive program linked to key business objectives."
Inclined,Professional Skills\E-mail Writing,Enclin,Prone,Reluctant,Inclined means having a tendency to do something.,B1,She felt inclined to support the new initiative after learning more about its benefits.,I am inclined to agree with your proposal.,"Given the positive market outlook, investors are inclined to increase their stakes in the company, anticipating strong future returns."
Include,Business\HR,Inclure,Incorporate,Exclude,To include means to comprise or contain as part of a whole.,B1,Please include all relevant details in your report.,Please include all relevant information in the report.,"The annual report will include detailed financial statements, a summary of key achievements, and an outline of strategic priorities for the upcoming year."
Inclusion,Business\Finance,Inclusion,Incorporation,Exclusion,Inclusion is the action or state of including or being included within a group or structure.,B1,The inclusion of diverse perspectives in the team has enhanced creativity,The inclusion of more data made the report better.,"The company's commitment to diversity and inclusion is reflected in its hiring practices, ensuring a broad range of perspectives and experiences."
Income,Professional Skills\Customer Relationship Building/ business/ finance ,Revenu,Earnings,Expense,"Income is money received, especially on a regular basis, for work or through investments.",B1,Her primary source of income comes from freelance writing., His income has increased significantly this year.,
Inconvenience,Business\Finance,Inconvénient,Discomfort,Convenience,Inconvenience is the state or fact of causing trouble or difficulty.,B1,I apologize for the inconvenience caused by the delayed shipment, We apologize for any inconvenience caused.,The disparity in income distribution within the corporation highlighted the necessity for a comprehensive review of the compensation structure to ensure equitable rewards and foster employee motivation.
Increase,Professional Skills\E-mail Writing,Augmenter,Raise,Decrease,"To increase means to become or make greater in size, amount, intensity, or degree.",B1,We plan to increase our marketing budget next quarter.,There is a planned increase in the budget.,"The marketing campaign resulted in a significant increase in brand awareness and customer engagement, driving higher sales volumes."
Indicate,Professional Skills\E-mail Writing,Indiquer,Point out,Conceal,To indicate means to point out; show.,B1,Early signs indicate that the new strategy is working, The results indicate that we are on the right track.,"Preliminary market research indicates a strong demand for eco-friendly products, prompting the company to expand its sustainable product offerings."
Indication,Business\HR,Indication,Sign,Mislead,An indication is a sign or piece of information that indicates something.,B1,An increase in sales is a strong indication of market demand., The increase in sales is an indication of our success.,"Early indications suggest that the new product launch will be highly successful, with pre-orders exceeding initial expectations."
Individual,Business\HR,Individu,Person,Collective,Individual means single; separate.,B1,Each individual will be assigned a specific task for the project.,Each individual has a unique role in the team.,"The company's training programs are tailored to meet the individual development needs of employees, fostering personal and professional growth."
Individually,Business\HR,Individuellement,Separately,Collectively,Individually means one at a time; separately.,B1,The reports will be evaluated individually to assess performance.,The tasks should be completed individually.,"While the team worked collaboratively, each member was individually responsible for specific tasks to ensure accountability and efficiency."
Inexperienced,Professional Skills\Story Telling,Inexpérimenté,Novice,Experienced,Inexperienced means lacking experience or knowledge of a particular activity or field.,B1,"Although she is inexperienced, she shows great potential.",The new employee is still inexperienced in this area.,"The new hire, though inexperienced, demonstrated a strong willingness to learn and quickly adapted to the company's culture and workflows."
Infer,Business\Finance,En déduire,Conclude,Misinterpret,To infer means to deduce or conclude (information) from evidence and reasoning rather than from explicit statements.,B1,"From the data, we can infer that sales will rise in the coming months","From the data, we can infer that the market is growing.","From the quarterly earnings report, analysts can infer that the company is on a solid growth trajectory, supported by robust sales and effective cost management."
Inflate,Business\Finance,Gonfler,Expand,Deflate,"To inflate means to fill (a balloon, tire, or other expandable structure) with air or gas so that it becomes distended.",B1,Be careful not to inflate the numbers in the financial report,Costs may inflate due to supply chain issues.,"During periods of high demand, some suppliers may attempt to inflate prices, necessitating vigilant cost control and negotiation strategies."
Inflation,Professional Skills\Customer Relationship Building,Inflation,Rise,Deflation,Inflation is the action of inflating something or the condition of being inflated.,B1,Inflation has led to higher costs for raw materials,Inflation is affecting the cost of goods.,"Rising inflation rates have necessitated a review of our pricing strategies, as increased costs of goods and services threaten to erode our profit margins and affect overall financial stability."
Influence,Professional Skills\Customer Relationship Building,Influence,Impact,Powerlessness,"Influence is the capacity to have an effect on the character, development, or behavior of someone or something.",B1,Her recommendations had a significant influence on the final decision.,Her advice had a significant influence on the decision.,"The CEO's innovative approach to leadership has had a profound influence on the company's culture, driving positive change and inspiring employees to strive for excellence."
Influential,Business\IT,Influential,Persuasive,Insignificant,Influential means having great influence.,B1,He is an influential leader in the tech industry, He is an influential figure in the industry.,"As one of the most influential figures in the tech industry, her opinions on market trends and future technologies are highly sought after by investors and entrepreneurs alike."
Information,Professional Skills\Project Management,Information,Data,Ignorance,Information is facts provided or learned about something or someone.,B1,Please provide the necessary information for the application., We need more information before making a decision.,"Accurate and timely information is critical for making informed business decisions, underscoring the importance of robust data collection and analysis systems."
Input,Professional Skills\E-mail Writing,Entrée,Contribution,Output,"Input is what is put in, taken in, or operated on by any process or system.",B1,Your input on the project will be valuable for its success.,Your input is valuable for the project’s success.,The management team actively seeks input from all levels of the organization to ensure that diverse perspectives are considered in strategic planning and decision-making.
Inquiry,Business\IT,Enquête,Investigation,Answer,An inquiry is an act of asking for information.,B1,We received an inquiry from a potential client about our services.,I received an inquiry about the job opening.,"The company's customer service department responded promptly to the client's inquiry, providing detailed information and resolving the issue efficiently."
Install,Business\IT,Installer,Set up,Remove,To install means to place or fix (equipment or machinery) in position ready for use.,B1,We need to install the new software by the end of the week.,We will install the new software this weekend.,The IT department will install the new software across all workstations over the weekend to minimize disruption to daily operations
Installation,Business\Legal,Installation,Setup,Removal,"Installation is the action or process of installing someone or something, or of being installed.",B1,The installation of the new system is scheduled for next Monday,The installation of the equipment took several hours.,The successful installation of the new manufacturing equipment is expected to enhance production efficiency and reduce operational costs significantly.
Insurance,Business\Legal,Assurance,Coverage,Risk,"Insurance is a practice or arrangement by which a company or government agency provides a guarantee of compensation for specified loss, damage, illness, or death in return for payment of a premium.",B1,Make sure you have adequate insurance coverage for the property,We need to update our insurance policy.,Comprehensive insurance coverage is essential for protecting the company's assets and mitigating risks associated with unforeseen events and liabilities.
Insure,Professional Skills\Story Telling,Assurer,Ensure,Risk,"To insure means to arrange for compensation in the event of damage to or loss of (property), or injury to or the death of (someone), in exchange for regular advance payments to a company or government agency.",B1,We need to insure the equipment against potential damage.,You should insure your car against theft.,"To insure against potential financial losses, the company has diversified its investment portfolio and implemented rigorous risk management practices."
Intend,Professional Skills\Story Telling,Avoir l'intention de,Plan,Hesitate,To intend means to have (a course of action) as one's purpose or objective; plan.,B1,I intend to submit the report by the end of the day,We intend to launch the product next month.,"The board of directors intends to expand the company's market presence in Asia, leveraging strategic partnerships and localized marketing campaigns."
Intention,Professional Skills\Project Management,Intention,Aim,Indecision,An intention is a thing intended; an aim or plan.,B1,Her intention was to improve the team's workflow.,Her intention was to improve customer satisfaction.,"It is our intention to launch the new product line by the end of the fiscal year, provided that all regulatory approvals are secured in a timely manner."
Intently,Business\HR,Intensément,Attentively,Carelessly,Intently means with earnest and eager attention.,B1,He listened intently to the instructions before starting the task.,He listened intently to the speaker.,"The project manager listened intently to the team's feedback during the meeting, demonstrating a commitment to addressing their concerns and improving processes."
Intern,Business\IT,Stagiaire,Trainee,Supervisor,"An intern is a student or trainee who works, sometimes without pay, at a trade or occupation to gain work experience.",B1,She is working as an intern in the marketing department,The intern will assist with various tasks in the office.,"The intern quickly adapted to the fast-paced work environment, contributing valuable insights and supporting the team on various projects."
Internal,Business\HR; Practical and everyday life\Culture,Interne,Inner,External,Internal means situated or occurring within; inside.,B1,The internal memo will be distributed to all employees.,The internal report was confidential.,"Internal communications play a crucial role in ensuring that all employees are aligned with the company's goals and objectives, fostering a cohesive work environment."
International,Business\HR,International,Global,Domestic,"International means existing, occurring, or carried on between two or more nations.",B1,The company is focusing on expanding its international market presence.,The company is expanding into international markets.,"Expanding into international markets requires a comprehensive understanding of local regulations, cultural nuances, and consumer behavior to succeed."
Internship,Professional Skills\Customer Relationship Building,Stage,Apprenticeship,Employment,"An internship is the position of a student or trainee who works, sometimes without pay, at a trade or occupation to gain work experience.",B1,She completed a six-month internship with the finance department.,She completed an internship at a marketing firm.,"The internship program is designed to provide students with hands-on experience in their chosen field, preparing them for successful careers in the industry."
Interrupt,Business\HR,Interrompre,Break off,Continue,To interrupt means to stop the continuous progress of (an activity or process).,B1,Please do not interrupt while others are speaking.,Please don’t interrupt during the presentation.,"Any interruption in the supply chain can have significant repercussions, highlighting the need for robust contingency plans to maintain business continuity."
Interview,Professional Skills\Customer Relationship Building,Entretien,Meeting,Avoidance,"An interview is a meeting of people face to face, especially for consultation.",B1,He has a job interview scheduled for tomorrow morning,The interview went well and we’re hopeful.,The interview process is thorough and designed to identify candidates who not only have the necessary skills but also fit well with the company's culture and values.
Invaluable,Professional Skills\Story Telling,Inestimable,Priceless,Worthless,Invaluable means extremely useful; indispensable.,B1,Her experience has been invaluable to the success of the project.,Her experience is invaluable to the team.,"The insights gained from the market research study proved invaluable, guiding the development of a new product strategy that aligned with customer needs."
Invent,Professional Skills\Story Telling,Inventer,Create,Destroy,To invent means to create or design (something that has not existed before); be the originator of.,B1,He hopes to invent a new gadget that will revolutionize the industry.,They plan to invent a new type of software.,The R&D department continues to invent cutting-edge solutions that position the company as a leader in technological innovation.
Invention,Business\Supply Chain,Invention,Innovation,Stagnation,"An invention is a thing that has been invented, especially a process or device.",B1,The smartphone is one of the most significant inventions of the 21st century.,The invention has revolutionized the industry.,"The latest invention from our engineering team has the potential to revolutionize the industry, offering significant improvements in efficiency and performance."
Inventory,Business\Finance,Inventaire,Stock,Shortage,"Inventory is a complete list of items such as property, goods in stock, or the contents of a building.",B1,We need to conduct a thorough inventory of all office supplies.,We need to take inventory of all the supplies.,Effective inventory management is crucial for meeting customer demand while minimizing carrying costs and reducing the risk of stockouts or excess inventory.
Invest,Business\Legal,Investir,Put money into,Divest,"To invest means to put (money) into financial schemes, shares, property, or a commercial venture with the expectation of achieving a profit.",B1,The company plans to invest in new technologies to stay competitive.,He decided to invest in the new startup.,"The company plans to invest heavily in renewable energy projects, reflecting its commitment to sustainability and reducing its environmental footprint."
Investigate,Business\Legal,Enquêter,Examine,Neglect,"To investigate means to carry out a systematic or formal inquiry to discover and examine the facts of (an incident, allegation, etc.) so as to establish the truth.",B1,The team will investigate the cause of the equipment failure.,We need to investigate the cause of the problem.,The compliance team will investigate the reported discrepancies to ensure that all financial transactions are accurate and adhere to regulatory standards.
Investigation,Business\Finance,Enquête,Inquiry,Closure,Investigation is the action of investigating something or someone; formal or systematic examination or research.,B1,An internal investigation is underway to address the security breach.,The investigation revealed some discrepancies.,"A thorough investigation revealed that the data breach was caused by outdated security protocols, prompting an immediate upgrade of our cybersecurity measures."
Investment,Professional Skills\Meetings Skills,Investissement,Capital,Loss,Investment is the action or process of investing money for profit.,B1,Real estate has proven to be a solid investment over the years.,The investment in technology paid off.,Strategic investment in new technologies and market expansion initiatives is essential for sustaining long-term growth and competitive advantage.
Invite,Business\Finance,Inviter,Ask,Avoid,"To invite means to make a polite, formal, or friendly request to (someone) to go somewhere or to do something.",B1,We would like to invite you to our annual company event.,I would like to invite you to the conference.,"We are pleased to invite industry experts and key stakeholders to our annual conference, where we will discuss the latest trends and developments in our field."
Invoice,Practical and everyday life\Guide,Facture,Bill,Payment,"An invoice is a list of goods sent or services provided, with a statement of the sum due for these; a bill.",B1,Please send the invoice for the completed services by the end of the week.,Please send the invoice after the service is completed.,The accounts payable department must process the vendor's invoice promptly to maintain good supplier relationships and ensure uninterrupted supply of materials.
involve,Professional Skills\Teamwork,impliquer,dismiss,exclude,To involve means to include (something) as a necessary part or result.,B1,The project will involve collaboration between multiple departments.,The project will involve several departments.,"The new project will involve cross-departmental collaboration, requiring input from marketing, engineering, and finance teams to ensure its success."
Irrelevant,Professional Skills\Meetings Skills,Hors sujet,Unrelated,Relevant,Irrelevant means not related or applicable to the subject or situation.,B1,Please remove any irrelevant information from the report.,The comment was irrelevant to the discussion.,"Despite its impressive technological capabilities, the startup recognized that pursuing certain market segments would be irrelevant to its core business strategy, opting instead to focus on more profitable opportunities."
Isolate,Business\Legal,Isoler,Separate,Combine,To isolate means to set or keep (someone or something) apart from others.,B1,We need to isolate the problem to determine its cause,We need to isolate the issue to fix it.,"To isolate the cause of the production delay, the operations team conducted a thorough review of all processes and identified areas for improvement."
Issue,Business\Legal,Problème / Question,Problem,Solution,An issue or question is a topic that requires an answer or resolution.,A2,We need to address the issue of delayed deliveries,The main issue is the lack of communication.,Addressing the customer's issue with their recent order quickly and effectively is crucial for maintaining their satisfaction and loyalty to our brand.
Item,Professional Skills\E-mail Writing,Article,Object,Whole,"An item is an individual article or unit, especially one that is part of a list, collection, or set.",B1,Each item on the list must be checked for accuracy.,Each item on the list needs to be checked.,Each item in the inventory is tracked using a sophisticated management system to ensure accuracy and availability for customer orders.
Itemize,Practical and everyday life\Transportation,Détail,List,Summarize,To itemize means to present or arrange in items; list separately.,B1,Please itemize all expenses in your expense report.,Please itemize the expenses in your report.,"The final invoice will itemize all services provided and associated costs, offering complete transparency and clarity for our clients."
Itinerary,Practical and everyday life\Guide,Itinéraire,Schedule,Free time,An itinerary is a planned route or journey.,B1,Here is the itinerary for the upcoming business trip.,The itinerary for the trip includes several meetings.,"The travel itinerary for the business trip includes meetings with key partners, site visits, and a conference presentation, ensuring a productive and efficient use of time."
Jealous,Business\Legal,Jaloux,Envious,Content,Jealous means feeling or showing envy of someone or their achievements and advantages.,B1,He felt jealous of his colleague’s recent promotion.,He was jealous of his colleague’s promotion.,"Despite the competitive environment, fostering a collaborative culture where employees support each other’s success is more productive than allowing jealous rivalries to fester."
Jeopardize,Business\Legal,Mettre en danger,Endanger,Protect,To jeopardize means to expose to risk or threat.,B1,Failing to meet the deadline could jeopardize the project’s success.,The delay could jeopardize the project’s timeline.,"Any delay in securing the necessary permits could jeopardize the entire construction project, leading to significant financial losses and reputational damage."
Jeopardy,Business\HR,Danger,Peril,Safety,"Jeopardy is the danger of loss, harm, or failure.",B1,The company's future is in jeopardy if the issues are not resolved.,The company’s future is in jeopardy.,"The company's failure to comply with environmental regulations has put its operating license in jeopardy, necessitating immediate corrective actions."
Jobless,Professional Skills\Networking,Sans emploi,Unemployed,Employed,Jobless means without a paid job.,B1,Many jobless individuals are seeking new opportunities in the current job market,He has been jobless for six months.,"The economic downturn has resulted in a jobless rate increase, prompting the company to explore new markets and diversify its revenue streams to sustain operations."
Join,Business\Legal,Joindre,Connect,Separate,To join means to bring or connect together (the separate parts) into a single entity or whole.,B1,Would you like to join us for the team-building event?,She decided to join the new team.,"We are excited to announce that a renowned industry expert will join our team, bringing valuable expertise and fresh perspectives to our strategic initiatives."
Joint,Industries\Education,Commune,Shared,Separate,"Joint means shared, held, or made by two or more people or parties together.",B1,The joint venture between the two companies aims to develop new technologies.,The joint venture aims to expand into new markets.,The joint venture between the two companies aims to leverage their combined strengths and resources to capture new market opportunities and drive innovation.
Journal,Practical and everyday life\Transportation,Journal,Diary,Fiction,A journal is a newspaper or magazine that deals with a particular subject or professional activity.,B1,She keeps a journal to track her daily progress and reflections.,She keeps a journal of her daily activities.,"The marketing team's latest article in the industry journal has garnered significant attention, establishing the company as a thought leader in its field."
Journey,Business\Legal,Voyage,Trip,Destination,A journey is an act of traveling from one place to another.,B1,The journey to establish the new branch was challenging but rewarding,The journey to success requires hard work.,The CEO's journey from a small startup founder to the head of a multinational corporation is a testament to her visionary leadership and relentless perseverance.
Judge,Business\Legal,Juge,Magistrate,Defendant,A judge is a public official appointed to decide cases in a court of law.,B1,The judge will announce the verdict at the end of the trial.,It’s important to judge the situation fairly.,"Investors will judge the company's potential not just by its current performance, but also by its strategic initiatives and future growth prospects."
Justice,Professional Skills\E-mail Writing,Justice,Fairness,Injustice,Justice is the quality of being fair and reasonable.,B1,The organization is committed to promoting social justice.,The court seeks justice for all parties involved.,"In pursuit of justice, the company has implemented strict ethical guidelines to ensure fair treatment of all employees and stakeholders."
Justification,Professional Skills\E-mail Writing,Justification,Reason,Illegitimate,Justification is the action of showing something to be right or reasonable.,B1,He provided a detailed justification for the budget increase,We need a justification for the increased budget.,"The CFO provided a detailed justification for the budget increase, citing the need for additional resources to support the company's expansion plans."
Justify,Professional Skills\Team Building,Justifier,Rationalize,Invalidate,To justify means to show or prove to be right or reasonable.,B1,You need to justify the additional expenses in your report.,You must justify the need for additional resources.,"To justify the significant expenditure on research and development, the team presented data showing potential long-term gains and competitive advantages."
Keen,Professional Skills\Project Management,Passionné,Eager,Indifferent,Keen means having or showing eagerness or enthusiasm.,B1,She is keen to learn more about the new project.,She is keen to start the new project.,The management team is keen to explore new market opportunities that align with the company's strategic vision and growth objectives.
Keep,Practical and everyday life\Guide,Garder,Retain,Discard,To keep means to have or retain possession of.,B1,Please keep all confidential documents in a secure location.,Keep the documents in a safe place.,"To keep up with evolving market trends, the company regularly invests in employee training and development programs to enhance their skills and knowledge."
keep,Business\Inventory,garder,exchange,release,To keep means to have or retain possession of.,B1,We need to keep track of all project milestones.,They keep detailed records of all transactions.,"To maintain a competitive edge, the company strives to keep abreast of the latest industry trends and technological advancements."
Knock,Business\HR,Frapper,Hit,Repair,"To knock means to strike a surface noisily to attract attention, especially when waiting to be let in through a door.",B1,Please knock before entering the office.,Give a knock on the door before entering.,The unexpected knock of a new competitor entering the market prompted the company to reassess its positioning and marketing strategies.
Know,Business\HR,Savoir,Understand,Ignore,"To know means to be aware of through observation, inquiry, or information.",B1,I need to know the deadline for the project,Do you know the answer to this question?,It's essential for employees to know the company's core values and mission statement to ensure alignment and a cohesive work culture.
Knowledge,Business\HR,Connaissance,Understanding,Ignorance,"Knowledge is facts, information, and skills acquired through experience or education.",B1,Her extensive knowledge of the industry is a great asset to the team.,His knowledge of the subject is impressive.,The acquisition of specialized knowledge in emerging technologies has positioned the company as an industry leader in innovation.
Knowledgeable,Business\Marketing,Informé,Well-informed,Ignorant,Knowledgeable means having or showing knowledge or learning; well-informed.,B1,He is very knowledgeable about the latest technology trends.,She is knowledgeable about market trends.,"Our customer service team is highly knowledgeable about our products and services, providing customers with accurate and helpful information."
Label,Business\HR,Étiquette,Tag,Unmark,"A label is a small piece of paper, fabric, plastic, or similar material attached to an object and giving information about it.",B1,Make sure to label all files clearly for easy identification.,Please label all the boxes clearly.,Accurate labeling of products is crucial for compliance with regulatory standards and ensuring customer safety and satisfaction.
Labor,Business\HR,Travail,Work,Leisure,"Labor is work, especially hard physical work.",B1,The project required significant labor to complete on time,The labor force is skilled and experienced.,The recent labor strike has highlighted the need for better communication and negotiation between management and employees to resolve conflicts.
Lack,Industries\Real Estate,Manquer,Shortage,Surplus,Lack means the state of being without or not having enough of something.,B1,The team faced challenges due to a lack of resources.,The project failed due to a lack of resources.,"The lack of sufficient data hindered the market analysis, prompting the team to conduct more comprehensive research to inform decision-making"
Landlord,Business\IT,Propriétaire,Owner,Tenant,"A landlord is the owner of a house, apartment, or other real estate who rents or leases it to others.",B1,The landlord agreed to fix the heating system promptly.,The landlord is responsible for fixing the broken pipes.,Negotiating favorable terms with the landlord is essential for securing a long-term lease that supports the company's operational needs.
Laptop,Business\Marketing,Ordinateur portable,Notebook,Desktop,A laptop is a computer that is portable and suitable for use while traveling.,B1,She uses her laptop for most of her work tasks,He uses a laptop for most of his work.,"The IT department issued new laptops to all employees, equipped with the latest software and security features to enhance productivity and data protection."
Launch,Business\Legal,Lancement,Start,End,Launch means to start or set in motion (an activity or enterprise).,B1,The company will launch the new product next month.,The company will launch the new product next week.,"The successful launch of the new product line was the result of meticulous planning, market research, and an effective marketing campaign."
Law,Business\HR,Loi,Regulation,Anarchy,Law is the system of rules that a particular country or community recognizes as regulating the actions of its members and may enforce by the imposition of penalties.,B1,The new regulations are based on recent changes in the law.,The new law affects how businesses operate.,Compliance with international trade laws is critical for the company as it expands its operations to new global markets.
Lay off,Practical and everyday life\Guide,Licencier,Dismiss,Employ,"To lay off means to dismiss (an employee), especially temporarily because of slack business.",B1,The company had to lay off several employees due to budget cuts,The company had to lay off several employees.,"Despite the CEO’s assurance that the economic downturn would be short-lived, the company had to lay off a significant portion of its workforce to reduce overhead costs."
Leak,Professional Skills\Project Management,Fuite,Seepage,Tighten,"A leak is a hole in a container or covering through which contents, especially liquid or gas, may accidentally pass.",B1,There was a leak in the system that compromised the data.,There is a leak in the office ceiling.,"A confidential email leak revealed the board’s intention to sell off the subsidiary, causing a sharp drop in the company's stock prices."
Lean,Industries\Real Estate,Incliner,Tilt,Straighten,Lean means to incline or bend from a vertical position.,B1,The company needs to lean on its strengths to stay competitive., The company needs to lean on its core strengths.,"Adopting a lean management approach, the manufacturing firm managed to increase efficiency and reduce waste, thereby boosting profitability."
Lease,Practical and everyday life\Hobbies and leisure,Bail,Rental,Ownership,"A lease is a contract by which one party conveys land, property, services, etc., to another for a specified time, usually in return for a periodic payment.",B1,We decided to lease the office space for five years.,They signed a lease for the new office space.,"The multinational corporation decided to lease a state-of-the-art office building downtown, hoping to attract top talent with its prime location and modern amenities."
Leisure,Business\Finance,Loisir,Recreation,Work,Leisure is time when one is not working or occupied; free time.,B1,He enjoys leisure activities like reading and hiking on weekends., She enjoys leisure activities on the weekend.,"Balancing work and leisure is crucial for maintaining employee morale and productivity, which is why the firm introduced flexible working hours and wellness programs."
Lend,Business\Legal,Prêter,Loan,Borrow,To lend means to grant to (someone) the use of (something) on the understanding that it will be returned.,B1,Could you lend me your notes for the meeting?, Can you lend me a hand with this task?,Banks are often reluctant to lend to small businesses without substantial collateral due to the perceived higher risk of default.
Lengthy,Professional Skills\Meetings Skills,Long,Extended,Short,Lengthy means of great length or duration.,B1,"The review process was lengthy, but it was thorough.",The meeting was lengthy but productive.,"The negotiation process for the joint venture agreement proved to be lengthy, requiring multiple rounds of discussions and revisions to address each party's concerns and finalize terms satisfactory to all stakeholders."
Level off,Business\Finance,Stabiliser,Stabilize,Fluctuate,To level off means to maintain at a constant level.,B1,Sales figures are expected to level off after the initial surge.,Sales are expected to level off after the initial spike.,"Following a period of intense volatility, the stock market began to level off, providing investors with a sense of stability amidst uncertain economic conditions"
Liability,Business\Legal,Responsabilité,Obligation,Immunity,"Liability is the state of being responsible for something, especially by law.",B1,The company has a liability to ensure safe working conditions.,The company has liability insurance for potential risks.,"The new regulation imposed stricter liability standards on manufacturers, making them more accountable for product defects and consumer safety."
License,Business\Legal,Licence,Permit,Ban,"A license is a permit from an authority to own or use something, do a particular thing, or carry on a trade.",B1,Ensure you have a valid license before operating the equipment., You need a license to operate the machinery.,Acquiring an international license allowed the tech startup to expand its operations and market its innovative solutions across multiple countries.
Licensing,Practical and everyday life\Guide,Autorisation,Permitting,Banning,"Licensing is the granting or regulation of licenses, as for professionals, commercial enterprises, or the broadcasting of radio or television programs.",B1,The licensing process for the new software is straightforward.,Licensing requirements vary by industry.,Licensing agreements with established brands can provide startups with a significant competitive edge and brand recognition in new markets.
Lie,Business\Legal,Mentir,Fabricate,Tell the truth,To lie means to intentionally make false statements to someone.,B1,Don’t lie about your qualifications on the resume.,It’s important to tell the truth and not lie in business.,"The CFO was fired after an internal audit uncovered his lie about the company’s financial health, which had been grossly overstated to attract investors."
Limited,Practical and everyday life\Transportation,Limité,Restricted,Unlimited,"Limited means restricted in size, amount, or extent; few, small, or short.",B1,The offer is available for a limited time only.,The offer is available for a limited time only.,The limited liability company structure protects owners' personal assets from being seized to cover business debts and liabilities.
Limousine,Professional Skills\E-mail Writing,Limousine,Limo,Economy car,"A limousine is a large, luxurious automobile, especially one driven by a chauffeur who is separated from the passengers by a partition.",B1,The client arrived at the event in a luxury limousine.,They arrived at the event in a limousine.,"The executive's limousine pulled up to the headquarters just in time for the quarterly earnings call, where he announced a strategic merger with a key competitor."
Line,Industries\Retail,,Series,Individual item,A range or line refers to a group of related products or items.,B1,Please stand in line to check in for your flight., The new product line has been very successful.,"The company's product range encompasses a diverse line of offerings, catering to various customer preferences and market segments."
List,Industries\Agriculture,Liste,Catalog,Delete,"A list is a number of connected items or names written or printed consecutively, typically one below the other.",B1,I’ve created a list of items to purchase for the office.,I made a list of all the items we need.,"The company's IPO was successful, and it was officially listed on the stock exchange, paving the way for future growth and investment opportunities."
Livestock,Business\Finance,Bétail,Farm animals,Wildlife,Livestock is farm animals regarded as an asset.,B1,"The farm's livestock includes cattle, sheep, and chickens.",The farm raises livestock for meat and dairy products.,"Diversifying its portfolio, the agricultural conglomerate invested in sustainable livestock farming, aiming to meet the growing demand for organic meat."
Loan,Business\Finance,Prêt,Borrowing,Repayment,A loan is a sum of money that is borrowed and expected to be paid back with interest.,B1,They applied for a loan to finance the new business venture., He took out a loan to buy the new car.,The pharmaceutical giant hired a powerful lobby to influence legislation that would benefit their new line of groundbreaking medications.
Lobby,Practical and everyday life\Culture,Hall,Vestibule,Exit,"A lobby is a room providing a space out of which one or more other rooms or corridors lead, typically one near the entrance of a public building.",B1,The company’s new headquarters has a spacious lobby that impresses all visitors., The lobby of the hotel was elegantly decorated.,"To support the local economy, the firm pledged to source materials from nearby suppliers and create job opportunities within the community."
Local,Practical and everyday life\Guide,Local,Regional,Foreign,"Local means belonging or relating to a particular area or neighborhood, typically exclusively so.",B1,We prefer to support local businesses whenever possible., The local community supports the new initiative.,"After an extensive search, the company decided to locate its new factory in a region known for its skilled labor force and favorable tax policies."
Locate,Business\IT,Situer,Place,Misplace,To locate means to identify the place or position of.,B1,The HR department is trying to locate the missing employee files.,We need to locate the missing files.,"The selection of the company's new headquarters was a meticulous process, balancing proximity to key stakeholders with strategic access to global markets, culminating in a prime downtown location that epitomizes prestige and operational efficiency"
Location,Practical and everyday life\Guide/events ,Emplacement,Position,Displacement,Location refers to a particular place or position.,A2,The retail store's prime location in the city center attracts a lot of foot traffic.,The new office location is convenient for everyone.,"Employees were instructed to log on to the new secure portal to access sensitive company data, ensuring better control and monitoring of information."
Log on,Business\IT,Se connecter,Sign in,Log off,To log on means to enter one's username and password to begin using a computer system or application.,B1,Employees need to log on to the company’s intranet daily to check for updates.,You need to log on to the system to access the data.,"To prevent unauthorized access, staff members were required to log out of their accounts after each session, adhering to the company's cybersecurity protocols."
Log out,Professional Skills\Customer Relationship Building,Se déconnecter,Sign out,Log on,To log out means to exit from a computer system or application.,B1,Please remember to log out of your account before leaving the office.,Remember to log out when you’re finished using the computer.,"As the fiscal year draws to a close, shareholders look forward to the annual report, anticipating detailed insights into the company's strategic initiatives, financial health, and potential dividends."
Look forward to,Practical and everyday life\Greeting,Attendre avec impatience,Anticipate,Dread,To look forward to means to anticipate with pleasure or excitement.,B1,We look forward to meeting with the new clients next week.,I look forward to working with you on this project.,"In response to the rapidly evolving technological landscape, companies increasingly look to innovative startups for potential collaborations, seeking to leverage cutting-edge solutions to enhance their competitive advantage."
Look to,Business\Marketing; Professional Skills\Story Telling,Consulter,Refer to,Ignore,To look to means to consult or refer to someone or something for guidance or advice.,B1,The company will look to expand its market share in the coming year.,We look to our leaders for guidance.,"Maintaining a loyal customer base is essential for long-term success, which is why the company invests heavily in customer service and loyalty programs."
Loyal,Practical and everyday life\Transportation,Loyal,Faithful,Disloyal,Loyal means giving or showing firm and constant support or allegiance to a person or institution.,B1,Our loyal customers are the backbone of our business.,She is a loyal employee who always meets deadlines.,The travel agency provided executives with complimentary luggage and other travel essentials as part of their premium business travel package.
Luggage,Industries\Fashion,Bagages,Bag,Lighten,Luggage is suitcases or other bags in which to pack personal belongings for traveling.,B1,The business traveler packed his luggage carefully for the week-long conference.,Please collect your luggage from the carousel.,"The initial market response to the newly launched product was lukewarm, prompting the marketing team to reevaluate their promotional strategies and engage in targeted market research to better understand consumer needs."
lukewarm,Professional Skills\Interpersonal Skills,tiède,tepid,fervent,Lukewarm means only moderately warm; tepid.,B,The new product received a ukewarm response from the focus group.,The response to the proposal was lukewarm.,"The company's luxurious corporate retreat, nestled in the Swiss Alps, is designed to reward top-performing executives and foster creative brainstorming sessions."
Luxurious,Industries\Fashion,Luxueux,Lavish,Simple,"Luxurious means extremely comfortable, elegant, or enjoyable, especially in a way that involves great expense.",B1,The brand is known for its luxurious products that cater to high-end clients.,The hotel offers luxurious accommodations.,"Specializing in bespoke luxury goods, the brand has built a reputation for unparalleled craftsmanship and exclusivity among high-net-worth individuals."
Luxury,Professional Skills\Project Management,Luxe,Opulence,Poverty,"Luxury is a state of great comfort or elegance, especially when involving great expense.",B1,Providing luxury services has always been at the heart of our business strategy., The car is a symbol of luxury and success.,"To maintain its competitive edge, the tech firm invests heavily in research and development, ensuring its products remain at the forefront of innovation."
Maintain,Professional Skills\Project Management,Maintenir,Sustain,Neglect,To maintain means to cause or enable (a condition or situation) to continue.,B1,It’s essential to maintain strong relationships with our suppliers., We need to maintain the equipment regularly.,Regular maintenance of machinery is crucial in the manufacturing industry to prevent costly downtime and extend the equipment's lifespan.
Maintenance,Business\HR,Entretien,Upkeep,Neglect,Maintenance is the process of preserving a condition or situation or the state of being preserved.,B1,Regular maintenance of the company’s equipment is crucial to avoid downtime., Regular maintenance is essential for the machinery.,A major restructuring initiative aimed at reducing operational costs and improving efficiency is set to be unveiled at the upcoming shareholder meeting.
Major,Business\HR,Principal,Main,Minor,"Major means important, serious, or significant.",B1,The new policy change is a major shift in how we do business., The merger was a major event for the company.,"The marketing team worked tirelessly, making up for lost time to launch the campaign on schedule, ensuring all creative and logistical elements were flawlessly executed."
making up,Professional Skills\Communication,se réconcilier,reconciling,estranging,Making up means restoring a friendly relationship after a disagreement or argument.,A,The marketing team is making up for the lost time by launching new campaigns.,The team is making up for lost time.,Effective leaders must manage both the strategic direction of the company and the day-to-day operations to ensure long-term success and stability.
Manage,Business\HR,Gérer,Administer,Mismanage,"To manage means to be in charge of (a company, establishment, or undertaking); administer; run.",B1,She has been promoted to manage the company’s international operations., She manages the team with great efficiency.,Developing strong managerial skills is essential for mid-level employees aspiring to climb the corporate ladder and take on executive roles.
Managerial,Business\Legal,Gestionnaire,Administrative,Non-managerial,"Managerial means relating to the administration of a business, organization, or institution.",B1,He is attending a managerial training program to enhance his leadership skills.,He took a managerial position at the new company.,The new compliance regulations make it mandatory for financial institutions to conduct thorough due diligence before approving any loans.
Mandatory,Industries\Manufacturing,Obligatoire,Compulsory,Optional,Mandatory means required by law or rules; compulsory.,B1,Attending the annual meeting is mandatory for all department heads.,Attendance at the safety training is mandatory.,"To stay competitive, the company must manufacture high-quality products at scale while maintaining cost-efficiency and adhering to environmental standards."
Manufacture,Industries\Manufacturing,Fabriquer,Produce,Consume,To manufacture means to make (something) on a large scale using machinery.,B1,"The factory has the capacity to manufacture over 10,000 units per month.",They will manufacture the new product in their factory.,"The manufacturing sector is experiencing a renaissance, driven by advancements in automation and the adoption of Industry 4.0 technologies."
Manufacturing,Business\Marketing,Fabrication,Production,Consumption,"Manufacturing is the making of goods or wares by manual labor or by machinery, especially on a large scale.",B1,The company is investing in advanced manufacturing technologies to boost productivity.,The manufacturing process has been streamlined to improve efficiency.,"The decision to mark up prices for premium services was met with resistance from cost-conscious consumers, leading to a decline in sales volume."
Mark up,Business\Finance,Majorer / Augmenter,Increase,Decrease,To mark up means to increase the price of a product or service for resale.,B1,The retailer applied a 20% mark up to the cost of the product., They decided to mark up the price of the product by 10%.,"Market research revealed shifting consumer preferences towards sustainable products, prompting companies to adapt their offerings to meet evolving demands"
Market,Business\Marketing,Marché,Marketplace,Niche,A market is a place where goods or services are bought and sold.,A2,Understanding the market is key to developing a successful business strategy., The market for eco-friendly products is growing rapidly.,"Extensive market research is essential to gather insights into consumer behavior and preferences, informing strategic decisions and product development initiatives."
Market research,Business\Marketing,Étude de marché,Market analysis,Guesswork,"Market research involves studying consumer preferences, trends, and demand to inform business decisions.",A2,Market research indicates that there is a growing demand for eco-friendly products., Market research helps companies understand customer needs.,"Innovative marketing strategies, including leveraging social media influencers, have helped the startup quickly build brand awareness and capture market share."
Marketing,Industries\Manufacturing,Marketing,Promotion,Suppression,"Marketing is the action or business of promoting and selling products or services, including market research and advertising.",B1,Effective marketing is crucial to the success of any product launch., The marketing team is working on a new advertising campaign.,"The board of directors convened an emergency meeting to address the urgent matter of corporate governance following allegations of executive misconduct, emphasizing transparency and accountability in their deliberations."
Matter,Professional Skills\Meetings Skills,Question,Issue,Irrelevance,Matter refers to a subject or situation under consideration.,B1,Quality customer service is a matter of priority for our business.,The issue at hand is a serious matter that needs attention.,"The recent policy changes mean that employees will have more flexibility in their work schedules, promoting a better work-life balance."
mean,Professional Skills\Communication,signifier,quit,continue,To mean means to intend (something) to occur or be the case.,B1,The new tax law could mean higher costs for small businesses., What did you mean by your comment?,The role of a skilled mechanic is critical in ensuring that the factory's production lines run smoothly and without interruption.
Mechanic,Industries\Medical,Mécanicien,Technician,Amateur,A mechanic is a person who repairs and maintains machinery.,B1,The company employs a full-time mechanic to maintain its fleet of vehicles.,The mechanic fixed the car’s engine problem.,"In response to the pandemic, the company provided on-site medics and medical supplies to ensure the health and safety of its employees."
Medic,Industries\Medical,Médecin,Doctor,Patient,A medic is a medical practitioner or student.,B1,A trained medic is always present on-site to ensure workplace safety.,A medic was called to treat the injured athlete.,"The medical device company's latest innovation promises to revolutionize the way chronic diseases are managed, offering patients greater independence."
Medical,Industries\Medical,Médical,Health,Non-medical,Medical means relating to the science or practice of medicine.,B1,The company offers comprehensive medical benefits to all employees.,She needs a medical check-up before starting the new job.,"The pharmaceutical giant's new medication has been hailed as a breakthrough treatment, offering hope to millions of patients worldwide."
Medication,Industries\Medical,Médicament,Remedy,Illness,"Medication is a substance used for medical treatment, especially a medicine or drug.",B1,Employees are advised to inform HR if they are on any long-term medication.,He takes medication daily for his condition.,"The advancement of precision medicine is transforming healthcare, allowing for treatments tailored to the individual genetic makeup of patients."
Medicine,Professional Skills\Meetings Skills,Médecine,Treatment,Disease,"Medicine is the science or practice of the diagnosis, treatment, and prevention of disease.",B1,The pharmaceutical division is launching a new line of medicine next year.,The doctor prescribed some medicine for the flu.,The quarterly board meeting was dominated by discussions on the proposed merger and its potential impact on the company's market position.
Meeting,Business\HR,Réunion,Assembly,Dispersal,"A meeting is an assembly of people, especially for a particular purpose.",B1,The board meeting has been scheduled for 10 a.m. on Thursday.,The meeting will start at 10 AM in the conference room.,"Exclusive membership to the business association offers networking opportunities, industry insights, and access to key decision-makers."
Membership,Professional Skills\E-mail Writing,Adhésion,Subscription,Non-membership,Membership is the fact of being a member of a group.,B1,The executive team has approved the company’s membership in the local business chamber.,Membership in the club requires a yearly fee.,The CEO issued a memo to all employees outlining the new strategic priorities and emphasizing the importance of agility in a rapidly changing market.
Memo,Professional Skills\E-mail Writing,Mémo,Memorandum,Forgetfulness,"A memo is a written message, especially in business.",B1,A memo was sent out to all staff outlining the new office procedures.,She sent a memo to the team about the upcoming deadline.,"A memorandum of understanding was signed between the two companies, setting the framework for a future strategic partnership."
Memorandum,Professional Skills\Story Telling,Mémo,Note,Forgetfulness,A memorandum is a written message in business or diplomacy.,B1,The memorandum of understanding between the two companies was signed yesterday.,The memorandum outlined the new company policies.,The CEO's brief mention of potential layoffs during the earnings call caused anxiety among employees and led to a drop in stock prices.
Mention,Industries\Retail,Mentionner,Cite,Ignore,To mention means to refer to something briefly and without going into detail.,B1,Please make sure to mention our latest products during your sales pitch.,I forgot to mention the deadline in my report.,"The retail chain introduced a new line of eco-friendly merchandise, appealing to consumers' growing demand for sustainable products."
Merchandise,Professional Skills\Story Telling,Marchandise,Goods,Assets,Merchandise are goods to be bought and sold.,B1,The company’s new line of merchandise will be available online next month.,The store displays its merchandise in an organized manner.,"The mere mention of a new product launch sent the company's stock soaring, reflecting investors' high expectations for continued growth."
Mere,Business\Finance,Simple,Pure,Complex,Mere means that and no more or merely.,B1,The mere presence of a strong leader can inspire confidence in the team.,It was a mere coincidence that we met at the café.,"To expand its market reach and leverage synergies, the company decided to merge with a leading competitor, creating a powerhouse in the industry"
Merge,Business\Finance,Fusionner,Combine,Separate,To merge means to combine or cause to combine to form a single entity.,B1,The two companies plan to merge their operations to streamline services.,The companies decided to merge to strengthen their market position.,"Shareholders eagerly awaited the outcome of the merger negotiations, anticipating the potential synergies and market advantages that would result from the union of the two companies"
Merger,Business\Finance,Fusion,Integration,Separation,A merger is the combination of two separate companies into one entity.,B2,The merger between the two tech giants was finalized last quarter.,The merger will create a larger and more competitive company.,The highly anticipated merger between the two tech giants is expected to reshape the industry landscape and set new standards for innovation.
Merger,Practical and everyday life\Transportation,Fusion,Amalgamation,Division,"A merger is a combination of two things, especially companies, into one.",B1,Employees can claim mileage reimbursement for business-related travel.,The car's mileage is impressive for its age.,"With rising fuel costs, businesses are increasingly focusing on strategies to optimize vehicle mileage and reduce transportation expenses."
Mileage,Business\Finance,Kilométrage,Distance,Proximity,Mileage is the distance traveled or covered in a vehicle or the total number of miles traveled.,B1,The company hit its target of earning a million dollars in revenue this quarter.,The company made a profit of one million dollars last year.,"The startup secured a million-dollar investment from venture capitalists, enabling it to scale operations and accelerate product development."
Million,Practical and everyday life\Guide,Million,Thousand,Billion,A million is a thousand thousand.,B1,"The client seemed to mishear the details of our proposal, so we clarified the terms.", I think you might have misheard what I said.,"During the critical negotiation, one executive misheard the terms, leading to a misunderstanding that almost derailed the entire deal."
Mishear,Business\Legal,Mal entendre,Misinterpret,Hear correctly,To mishear means to fail to hear (someone or something) correctly.,B1,The advertisement was found to be misleading and had to be retracted.,The advertisement was misleading about the product’s benefits.,"The company's marketing campaign was criticized for being misleading, as it exaggerated the benefits of the product without substantial evidence."
Misleading,Business\Legal,Trompeur,Deceptive,Genuine,Misleading means giving the wrong idea or impression.,B1,It’s important never to misrepresent the features of a product to customers.,It is illegal to misrepresent the quality of a product.,"It is unethical and illegal for companies to misrepresent their financial health to investors, as this can lead to severe legal repercussions and loss of trust."
Misrepresent,Business\IT,Fausser,Distort,Represent,To misrepresent means to give a false or misleading account of the nature of.,B1,"The salesperson did not intend to misrepresent the product, but the customer felt deceived by the description.","There was a mix-up with the order, and we received the wrong items.","A mix-up in shipping logistics resulted in delays in fulfilling customer orders, prompting the company to implement stringent inventory management protocols to prevent similar issues in the future."
Mix-up,Professional Skills\Project Management; Business\Communication,Confusion,Jumble,Order,A mix-up is a state of confusion or disorder resulting from a mistake or misunderstanding.,B1,A mix-up in the shipping department caused the wrong items to be delivered to the customer.,We need to monitor the project's progress closely.,"To ensure optimal performance and compliance with regulatory standards, the company installed a state-of-the-art system to continuously monitor production processes, which not only tracks real-time data but also provides predictive analytics to preemptively address potential issues."
Monitor,Practical and everyday life\Culture,Surveiller,Observe,Ignore,To monitor means to observe and check the progress or quality of (something) over a period of time; keep under systematic review.,B1,The security team will monitor the premises 24/7 to ensure safety.,Monitoring the system ensures that everything is running smoothly.,The risk management team is constantly monitoring market trends and potential threats to ensure the company can proactively address any emerging challenges.
monitoring,Professional Skills\Project Management,surveillance,observation,neglect,Monitoring is the process of observing and checking the progress or quality of something over a period of time.,C,Continuous monitoring of the stock market is essential for successful trading.,The monument commemorates a historic event in the city.,"The multinational corporation's new headquarters, a sleek architectural monument in the heart of the financial district, symbolizes its ambitious vision and unwavering commitment to innovation and excellence."
Monument,Industries\Real Estate,Monument,Memorial,Triviality,"A monument is a statue, building, or other structure erected to commemorate a famous or notable person or event.",B1,The city unveiled a new monument to honor the fallen heroes of the war.,They applied for a mortgage to buy their new house.,"The real estate development firm secured a high-value mortgage to finance its latest luxury condominium project, despite the volatile interest rates and stringent lending criteria imposed by financial institutions."
Mortgage,Business\Finance; Industries\Real Estate,Hypothèque,Loan,Ownership,A mortgage is a legal agreement by which a bank or other creditor lends money at interest in exchange for taking title of the debtor's property.,B1,They decided to take out a mortgage to buy their dream home.,We need to motivate the team to meet the deadline.,"Despite the favorable mortgage rates, the company's decision to purchase the new office building was met with careful consideration and extensive financial analysis to ensure that the long-term benefits outweighed the immediate costs and debt obligations."
Motivate,Business\HR,Motiver,Encourage,Discourage,To motivate means to stimulate (someone's) interest in or enthusiasm for doing something.,B1,The coach used various strategies to motivate the team before the big game.,Her motivation to succeed is evident in her work.,"In an effort to motivate employees and boost overall productivity, the company implemented a comprehensive incentive program, which includes performance-based bonuses, professional development opportunities, and recognition for outstanding achievements."
Motivation,Practical and everyday life\Guide,Motivation,Incentive,Apathy,Motivation is the reason or reasons one has for acting or behaving in a particular way.,B1,Employee motivation is key to improving productivity in the workplace.,Use a napkin to clean up the spills on the table.,"The primary motivation behind the firm's aggressive expansion strategy is to capture a larger market share and establish a dominant presence in emerging markets, which are projected to drive significant revenue growth over the next decade."
Napkin,Practical and everyday life\Guide,Serviette,Tissue,Dish,A napkin is a square piece of cloth or paper used at a meal to wipe the fingers or lips and to protect garments.,B1,He carefully placed a napkin on his lap before beginning his meal.,The road ahead is too narrow for two cars to pass.,"During an impromptu brainstorming session over lunch, the marketing team sketched out a brilliant campaign concept on a napkin, which later evolved into one of the most successful and memorable advertising initiatives in the company's history."
Narrow,Practical and everyday life\Guide,Étroit,Tight,Wide,Narrow means of small width in relation to length.,B1,The narrow road made it difficult for two cars to pass each other.,The narrowing gap between the competitors is causing concern.,"Despite facing a narrow window of opportunity to finalize the deal, the negotiation team worked tirelessly, leveraging their expertise and strategic acumen to secure favorable terms that would benefit the company in the long run."
Narrowing,Industries\Real Estate,Rétrécissement,Compression,Expansion,Narrowing is the process of becoming or making narrower.,B1,The narrowing of the gap between the two competitors made the race more exciting.,They moved to a quiet neighborhood to raise their family.,The narrowing of profit margins due to increased competition and rising production costs has compelled the company to reassess its pricing strategy and seek more efficient operational methods.
Neighborhood,Professional Skills\Networking,Quartier,Vicinity,Remote area,"A neighborhood is a district, especially one forming a community within a town or city.",B1,The neighborhood is known for its friendly residents and tree-lined streets.,Networking events can help you connect with industry professionals.,Establishing a new branch office in the vibrant neighborhood not only provides a strategic location to serve a growing customer base but also reflects the company's commitment to community engagement and local economic development.
Network,Business\HR,Réseau,Web,Individual,A network is a group or system of interconnected people or things.,B1, Building a strong network of professional contacts is crucial for career advancement.,We will nominate candidates for the award next week.,"Building a robust professional network is essential for career advancement and business development, as it enables individuals and companies to forge valuable connections, exchange insights, and collaborate on innovative projects."
Nominate,Business\HR,Nominer,Propose,Reject,To nominate means to propose or formally enter as a candidate for election or for an honor or award.,B1,The board will nominate three candidates for the position of CEO., His nomination for the award was well-deserved.,"Recognizing her exceptional leadership and contributions to the company's success, the board decided to nominate her for the prestigious industry award, highlighting her role in driving strategic initiatives and fostering a culture of excellence."
Nomination,Professional Skills\E-mail Writing,Nomination,Candidacy,Rejection,A nomination is the action of nominating or state of being nominated.,B1,Her nomination for the award was announced at the annual gala.,I gave my two weeks' notice at work.,"The CEO's nomination for the 'Business Leader of the Year' award is a testament to his visionary leadership, which has steered the company through challenging times and positioned it for sustainable growth and innovation."
Notice,Professional Skills\E-mail Writing,Avis,Notification,Ignorance,A notice is the fact of observing or paying attention to something.,B1,The employee submitted a notice of resignation to the HR department.,Please notify me if there are any changes to the schedule.,"The sudden notice of regulatory changes prompted the compliance team to swiftly revise internal policies and procedures, ensuring that the company remained in full compliance and mitigated any potential legal risks."
Notify,Business\Legal,Informer,Advise,Conceal,"To notify means to inform (someone) of something, typically in a formal or official manner.",B1,Please notify us immediately if there are any changes to your itinerary.,She raised an objection to the proposed plan.,"As part of its commitment to transparency, the company made it a priority to promptly notify all stakeholders about the upcoming changes in management, providing detailed explanations and addressing any concerns to maintain trust and confidence."
Objection,Professional Skills\Project Management,Objection,Protest,Agreement,An objection is an expression or feeling of disapproval or opposition; a reason for disagreeing.,B1,"The lawyer raised an objection during the trial, arguing that the evidence was inadmissible.",The main objective of the project is to increase sales.,"Despite some initial objection from key stakeholders, the management team successfully persuaded them by presenting a comprehensive business case that highlighted the long-term benefits and strategic importance of the proposed initiative."
Objective,Business\Legal,Objectif,Goal,Subjective,Objective means (of a person or their judgment) not influenced by personal feelings or opinions in considering and representing facts.,B1,The main objective of the project is to reduce costs by 20%.,You have an obligation to complete the assigned tasks.,"The primary objective of the new strategic plan is to enhance operational efficiency, drive innovation, and achieve sustainable growth, ensuring the company remains competitive and resilient in a rapidly changing market environment."
Obligation,Business\Legal,Obligation,Duty,Discretion,An obligation is an act or course of action to which a person is morally or legally bound; a duty or commitment.,B1,It is our obligation to provide accurate information to our clients.,The contract outlines our obligations to the client.,"As part of its corporate social responsibility program, the company recognizes its obligation to contribute to environmental sustainability, implementing green initiatives and supporting community-based projects that promote ecological conservation."
obligation ,Business\Legal,obligation,responsibility,freedom,An obligation is a duty or commitment to do something.,B1,It is our obligation to provide accurate information to our clients.,I’m happy to oblige with your request for a day off.,"It is the company's obligation to comply with environmental regulations, implementing sustainable practices to minimize its ecological footprint."
Oblige,Professional Skills\Project Management,Obliger,Force,Refuse,To oblige means to make (someone) legally or morally bound to do something.,B1,The manager felt obliged to extend the deadline due to the unforeseen circumstances.,We need to obtain permission before starting the project.,"To meet regulatory requirements and uphold ethical standards, the company is obliged to conduct thorough due diligence, ensuring that all business practices are transparent, legal, and aligned with best industry practices."
Obtain,Professional Skills\Story Telling,Obtenir,Acquire,Lose,"To obtain means to get, acquire, or secure (something).",B1,She worked hard to obtain her master’s degree in business administration., It is important to obtain accurate data for the report.,"In order to obtain the necessary permits for expansion, the company had to navigate a complex bureaucratic process, demonstrating compliance with all regulatory standards and engaging with local authorities and community stakeholders."
obtain ,Business\Supply Chain,obtenir,trade,give,To obtain means to acquire or secure (something).,B1,You need to obtain a permit before starting the construction.,"Obviously, we need to address the issue immediately.","The procurement team worked diligently to obtain high-quality raw materials from trusted suppliers, ensuring the final product meets company standards."
Obviously,Business\HR,Évidemment,Clearly,Unclear,Obviously means in a way that is easily perceived or understood; clearly.,B1,"Obviously, we need to review the contract before signing it.",His occupation is that of a software engineer.,"Obviously, the success of the new product launch hinges on effective marketing, robust supply chain management, and the ability to quickly adapt to consumer feedback and market trends."
Occupation,Professional Skills\Project Management,Occupation,Profession,Leisure,"Occupation is a person's employment or main activity, especially as a means of earning money.",B1,His occupation as an architect requires a great deal of creativity and precision.,The incident occurred during the company's annual meeting.,"The construction project's successful completion on time and within budget is attributed to the dedication and expertise of the various occupations involved, including architects, engineers, and skilled laborers."
Occur,Business\HR,Se produire,Happen,Disappear,To occur means to happen; take place.,B1,The error occurred because of a misunderstanding between the departments.,They made a special offer on the product for a limited time.,"Market fluctuations can occur unexpectedly, which is why companies must remain vigilant and agile, continuously monitoring economic indicators and adjusting their strategies to mitigate risks and capitalize on opportunities."
Offer,Business\Sales (CSR),Offre,Proposal,Refusal,An offer is a proposal or opportunity presented to someone.,A2,The company decided to offer a discount to attract new customers.,The officer reviewed the security footage from the incident.,"In response to competitive pressures, the company launched a limited-time offer to attract new customers and drive foot traffic to its retail outlets."
Officer,Business\HR,Officier,Official,Civilian,"An officer is a person holding a position of command or authority in the armed services, in the merchant marine, or on a passenger ship.",B1,The compliance officer ensures that all regulatory requirements are met.,The official statement was released to the media.,The Chief Financial Officer's meticulous attention to detail and strategic financial planning have been instrumental in guiding the company through economic uncertainties and ensuring its long-term fiscal health
Official,Practical and everyday life\Transportation,Officiel,Authorized,Unauthorized,"Official means relating to an authority or public body and its duties, actions, and responsibilities.",B1,The official report will be released to the public tomorrow.,The increase in costs will be offset by higher sales.,"During the official announcement, the company unveiled its ambitious plans for expansion into international markets, highlighting strategic partnerships and new product lines designed to meet diverse consumer needs"
Offset,Business\Finance,Compenser,Counterbalance,Aggravate,To offset means to balance or counteract a negative effect.,B2,The company planted trees to offset its carbon emissions.,We will proceed onward with the next phase of the project.,"The surplus revenue generated from one department was used to offset losses in another, ensuring overall profitability for the organization."
Onward,Business\IT,En avant,Forward,Backward,Onward means moving forward or continuing.,B1," From this day onward, all employees must clock in using the new system.",She knows how to operate the new machinery.,"From this point onward, the company is committed to embracing digital transformation, leveraging advanced technologies to enhance operational efficiency, customer engagement, and competitive advantage."
Operate,Business\IT,Fonctionner,Run,Stop,To operate means to function or perform (a specified action).,B1,The machine can operate at full capacity for eight hours without overheating.,The operation went smoothly and the patient is recovering.,"To operate effectively in a global market, the company must navigate complex regulatory environments, cultural differences, and logistical challenges, requiring a well-coordinated and strategic approach."
Operation,Professional Skills\Story Telling,Opération,Surgery,Inaction,An operation is the fact or condition of functioning or being active.,B1,"The operation was a success, and production increased by 15%.","In my opinion, the new policy will benefit the company.","The successful integration of the newly acquired subsidiary into the company's existing operations was a complex process, involving meticulous planning, effective communication, and seamless execution to achieve synergy and optimize performance."
Opinion,Business\HR,Opinion,View,Fact,"An opinion is a view or judgment formed about something, not necessarily based on fact or knowledge.",B1,"In my opinion, the new policy will benefit the company in the long run.",This job offers a great opportunity for career growth.,"The expert opinion of industry analysts and consultants played a crucial role in shaping the company's strategic decisions, providing valuable insights and recommendations based on market trends and competitive dynamics."
Opportunity,Professional Skills\Customer Relationship Building,Opportunité,Chance,Misfortune,An opportunity is a time or set of circumstances that makes it possible to do something.,B1,,He is optimistic about the project's success.,"The emerging market presents a significant opportunity for growth, and the company plans to capitalize on this by introducing innovative products, expanding its distribution network, and investing in localized marketing strategies."
Optimistic,Business\Supply Chain,Optimiste,Positive,Pessimistic,Optimistic means hopeful and confident about the future.,B1,The team is optimistic about meeting their sales targets this quarter.,Please place your order at the counter.,"Despite the challenges posed by economic volatility and competitive pressures, the management team remains optimistic about the company's future prospects, driven by a robust pipeline of new products and a strong commitment to innovation and customer satisfaction."
Order,Business\HR,Commande,Request,Disorder,"An order is a request, typically one made in a formal way.",B1,Please place your order before the end of the day to ensure next-day delivery.,The organization is dedicated to environmental conservation.,"In response to the unprecedented surge in demand, the procurement team swiftly placed an order for additional raw materials, ensuring the production line could maintain its output without interruption."
Organization,Professional Skills\Project Management,Organisation,Grouping,Disorganization,"An organization is an organized group of people with a particular purpose, such as a business or government department.",B1,The organization is known for its charitable work and community service.,We need to organize the files before the audit.,"The multinational organization, known for its intricate hierarchical structure and extensive global operations, continues to lead the industry through its innovative approaches and strategic alliances."
Organize,Professional Skills\Project Management,Organiser,Arrange,Disorder,To organize means to arrange systematically; order.,B1,We need to organize a meeting to discuss the upcoming project.,The event was well-organized and ran smoothly.,"To organize the annual conference, the event planning committee meticulously coordinated with numerous vendors, sponsors, and keynote speakers to ensure a seamless and impactful experience for all attendees."
Organized,Professional Skills\Story Telling,Organisé,Systematic,Disorganized,Organized means arranged systematically; orderly.,B1,"The event was well-organized, with everything running smoothly.",The original design was much simpler than the final version.,"The company's organized approach to project management, characterized by detailed timelines, clear milestones, and regular progress reviews, has consistently resulted in the successful completion of complex initiatives."
Original,Professional Skills\Story Telling,Original,Genuine,Fake,Original means present or existing from the beginning; first or earliest.,B1,The original manuscript was found in the library archives.,The store is a popular outlet for fashion brands.,"The marketing team's original campaign concept, which utilized immersive virtual reality experiences, captivated audiences and significantly boosted brand engagement and recall."
Outlet,Industries\Retail,Point de vente / Débouché,Retailer,Source,An outlet is a retail store or distribution channel for selling products.,B1,The company opened a new outlet in the downtown shopping district.,The outline of the report will guide the writing process.,"The opening of a flagship outlet in the city center marked a significant milestone for the brand, signaling its commitment to expanding its presence in key markets"
Outline,Business\Finance,Contour,Sketch,Detail,An outline is a general description or plan giving the essential features of something but not the detail.,B1,The presentation should include an outline of the project’s objectives and timeline.,The economic outlook for the coming year is positive.,"During the strategic planning session, the CEO outlined a comprehensive roadmap for the next five years, detailing key objectives, anticipated challenges, and actionable steps to achieve sustainable growth."
Outlook,Business\Finance,Perspective,View,Closed-minded,Outlook is a person's point of view or general attitude to life.,B1,The economic outlook for the next quarter is positive.,They decided to outsource their IT support to a specialized company.,"Despite the current economic uncertainties, the company's long-term outlook remains positive, bolstered by a strong balance sheet, diversified revenue streams, and a pipeline of innovative products."
Outsource ,Business\Supply Chain,,,,,,The company decided to outsource its customer service operations to reduce costs.,Her performance in the project was outstanding.,
Outstanding,Business\Finance; Practical and everyday life\Numbers and Dates,Exceptionnel,Excellent,Mediocre,Outstanding means exceptionally good or impressive.,B1,The accountant found several outstanding invoices that needed to be paid.,"Overall, the project was a success despite a few setbacks.","The company faced mounting pressure from creditors due to its outstanding debts, necessitating an urgent review of its financial strategy to prevent insolvency and restore fiscal stability."
Overall,Business\Finance,Global,Comprehensive,Partial,Overall means taking everything into account.,B1,"Overall, the project was a success, despite a few minor setbacks.",The train was overcrowded during rush hour.,"The employee's outstanding performance, demonstrated through consistent achievement of sales targets and exceptional customer service, earned her the prestigious 'Employee of the Year' award."
Overcrowded,Practical and everyday life\Guide/events ,Surchargé,Crowded,Empty,Overcrowded means filled with too many people or things.,B1,"The subway was overcrowded during rush hour, making it difficult to board.",He was charged for an overdraft on his bank account.,"The overall impact of the new operational strategy, which emphasizes efficiency and innovation, has been profound, leading to increased productivity, reduced costs, and enhanced customer satisfaction."
Overdraft,Practical and everyday life\Culture,Découvert,Debt,Surplus,An overdraft is a deficit in a bank account caused by drawing more money than the account holds.,B1,He was charged an overdraft fee for withdrawing more money than he had in his account.,I accidentally overdrew my account last month.,"Despite efforts to mitigate overcrowding, the popular event drew an unprecedented number of participants, necessitating creative solutions to ensure a smooth experience for all, and guests are required to register at the reception desk upon arrival, providing essential information for a seamless check-in process."
overdrew,Business\Finance,s'est endetté,overdrawn,in credit,Overdrew means to take more money from (a bank account) than it contains.,C,She accidentally overdrew her account by making an unexpected purchase.,The river overflowed after the heavy rains.,"To manage short-term cash flow challenges, the company negotiated an overdraft facility with its bank, providing it with the necessary liquidity to cover unexpected expenses and maintain smooth operations."
overflowed,Business\Operations,débordé,flooded,emptied,"Overflowed means to flow over the brim of a container, especially so as to fall or be received elsewhere.",A,"The river overflowed its banks after the heavy rainfall, causing widespread flooding.",The meeting overran its scheduled time by 30 minutes.,"The company inadvertently overdrew its credit line, triggering a series of financial controls and reviews to prevent future cash flow issues."
overran,Business\Operations,envahi,overwhelmed,retreated,Overran means to spread over or occupy (a place) in large numbers.,B,The project overran its budget due to unexpected costs.,She is currently working overseas on a special assignment.,"The overwhelming response to the promotional event caused the venue to overflow, highlighting the brand's growing popularity and necessitating larger accommodations for future events."
Overseas,Business\HR,Outre-mer,Abroad,Domestic,"Overseas means in or to a foreign country, especially one across the sea.",B1,The company is expanding its operations to several overseas markets.,He worked overtime to finish the project on time.,"The project timeline overran by several weeks due to unforeseen technical challenges and supply chain disruptions, necessitating a review of project management practices."
Overtime,Professional Skills\Project Management,Heures supplémentaires,Extra time,Regular hours,Overtime is time worked in addition to regular working hours.,B1,The employees worked overtime to complete the project by the deadline.,The car overtook several others on the highway.,"Expanding its presence overseas, the company established new offices in key international markets, leveraging local expertise to drive growth and adapt to regional consumer preferences."
overtook,Business\Operations,dépasser,surpassed,fell behind,Overtook means to pass or move past (someone or something) swiftly or abruptly.,A,The new product quickly overtook the competition in market share.,The overview of the report summarized the main findings.,"The production team, working overtime to meet the critical project deadline, demonstrated remarkable dedication and teamwork, ensuring that the client's expectations were not only met but exceeded."
Overview,Business\Finance,Aperçu,Summary,Details,An overview is a general summary of a subject or situation.,B1,The report provides an overview of the company's performance over the last year.,The company owes a large package of benefits to its employees.,"The emerging competitor overtook several established players in the market, leveraging its innovative approach and agile business model to capture significant market share."
Owepackage,Business\Supply Chain,Paquet dû,Debt package,No debt package,"Owepackage refers to a package that is owed, typically in a financial context.",B1,You still owe a package of deliverables to the client.,The package was delivered to the wrong address.,"The comprehensive overview of the company's financial performance, presented during the annual general meeting, highlighted key achievements, areas for improvement, and strategic initiatives for the upcoming fiscal year."
Package,Practical and everyday life\Transportation,Paquet,Bundle,Unpack,A package is an object or group of objects wrapped in paper or packed in a box.,B1,The package was delivered to your office this morning.,They booked a package tour for their vacation in Europe.,"Following the successful completion of the joint venture, the company found itself in a favorable position, no longer owing any debt to its partners and ready to reinvest profits into further expansion."
Package tour,Business\Supply Chain,Circuit organisé,Guided tour,Independent travel,"A package tour is a prearranged tour that includes the cost of travel, accommodation, meals, and activities.",B1,"The package tour included flights, accommodation, and guided excursions.",The parcel arrived safely at its destination.,"The new software package, designed to streamline business operations and improve efficiency, includes a suite of tools for project management, data analytics, and customer relationship management."
Parcel,Practical and everyday life\Transportation,Colis,Package,Bulk,A parcel is an object or collection of objects wrapped in paper in order to be carried or sent by post.,B1,The parcel arrived a day earlier than expected.,The parking lot was full by the time we arrived.,"The travel agency's luxurious package tour, which includes guided excursions, premium accommodations, and exclusive experiences, has been a hit among discerning travelers seeking an all-inclusive vacation."
Parking lot,Professional Skills\Meetings Skills,Parking,Parking area,Empty space,A parking lot is an area that is designated for the parking of vehicles.,B1,"The parking lot was full, so we had to park on the street.",Each participant will receive a certificate at the end of the workshop.,"The logistics company introduced an innovative parcel tracking system, allowing customers to monitor their shipments in real-time and receive notifications at every stage of the delivery process."
Participant,Professional Skills\Story Telling,Participant,Attendee,Non-participant,A participant is a person who takes part in or becomes involved in a particular activity or situation.,B1,Each participant in the workshop received a certificate of completion.,I am particularly interested in the marketing strategies.,"The company invested in a multi-story parking lot at its headquarters, providing employees with convenient and secure parking options, thereby enhancing overall workplace satisfaction."
Particularly,Practical and everyday life\Transportation,Particulièrement,Especially,Generally,Particularly means especially; to a higher degree than is usual or average.,B1,She was particularly interested in the seminar on digital marketing.,The details and particulars of the contract were discussed.,"As a key participant in the international trade fair, the company showcased its latest product innovations, engaged with potential clients, and forged strategic partnerships to drive future growth."
particulars,Professional Skills\Administrative Skills,détails,details,generalities,Particulars are specific details or information about something.,B,Please provide the particulars of the agreement in writing.,They are hosting a party to celebrate their anniversary.,"The new policy, particularly aimed at enhancing employee well-being, includes flexible working hours, mental health support, and opportunities for professional development."
Party,Business\Legal,Parti / Groupe,Group,Individual,A party can refer to a group of people or an organized social event.,B1,The company hosted a party to celebrate its 50th anniversary.,The passenger requested assistance with their luggage.,"The legal team meticulously documented the particulars of the merger agreement, ensuring that every clause was thoroughly vetted to protect the interests of both parties involved."
Passenger,Business\Legal,Passager,Traveler,Driver,"A passenger is a traveler in a vehicle who is not operating it, especially one who is not the driver or pilot.",B1,Each passenger must present a valid ticket before boarding the train.,He filed a patent for his new invention.,"The parties involved in the complex negotiations represented a diverse array of interests, requiring skilled diplomats to navigate the delicate balance of power dynamics"
Patent,Business\Legal,Brevet,Copyright,Open,"A patent is a government authority or license conferring a right or title for a set period, especially the sole right to exclude others from making, using, or selling an invention.",B1,The inventor filed for a patent to protect his new design.,The technology has been patented to protect intellectual property.,"The transportation service's new fleet of eco-friendly vehicles offers passengers a comfortable and sustainable travel option, aligning with the company's commitment to environmental responsibility."
Patented,Professional Skills\Customer Relationship Building,Breveté,Copyrighted,Unpatented,Patented means protected by a patent.,B1,"The product was patented, preventing competitors from copying the design.",It takes patience to deal with challenging customers.,"The company's latest technological innovation, protected by a robust patent, positions it as a market leader and provides a significant competitive advantage in the rapidly evolving industry."
Patience,Business\Finance,Patience,Tolerance,Impatience,"Patience is the capacity to accept or tolerate delay, trouble, or suffering without getting angry or upset.",B1,Patience is key when dealing with difficult customers.,The hard work will eventually pay off in terms of success.,"The patented technology, which revolutionizes the way data is processed and analyzed, has become a cornerstone of the company's product offerings and a major driver of its success."
Pay off,Business\Finance,Rembourser,Settle,Accumulate,"To pay off means to give someone all the money that you owe them, especially the final payment on a debt.",B1,Hard work and dedication will eventually pay off.,The payment for the invoice was processed yesterday.,"Demonstrating remarkable patience and resilience, the project manager navigated numerous setbacks and challenges, ultimately delivering the project on time and to the client's satisfaction."
Payment,Professional Skills\Project Management,Paiement,Remittance,Non-payment,Payment is the action or process of paying someone or something or of being paid.,B1,Please make the payment by the due date to avoid late fees.,The peculiarities of the ancient artifact were noted by the archaeologists.,"By implementing aggressive cost-cutting measures and optimizing operational efficiencies, the corporation managed to pay off its long-term liabilities ahead of schedule, significantly improving its credit rating."
peculiarities,Professional Skills\Expertise,particularités,oddities,normalities,Peculiarities are strange or unusual qualities or characteristics.,A,The peculiarities of the local market must be considered in our strategy.,She used a peg to hang her coat on the hook.,"The introduction of a flexible payment plan has made the company's products more accessible to a broader customer base, driving sales and fostering customer loyalty."
peg,Business\Manufacturing,cheville,pin,hole,A peg is a short cylindrical piece of wood or metal that is used for fastening things together or as a support.,C,The exchange rate was pegged to the dollar to stabilize the economy.,The actors will perform the play at the theater tonight.,"Understanding the peculiarities of each regional market was crucial for the global company, necessitating localized strategies that accounted for cultural nuances, consumer behavior, and regulatory environments."
Perform,Professional Skills\Project Management,Exécuter,Carry out,Neglect,"To perform means to carry out, accomplish, or fulfill (an action, task, or function).",B1,The musician will perform at the concert hall tonight.,He needs to perform well in his role to secure a promotion.,Financial analysts attempted to peg the company's future earnings growth to the anticipated recovery in global demand and favorable economic conditions.
perform ,Professional Skills\Performance Evaluation,exécuter,observe,decline,"To perform means to carry out, accomplish, or fulfill (an action, task, or function).",B1,He was asked to perform several tasks outside his usual responsibilities.,Her performance in the project was outstanding and highly praised.,"To perform at the highest level, employees are encouraged to continually enhance their skills through ongoing training and professional development programs, ensuring they remain competitive and effective in their roles."
Performance,Business\HR,Performance,Execution,Failure,"Performance is the action or process of carrying out or accomplishing an action, task, or function.",B1,The company’s financial performance exceeded expectations this quarter.,He was offered a permanent position after his successful probation period.,"The new hires are expected to perform at the highest standards, contributing to the company's goals and enhancing overall productivity."
Permanent,Business\Legal,Permanent,Enduring,Temporary,Permanent means lasting or intended to last indefinitely without change.,B1,She was offered a permanent position after completing her probationary period.,You need to get permission from the manager before making any changes.,"The quarterly performance review highlighted significant achievements and areas for improvement, providing a clear roadmap for employees to enhance their contributions and advance their careers."
Permission,Business\Legal,Autorisation,Consent,Prohibition,Permission is the consent or authorization granted to do something.,B1,You must obtain permission from the manager before taking time off.,The city requires a permit to build a new structure.,"After successfully completing the probationary period, the employee was offered a permanent position, reflecting the company's recognition of her skills and dedication."
Permit,Professional Skills\Customer Relationship Building,Autorisation,License,Ban,A permit is an official document or certificate that gives someone authorization to do something.,B1,The city issued a permit for the construction of the new building.,She prefers to keep her personal life private.,"Obtaining the necessary permission from local authorities was a critical step in the company's expansion plans, ensuring compliance with zoning regulations and community standards."
Personal,Professional Skills\Customer Relationship Building,Personnel,Private,Public,Personal means belonging to or affecting a particular person rather than anyone else.,B1,She keeps her personal and professional life separate.,The store offers personalized gifts for special occasions.,"The environmental permit, granted after a thorough review process, allows the company to proceed with its new construction project while adhering to strict ecological guidelines."
Personalized,Business\HR,Personnalisé,Customized,Standardized,Personalized means designed or produced to meet someone's individual requirements.,B1,The company offers personalized service to each of its clients.,The company’s personnel are well-trained in customer service.,"The company's personal approach to customer service, characterized by individualized attention and tailored solutions, has earned it a reputation for excellence and high customer satisfaction."
Personnel,Professional Skills\Customer Relationship Building,Personnel,Staff,Clientele,Personnel refers to the people employed in an organization or engaged in an organized undertaking such as military service.,B1,The personnel department is responsible for hiring and training new employees.,He tried to persuade his friends to join the new fitness club.,"The new marketing campaign focuses on delivering personalized experiences to customers, utilizing data analytics to understand preferences and tailor offerings accordingly."
Persuade,Professional Skills\Customer Relationship Building,Convaincre,Influence,Deter,To persuade means to induce (someone) to do something through reasoning or argument.,B1,He managed to persuade the board to approve the new project.,Her pessimistic outlook on the project worried the team.,"The human resources department is dedicated to attracting and retaining top talent, implementing initiatives that enhance the skills and engagement of the company's personnel."
Pessimistic,Industries\Manufacturing,Pessimiste,Negative,Optimistic,Pessimistic means tending to see the worst aspect of things or believe that the worst will happen.,B1,The economist was pessimistic about the prospects for economic recovery.,The company plans to phase out the old software by next year.,The sales team's ability to persuasively communicate the value and benefits of the company's products has been instrumental in driving growth and securing new business opportunities.
Phase out,Professional Skills\Project Management,Supprimer progressivement,Gradually eliminate,Introduce,To phase out means to gradually discontinue or replace something.,B1,The company plans to phase out its older products to make room for new ones.,It’s not right to pick on someone for their mistakes.,"Despite the CEO's optimistic outlook, some board members remain pessimistic about the company's ability to navigate the economic downturn without significant restructuring and cost-cutting measures."
pick on,Professional Skills\Interpersonal Skills,s'en prendre à,bully,support,Pick on means to repeatedly single out someone for criticism or unkind treatment.,C,It's not fair to pick on someone just because they're different.,She will pick out a dress for the party from the boutique.,The company announced plans to phase out outdated product lines in favor of innovative solutions that better align with evolving customer needs and market trends
pick out,Professional Skills\Decision Making,choisir,select,reject,Pick out means to choose or select someone or something from a group.,B,She helped her friend pick out a dress for the party.,I need to pick up some groceries on the way home.,"The managerial style of the new supervisor, who tended to pick on subordinates for minor infractions, led to widespread resentment and decreased productivity within the team."
Pick up,Business\Supply Chain,Ramasser / Améliorer,Collect,Drop,To pick up means to collect or improve.,B1,Can you pick up the package from the post office on your way home?,He offered to pick up the check for dinner.,"The strategic committee was tasked to meticulously pick out investment opportunities that aligned with the company’s long-term objectives and risk tolerance, ensuring sustainable growth."
Pick up the check,Practical and everyday life\Guide; Business\Finance,Payer l'addition,Settle the bill,Share the bill,"To pick up the check means to pay the bill, especially in a restaurant or bar.",B1,He generously offered to pick up the check at the restaurant.,He decided to pick with a different group for the project.,"Despite the economic downturn, there was a noticeable pickup in hiring activity within the technology sector, reflecting sustained demand for skilled professionals"
pick with,Professional Skills\Interpersonal Skills,se quereller avec,argue,agree,Pick with means to find fault or argue with someone about something minor.,A,He always seems to pick with people who disagree with him.,They decided to plant new trees in the garden.,"As the economy began to recover, the company’s sales figures started to pick up, driven by pent-up consumer demand and the successful launch of several new products."
Plant,Business\IT,Plante,Factory,Remove,"A plant is a living organism of the kind exemplified by trees, shrubs, herbs, grasses, ferns, and mosses.",B1,The company is opening a new manufacturing plant in the region.,The speaker used a platform to address the large audience.,"As a gesture of goodwill, the CEO insisted on picking up the check during the high-profile business dinner with potential investors, emphasizing the company's commitment to building strong relationships."
Platform,Professional Skills\Customer Relationship Building,Plate-forme,Stage,Depression,A platform is a raised level surface on which people or things can stand.,B1,The new software platform will improve efficiency across the organization.,The weather was pleasant for the outdoor picnic.,"The board of directors had a major issue to pick with the CFO regarding the unexplained discrepancies in the financial reports, necessitating an urgent audit to uncover the root causes."
Pleasant,Practical and everyday life\Guide,Agréable,Enjoyable,Unpleasant,Pleasant means giving a sense of happy satisfaction or enjoyment.,B1, It was a pleasant surprise to see an old friend at the conference.,The farmer used a plow to prepare the field for planting.,"The state-of-the-art manufacturing plant, equipped with the latest automation technologies, significantly boosts production capacity while maintaining high standards of quality and efficiency."
Plow,Business\IT,Charrue,Plough,Harvest,"A plow is a large farming implement with one or more blades fixed in a frame, drawn by a tractor.",B1,The farmer used a tractor to plow the fields before planting crops.,Don’t forget to plug in the laptop before starting your work.,"The new digital platform, designed to enhance customer engagement and streamline transactions, has been a game-changer for the company, driving growth and improving user experience."
Plug in,Practical and everyday life\Guide,Brancher,Connect,Disconnect,To plug in means to connect (something) to an electricity supply or a device enabling it to function.,B1, Make sure to plug in the device before turning it on.,The plumber fixed the leaky faucet in the kitchen.,"Creating a pleasant working environment is a top priority for the company, which invests in modern office spaces, employee wellness programs, and a supportive corporate culture."
Plumber,Professional Skills\Story Telling,Plombier,Pipe fitter,Electrician,"A plumber is a person who installs and repairs the fittings of water supply, sanitation, or heating systems.",B1, We had to call a plumber to fix the leaking pipe in the kitchen.,She made a strong point during the meeting.,"Despite facing numerous challenges, the team decided to plow ahead with the project, demonstrating resilience and determination in the pursuit of their goals."
Point,Professional Skills\Story Telling,Point,Dot,Obstacle,"A point is a particular spot, place, or position in an area or on a map, object, or surface.",B1,The speaker made an important point about the need for sustainable practices.,Arguing about the issue was pointless since the decision was already made.,"The new software, designed to seamlessly plug in to existing systems, significantly enhances data analytics capabilities, allowing the company to derive actionable insights and make informed strategic decisions."
Pointless,Business\Legal,Inutile,Purposeless,Meaningful,"Pointless means having little or no sense, use, or purpose.",B1,Arguing with him is pointless because he never changes his mind.,The company’s policy on remote work is clearly outlined in the handbook.,"The building’s outdated plumbing system necessitated the expertise of a highly skilled plumber, whose swift and efficient repairs averted a potential disaster and saved the company from incurring substantial costs."
Policy,Practical and everyday life\Politeness,Politique,Strategy,Anarchy,A policy is a course or principle of action adopted or proposed by an organization or individual.,B1,The company’s new policy requires employees to wear ID badges at all times.,It’s important to be polite when dealing with customers.,"During the lengthy board meeting, the CFO made a compelling point about the importance of diversifying revenue streams to mitigate risks and ensure long-term financial stability."
Polite,Practical and everyday life\Culture,Poli,Courteous,Rude,Polite means having or showing behavior that is respectful and considerate of other people.,B1,"It’s important to be polite when dealing with customers, even in difficult situations.",She is involved in various political activities in her community.,"Engaging in a price war with competitors would be pointless and detrimental to the brand’s value, so the company instead focused on differentiating its products through quality and innovation."
political,Business\Government,politique,governmental,apolitical,"Political refers to the activities, actions, or policies that are associated with the government or public affairs.",D,The political climate in the country is affecting business operations.,The issue was debated both politically and economically.,"The company’s new remote work policy, which includes flexible hours and stipends for home office equipment, aims to enhance employee satisfaction and productivity while attracting top talent."
politically,Business\Government,politiquement,governmentally,apathetically,Politically means relating to politics or government.,C,The decision was made to avoid any politically sensitive issues.,The politician gave a speech on economic reform.,"Despite the heated debate during the shareholders’ meeting, the CEO remained polite and composed, addressing all concerns with a calm demeanor and providing clear, factual responses."
Politician,Practical and everyday life\Culture,Politicien,Statesman,Citizen,"A politician is a person who is professionally involved in politics, especially as a holder of or a candidate for an elected office.",B1,The politician gave a speech on the importance of education reform.,Many politicians attended the fundraising event.,"Political considerations play a crucial role in the company’s global strategy, as changes in government policies can affect market conditions."
politician,Business\Government,homme politique,statesman,civilian,A politician is a person who is professionally involved in politics.,B, The politician was criticized for not keeping his campaign promises.,Politics often influence business decisions.,"The company’s expansion plans were put on hold due to politically unstable conditions in the target market, which posed significant risks."
Politics,Professional Skills\Customer Relationship Building,Politique,Affairs,Indifference,"Politics are the activities associated with the governance of a country or other area, especially the debate or conflict among individuals or parties having or hoping to achieve power.",B1,Office politics can sometimes be as challenging as,The poll showed that most voters support the new proposal.,"Collaborating with local politicians, the company successfully lobbied for favorable regulatory changes that support sustainable business practices and economic growth in the region."
Poll,Practical and everyday life\Guide,Sondage,Survey,Answer,"A poll is a survey of people, typically regarding their opinions of something or voting intentions.",B1,The latest poll shows that the candidate is leading by a narrow margin.,Factories should take measures not to pollute the environment.,The CEO met with a prominent politician to discuss regulatory changes that could impact the industry and explore potential collaboration opportunities.
Pollute,Professional Skills\Customer Relationship Building,Polluer,Contaminate,Purify,"To pollute means to contaminate (water, the air, etc.) with harmful or poisonous substances.",B1,Factories that pollute the environment are subject to heavy fines.,The new restaurant has become very popular in town.,"Navigating the complex landscape of corporate politics, the newly appointed executive strategically built alliances and garnered support to implement transformative changes within the organization."
Popular,Professional Skills\Customer Relationship Building,Populaire,Common,Unpopular,"Popular means liked, admired, or enjoyed by many people or by a particular person or group.",B1,The new smartphone model is very popular among consumers.,The popularity of the new app has surged in recent months.,The company must navigate the complex landscape of international politics to successfully expand its operations overseas.
Popularity,Business\HR,Popularité,Fame,Obscurity,"Popularity is the state or condition of being liked, admired, or supported by many people.",B1,The popularity of the product soared after the ad campaign.,She applied for a management position at the company.,"According to the latest poll, the company’s new product line has received overwhelmingly positive feedback from consumers, indicating strong potential for market success."
Position,Professional Skills\Project Management,Position,Location,Misposition,A position is a place where someone or something is located or has been put.,B1,She was promoted to the position of marketing manager.,We need to postpone the meeting due to unforeseen circumstances.,"Committed to environmental sustainability, the manufacturing plant has adopted advanced technologies to reduce emissions and ensure that its operations do not pollute the local environment."
Postpone,Professional Skills\Project Management,Reporter,Delay,Advance,To postpone means to cause or arrange for (something) to take place at a time later than that first scheduled.,B1,The meeting was postponed until next week due to scheduling conflicts.,The event was postponed until next week.,"The new mobile app quickly became popular among users, thanks to its user-friendly interface, innovative features, and seamless integration with existing services."
Postpone ,Professional Skills\Meetings Skills,Reporter / Remettre,Delay,Advance,To postpone or put off means to delay an event or activity to a later time or date.,B1,The postponement of the event disappointed many attendees.,The postponement of the concert disappointed many fans.,The rising popularity of the company’s eco-friendly products has not only boosted sales but also enhanced its reputation as a leader in sustainability and corporate responsibility.
Postponement,Business\HR,Report,Delay,Advance,Postponement is the action of postponing something.,B1,The new market has great potential for growth.,The new product has great potential for success in the market.,"By leveraging its strong market position and extensive distribution network, the company was able to quickly scale up production and meet the growing demand for its innovative products."
Potential,Business\Finance,Potentiel,Possible,Ineffective,Potential means having or showing the capacity to become or develop into something in the future.,B1,The power outage caused significant disruption to the manufacturing process.,The power outage affected the whole neighborhood.,"Due to unforeseen logistical challenges, the company decided to postpone the product launch, ensuring that all quality standards and customer expectations would be fully met."
Power,Practical and everyday life\Guide,Puissance,Authority,Weakness,"Power is the ability to do something or act in a particular way, especially as a faculty or quality.",B1,The course offers practical advice for starting a small business.,The practical solutions were discussed during the workshop.,"The launch of the new software platform was postponed due to unforeseen technical issues discovered during final testing, necessitating additional development time to ensure a flawless release."
Practical,Practical and everyday life\Guide,Pratique,Useful,Impractical,Practical means of or concerned with the actual doing or use of something rather than with theory and ideas.,B1,The solution was practically perfect for the problem at hand.,The problem was practically solved with a simple adjustment.,"The postponement of the annual conference, caused by travel restrictions, allowed the organizing committee to explore virtual event solutions that ultimately reached a wider audience."
Practically,Professional Skills\Project Management,Pratiquement,Virtually,Theoretically,"Practically means in a way that is practical and sensible, rather than theoretical or ideal.",B1,Analysts predict that the company’s profits will increase next year.,It’s difficult to predict the outcome of the experiment.,"Recognizing the immense potential of the emerging market, the company invested heavily in research and development, tailoring its products to meet the unique needs and preferences of local consumers."
Predict,Professional Skills\Project Management,Prédire,Forecast,Surprised,To predict means to say or estimate that (a specified thing) will happen in the future or will be a consequence of something.,B1,The outcome of the negotiation was predictable given the circumstances.,The result of the test was quite predictable.,The company’s strategic acquisition of a renewable energy provider not only enhances its sustainability initiatives but also positions it as a leader in the transition to cleaner power sources.
Predictable,Professional Skills\Customer Relationship Building,Prévisible,Foreseeable,Unexpected,Predictable means able to be predicted or foreseen.,B1,I prefer to work in a quiet environment where I can concentrate.,I prefer coffee over tea in the morning.,"The practical implications of the new regulatory framework were thoroughly analyzed by the legal team, ensuring that the company’s operations remained compliant and efficient."
Prefer,Professional Skills\Customer Relationship Building,Préférer,Favor,Reject,To prefer means to like (one thing or person) better than another or others; tend to choose.,B1,Most customers prefer the new model over the old one.,We should prefer to use eco-friendly materials whenever possible.,"Practically all aspects of the company’s operations, from supply chain management to customer service, have been optimized through the implementation of advanced digital technologies."
prefer,Professional Skills\Decision Making,préférer,favor,dislike,Prefer means to like (one thing or person) better than another or others; tend to choose.,D,"The position requires a degree in engineering, preferably with some experience.","The position requires someone with a degree, preferably in marketing.","Leveraging sophisticated data analytics and machine learning algorithms, the company can now predict market trends with greater accuracy, enabling proactive adjustments to its strategy."
preferably,Professional Skills\Decision Making,de préférence,ideally,reluctantly,Preferably means preferably rather than any other alternative.,C,She has a preference for working with international clients.,She has a strong preference for vegetarian dishes.,"In the highly competitive and rapidly changing tech industry, the company’s ability to maintain a predictable revenue stream through subscription services has been a key factor in its sustained growth."
Preference,Industries\Real Estate,Préférence,Choice,Dislike,Preference is a greater liking for one alternative over another or others.,B1,The company’s preference is to hire candidates with relevant experience.,His preference for early morning meetings is well-known.,"While many customers prefer the convenience of online shopping, the company has also invested heavily in enhancing the in-store experience to cater to those who value personal interactions and immediate product availability."
preference,Professional Skills\Decision Making,préférence,liking,aversion,Preference is a greater liking for one alternative over another or others.,A,He is the preferred candidate for the job due to his extensive experience.,The manager preferred to work with experienced team members.,"A significant majority of employees prefer a flexible work schedule, a preference that has been empirically shown to enhance productivity, boost morale, and improve overall job satisfaction"
preferred,Professional Skills\Decision Making,préféré,favored,disliked,Preferred means liked or wanted better; chosen in preference to others.,B,Smoking is not allowed on the company premises.,The new store will be located on the premises of the old warehouse.,"The ideal candidate for the new position should, preferably, possess extensive experience in digital marketing coupled with a robust understanding of data analytics, enabling them to effectively spearhead innovative and impactful marketing campaigns."
Premises,Professional Skills\Project Management,Locaux,Establishment,Wilderness,"Premises are a house or building, together with its land and outbuildings, occupied by a business or considered in an official context.",B1,It’s important to prepare thoroughly before the client meeting.,We need to prepare the presentation for the upcoming meeting.,"The market research revealed a strong consumer preference for sustainable and eco-friendly products, prompting the company to revamp its product lines to meet these evolving demands."
Prepare,Professional Skills\Meetings Skills,Préparer,Get ready,Neglect,To prepare means to make (something) ready for use or consideration.,B1,The CEO will present the annual report to the board of directors.,She will present her findings at the conference tomorrow.,"The extensive customer survey revealed a pronounced preference for eco-friendly products, prompting the company to undertake a comprehensive expansion of its sustainable product line to align with evolving consumer values."
Present,Professional Skills\Meetings Skills,Présenter,Introduce,Absent,To present means to formally introduce (someone) to someone else.,B1,The presentation was well-received by the audience.,The presentation was clear and informative.,"The company’s preferred method of payment for international transactions, namely wire transfers, is favored due to its unparalleled reliability, speed, and security, ensuring seamless financial operations across borders."
Presentation,Business\Marketing,Présentation,Demonstration,Concealment,A presentation is the action or an instance of presenting something.,B1,The press conference will be held at the main office tomorrow.,The press covered the event extensively.,"The new corporate headquarters, located on expansive premises in the heart of the city, features state-of-the-art facilities designed to foster innovation, collaboration, and employee well-being."
Press,Professional Skills\Project Management,Appuyer,Push,Pull,To press means to move or cause to move into a position of contact with something by exerting continuous physical force.,B1,The new policy is designed to prevent fraud in the financial system.,Regular maintenance helps prevent costly repairs.,"To prepare for the upcoming fiscal year, the finance team conducted an exhaustive review of past performance, identified key areas for improvement, and developed a strategic budget to guide future investments."
Prevent,Professional Skills\Project Management,Empêcher,Hinder,Allow,To prevent means to keep (something) from happening or arising.,B1,Prevention of data breaches is a top priority for the IT department.,Health prevention measures are crucial for long-term well-being.,"During the investor meeting, the CEO was able to present a compelling vision for the company's future, backed by robust financial projections and strategic initiatives aimed at driving long-term growth."
Prevention,Business\Finance,Prévention,Protection,Encouragement,Prevention is the action of stopping something from happening or arising.,B1,The price of the product was reduced to attract more customers.,The price of the new smartphone is quite high.,"The marketing team’s multimedia presentation, which included interactive elements and real-time data visualizations, captivated the audience and effectively communicated the value proposition of the new product line."
Price,Professional Skills\Customer Relationship Building,Prix,Cost,Free,"Price is the amount of money expected, required, or given in payment for something.",B1,The painting was considered priceless due to its historical significance.,The family heirloom is priceless to them.,"In response to the negative press surrounding the recent product recall, the company swiftly implemented a comprehensive public relations strategy to address consumer concerns and restore its reputation."
Priceless,Business\HR,Sans prix,Invaluable,Worthless,Priceless means so precious that its value cannot be determined.,B1,The experience of working with a mentor was priceless for her career.,The advice he gave was priceless for my career development.,"Implementing rigorous quality control measures is essential to prevent defects in the manufacturing process, thereby ensuring that all products meet the highest standards of reliability and safety."
priceless,Business\Finance,inestimable,invaluable,worthless,Priceless means so precious that its value cannot be determined; invaluable.,B,The company’s efforts are primarily focused on expanding into new markets.,The project is primarily focused on improving customer service.,"The company's proactive approach to risk management focuses on prevention through regular audits, employee training, and the adoption of best practices in operational safety."
Primarily,Professional Skills\Project Management/everyday practical English,Principalement,Mainly,Secondarily,Primarily refers to something being the main or most important aspect.,A2,The issue is primarily a matter of resource allocation.,The report is primarily concerned with financial issues.,"Despite competitive pressures, the company decided to maintain its price point, emphasizing the superior quality and value of its products to justify the premium cost to discerning customers."
primarily (adverb),Professional Skills\Project Management,principalement,mainly,secondarily,Primarily means for the most part; mainly.,B1,The principal reason for the delay was a shortage of materials.,The principal of the school announced the new policy.,"The insights gained from the extensive consumer feedback survey proved to be priceless, offering valuable perspectives that guided the development of new features and enhancements for the company’s flagship product."
Principal,Professional Skills\Project Management,Principal,Main,Insignificant,Principal means first in order of importance; main.,B1,The company operates on the principle of honesty and integrity.,The principle of fairness is central to our approach.,"The insights gained from the extensive market research were deemed priceless, providing the company with a clear understanding of consumer preferences and emerging trends."
Principle,Professional Skills\Project Management,Principe,Rule,Exception,A principle is a fundamental truth or proposition that serves as the foundation for a system of belief or behavior or for a chain of reasoning.,B1,Ensuring customer satisfaction is our top priority.,Ensuring customer satisfaction is our top priority.,The company's primarily focus is on developing innovative solutions that address emerging market needs and provide long-term value to customers.
Priority,Professional Skills\Project Management,Priorité,Precedence,Triviality,Priority refers to the state or quality of being more important or urgent than others.,B1,The project was given priority due to its importance to the company.,Safety is a priority in all our operations.,"The marketing campaign is primarily focused on digital platforms, leveraging social media and online advertising to reach a broader audience."
Priority,Practical and everyday life\Culture,Priorité,Preference,Insignificance,Priority is the fact or condition of being regarded or treated as more important than others.,B1,The meeting was held in private to discuss sensitive matters.,They held a private meeting to discuss the sensitive issue.,The principal challenge facing the company was to diversify its revenue streams without compromising its core values and established brand identity.
Private,Professional Skills\Project Management,Privé,Personal,Public,Private means belonging to or for the use of one particular person or group of people only.,B1,The probability of success depends on several factors.,The probability of rain is high for this weekend.,"Adhering to the principle of customer-centricity, the company continuously strives to enhance the user experience through innovative solutions and responsive service."
Probability,Professional Skills\Story Telling,Probabilité,Likelihood,Impossibility,Probability is the extent to which something is probable; the likelihood of something happening or being the case.,B1,He will probably attend the conference if his schedule allows.,I will probably attend the event if I finish my work on time.,"Addressing cybersecurity threats emerged as a top priority for the financial institution, prompting significant investments in advanced security measures and employee training programs."
Probably,Business\HR,Probablement,Likely,Unlikely,Probably means almost certainly; as far as one knows or can tell.,B1,New employees must complete a probationary period before becoming permanent.,He is currently on a probationary period at the new job.,"Ensuring the security of customer data has become a top priority for the company, leading to significant investments in advanced cybersecurity measures and protocols."
Probationary,Professional Skills\Project Management,Probatoire,Trial,Confirmed,Probationary means relating to or serving a trial period or undergoing testing or evaluation.,B1,"After receiving approval, the team will proceed with the project.",We will proceed with the plan after receiving final approval.,"The private equity firm’s investment provided the company with the necessary capital to accelerate its growth strategy, expand into new markets, and enhance its technological capabilities."
Proceed ,Professional Skills\Project Management,Procéder / Poursuivre,Continue,Halt,To proceed or go ahead with means to continue with an action or process.,B1,"The hiring process involves several stages, including interviews and background checks.",The process for hiring new employees can be lengthy.,"Given the high probability of market volatility, the company has adopted a flexible strategic approach, enabling it to quickly adapt to changing economic conditions and consumer preferences."
Process,Business\HR,Processus,Procedure,Halt,A process is a series of actions or steps taken to achieve a particular end.,B1,The team had a productive meeting where several ideas were generated.,The team had a highly productive day working on the project.,"The company's decision to enter the emerging market was probably the most strategic move of the decade, positioning it ahead of competitors and capturing significant market share."
Productive,Professional Skills\Project Management,Productif,Efficient,Ineffective,Productive describes being efficient and achieving results.,A2,"She had a very productive day, completing all her tasks ahead of schedule.",A productive meeting can lead to successful outcomes.,"During the probationary period, new employees undergo rigorous training and evaluation to ensure they possess the necessary skills and alignment with the company’s culture and values."
productive (adjective),Professional Skills\Work Efficiency,productif,fruitful,unproductive,Productive means achieving or producing a significant amount or result.,B1,She chose medicine as her profession because of her passion for helping others.,She chose teaching as her profession.,"Despite initial reservations, the board of directors decided to go ahead with the acquisition of a smaller competitor, viewing it as a strategic move to expand market share and diversify revenue streams."
Profession,Business\HR,Profession,Occupation,Hobby,"A profession is a paid occupation, especially one that involves prolonged training and a formal qualification.",B1,It’s important to maintain a professional attitude in the workplace.,The professional conduct of the staff was commendable.,"The process of digital transformation, which encompasses the integration of advanced technologies into all areas of the business, is designed to enhance operational efficiency and customer engagement."
Professional,Business\HR,Professionnel,Expert,Amateur,Professional means relating to or belonging to a profession.,,The company’s profile has risen since it was featured in a major business magazine.,Update your profile on the company’s website for better visibility.,"Implementing efficient workflows and leveraging automation tools has proven to be highly productive, allowing the team to achieve ambitious goals ahead of schedule."
Profile,Business\Finance,Profil,Portrait,Concealment,"A profile is an outline of something, especially a person's face, as seen from one side.",B1,The company’s profit increased by 15% compared to last year.,The company made a significant profit last quarter.,"The implementation of new project management tools has made the team more productive, allowing them to complete tasks efficiently and meet deadlines consistently."
Profit,Business\Finance,Profit,Gain,Loss,"Profit is a financial gain, especially the difference between the amount earned and the amount spent in buying, operating, or producing something.",B1,The profitability of the new product line is higher than expected.,The new strategy improved the profitability of the business.,"The legal profession demands a high level of expertise and ethical standards, which the company’s in-house counsel exemplifies in every aspect of their work, from contract negotiations to regulatory compliance."
Profitability,Business\Finance,Rentabilité,Earnings,Loss-making,Profitability is the state or condition of yielding financial profit or gain.,B1,The investment proved to be highly profitable within just a few months.,The venture turned out to be highly profitable.,"The company prides itself on its professional workforce, whose expertise, dedication, and innovative thinking drive continuous improvement and success in a competitive marketplace."
Profitable,Professional Skills\Project Management,Rentable,Lucrative,Unprofitable,Profitable means yielding profit or financial gain.,B1,The team made significant progress on the project this week.,The project is making steady progress towards completion.,"Enhancing the company's profile in the industry involved strategic marketing efforts, participation in high-profile conferences, and publishing thought leadership articles that showcased its expertise and innovations."
Progress,Professional Skills\Project Management,Progrès,Advancement,Regression,Progress refers to forward or onward movement towards a destination or goal.,B1,The progress of the construction project is being closely monitored.,We should review our progress at the end of each week.,"The introduction of cost-saving measures and process optimizations significantly boosted the company’s profit margins, allowing for reinvestment in research and development."
Progress,Professional Skills\Project Management,Progrès,Advancement,Regress,Progress is forward or onward movement towards a destination.,B1,The company takes a progressive approach to employee development.,The company is known for its progressive policies on employee benefits.,"The CEO’s focus on long-term profitability, rather than short-term gains, has positioned the company for sustained growth and resilience in an ever-changing market."
Progressive,Business\Legal,Progressif,Liberal,Conservative,Progressive means happening or developing gradually or in stages; proceeding step by step.,B1,The new law will prohibit smoking in all public places.,The rules prohibit using mobile phones in the examination room.,"Expanding into new international markets proved to be a highly profitable venture for the company, significantly increasing its revenue and diversifying its customer base."
Prohibit,Professional Skills\Project Management,Prohiber,Ban,Allow,"To prohibit means to formally forbid (something) by law, rule, or other authority.",B1,The company is planning a new project that will expand its market share.,The project is expected to finish by the end of the year.,"The construction project made steady progress, meeting key milestones ahead of schedule despite challenges posed by inclement weather and supply chain disruptions."
Project,Business\Marketing,Projet,Plan,Disorganized,A project is an individual or collaborative enterprise that is carefully planned and designed to achieve a particular aim.,B1,The use of smartphones has proliferated rapidly in recent years.,Social media platforms have proliferated over the past decade.,"The quarterly progress report highlighted significant achievements in key strategic areas, including market expansion, product innovation, and operational efficiency."
proliferated,Business\Marketing,proliféré,multiplied,decreased,Proliferated means to increase rapidly in numbers; multiply.,B,He made a promise to deliver the project on time and within budget.,He made a promise to complete the task by Friday.,"The company’s progressive approach to workplace culture, which includes flexible working hours and continuous professional development opportunities, has attracted top talent and fostered a highly motivated workforce."
Promise,Business\Legal,Promesse,Commitment,Break,A promise is a commitment to do something.,A2,The company plans to promote its new product through an extensive advertising campaign.,The company will promote the new product through various channels.,"To prohibit unauthorized access to sensitive data, the company implemented stringent cybersecurity measures, including multi-factor authentication and regular security audits."
Promote,Business\Marketing,Promouvoir,Publicize,Suppress,"To promote means to support or actively encourage (a cause, venture, etc.); further the progress of.",B1,She was promoted to senior manager after just two years with the company.,She was promoted to senior manager after her successful tenure.,"The ambitious new project, aimed at developing a revolutionary product line, requires cross-functional collaboration, significant investment, and meticulous project management to bring the vision to fruition."
promoted,Business\Marketing,promu,advanced,demoted,Promoted means to raise (someone) to a higher position or rank.,A,The promotion included a pay raise and additional responsibilities.,The promotion of the new line will start next month.,"E-commerce platforms proliferated rapidly during the economic boom, fundamentally transforming consumer purchasing behaviors and retail industry dynamics."
Promotion,Professional Skills\E-mail Writing,Promotion,Advancement,Demotion,A promotion is the action of raising someone to a higher position or rank or the fact of being so raised.,B1,The manager’s prompt response to the issue helped prevent further delays.,His prompt response to the email was appreciated.,"The company's bold promise to deliver innovative solutions to address climate change resonated with environmentally conscious consumers, driving brand loyalty and market share growth"
Prompt,Professional Skills\E-mail Writing,Rapide,Quick,Delay,Prompt means (of an event or fact) cause or bring about (an action or feeling); on time; punctual.,B1,The prompt delivery of the goods ensured customer satisfaction.,The issue was addressed promptly to avoid further complications.,"To promote its new range of products, the company launched an integrated marketing campaign that leveraged social media, influencer partnerships, and experiential events to engage consumers and drive sales."
Promptly,Professional Skills\Customer Relationship Building,Rapidement,Quickly,Slowly,Promptly means with little or no delay; immediately.,B1,The issue was promptly addressed by the technical support team.,Make sure to store the files properly for future reference.,"The exemplary employee was promoted to a senior management position, recognizing their outstanding contributions and leadership potential within the organization."
Properly,Industries\Real Estate,Correctement,Appropriately,Improperly,"Properly means correctly, in the right way.",B1,It’s important to follow the instructions properly to avoid any issues.,The property is valued at over a million dollars.,"The company's latest promotion strategy, which includes a combination of discounts, loyalty rewards, and targeted advertising, aims to boost sales during the holiday season and increase customer retention."
Property,Business\Legal,Propriété,Possession,Loss,Property is a thing or things belonging to someone; possessions collectively.,B1,The company owns a large property in the industrial area.,The job prospect looks promising for recent graduates.,"The customer service team is trained to provide prompt and efficient responses to all inquiries, ensuring high levels of satisfaction and fostering a positive brand reputation."
Prospect(s),Business\Sales (CSR),Prospect(s),Potential client,Existing customer,Prospects refer to potential opportunities or future possibilities.,B1,The prospects for growth in this market are very promising.,The company is looking for new prospects to expand its market reach.,"Upon receiving the urgent request for additional supplies, the logistics team promptly coordinated with suppliers and expedited the shipment to avoid any production delays."
prospered,Business\Finance,prospéré,flourished,declined,Prospered means to be successful or flourish financially; thrive.,C,The business prospered after implementing the new marketing strategy.,The business has prospered significantly since its initial launch.,"To ensure the new software system is properly integrated with existing infrastructure, the IT department conducted thorough testing and provided comprehensive training to all relevant personnel."
Protect,Business\Legal,Protéger,Defend,Expose,To protect means to keep safe from harm or injury.,B1,It is crucial to protect sensitive information from unauthorized access.,We need to protect our data from unauthorized access.,The acquisition of the prime commercial property in the downtown area is expected to significantly enhance the company's visibility and accessibility to potential clients.
Protection,Business\Marketing,Protection,Safeguard,Harm,"Protection is the action of protecting, or the state of being protected.",B1,The protection of intellectual property is vital for innovation.,Safety equipment provides protection against workplace hazards.,Exploring new market prospects requires a comprehensive understanding of consumer behavior and competitive dynamics to identify untapped opportunities for growth.
Publicity,Business\Marketing,Publicité,Advertisement,Privacy,Publicity is the notice or attention given to someone or something by the media.,B1,The new product launch received a lot of publicity in the media.,The campaign received a lot of positive publicity in the media.,"The tech company prospered amid the digital transformation wave, expanding its product offerings and solidifying its market leadership through continuous innovation."
Publicize,Business\Finance,Publiciser,Promote,Suppress,To publicize means to make (something) widely known.,B1,The company plans to publicize its new initiative through social media.,The company plans to publicize the new product launch through various channels.,Implementing advanced cybersecurity measures is crucial to protect the company’s sensitive data and intellectual property from potential threats and breaches.
Pull out,Business\Finance,Retirer,Withdraw,Deposit,To pull out means to remove or extract something from a place or situation.,B1, The investor decided to pull out of the project due to unforeseen risks.,The investor decided to pull out of the project.,"The company's commitment to employee protection includes rigorous health and safety protocols, comprehensive insurance coverage, and a robust support system for mental and physical well-being."
Purchase,Business\Sales (CSR),Achat,Buy,Sell,To purchase means to buy something.,A2, She made a large purchase at the electronics store.,I went to the store to make a purchase.,"The launch of the new product line received extensive media coverage, generating significant publicity and driving consumer interest and anticipation."
Purchase,Professional Skills\Story Telling,Achat,Buy,Sale,A purchase is the act or process of buying something.,B1,The company decided to purchase new equipment to increase production.,We need to purchase new equipment for the office.,"To publicize its latest innovations, the company utilized a multi-channel marketing approach, including press releases, social media campaigns, and influencer partnerships, reaching a broad and diverse audience."
Purpose,Business\HR,But,Goal,Aimlessness,Purpose is the reason for which something is done or created or for which something exists.,B1,The main purpose of the meeting is to discuss the upcoming project.,The purpose of the meeting is to discuss the upcoming project.,"Amidst escalating geopolitical tensions and regulatory uncertainties, the multinational corporation decided to pull out of the foreign market, redirecting its resources to more stable and promising regions."
Pursue,Business\HR,Poursuivre,Chase,Retreat,To pursue means to follow (someone or something) in order to catch or attack them.,B1,He decided to pursue a career in finance after completing his degree.,She decided to pursue a career in engineering.,The strategic purchase of a competitor's assets positioned the company for expansion into new markets and diversification of its product portfolio.
put off,Professional Skills\Meetings Skills; Professional Skills\Project Management,Reporter / Remettre,Delay,Advance,To postpone or put off means to delay an event or activity to a later time or date.,B1,They had to put off the meeting until next week due to scheduling conflicts.,They had to put off the meeting due to scheduling conflicts.,"The decision to purchase state-of-the-art machinery was driven by the need to enhance production efficiency, reduce costs, and improve product quality"
Put together,Professional Skills\Project Management,Assembler / Réunir,Compile,Disassemble,To put together means to assemble or create something from various parts.,B1,The team worked hard to put together a comprehensive proposal.,We need to put together a report for the board meeting.,"The primary purpose of the strategic partnership is to leverage both companies' strengths to innovate, expand market reach, and drive mutual growth and profitability."
Put up,Business\Finance; Practical and everyday life\Guide,Installer,Erect,Demolish,"To put up means to erect or fix something, typically a building or structure.",B1,The company decided to put up a new billboard to advertise its services.,He decided to put up a new shelf in the garage.,"In its quest to become a market leader, the company continues to pursue aggressive expansion strategies, including mergers, acquisitions, and the development of new product lines."
put up,Business\Operations,installer,erect,dismantle,Put up means to erect or place (a building or other structure).,B,"They put up with a lot of challenges during the project, but the results were worth it.",She will put up a notice about the upcoming event.,"The launch of the new software platform was postponed due to unforeseen technical issues discovered during final testing, necessitating additional development time to ensure a flawless release."
Qualification,Business\HR,Qualification,Credential,Incompetence,A qualification is a quality or accomplishment that makes someone suitable for a particular job or activity.,B1,His qualification in engineering makes him a strong candidate for the position.,The job requires specific qualifications for the role.,"To meet tight deadlines, the project team worked diligently to put together a comprehensive proposal that addressed all client requirements and specifications."
Qualifications,Business\HR,Qualifications,Credentials,Incompetence,Qualifications are a quality or accomplishment that makes someone suitable for a particular job or activity.,B1,"The job requires specific qualifications, including a degree in accounting.",His qualifications include a degree in computer science and five years of experience.,"To secure additional capital for its expansion plans, the family-owned business decided to put up a significant portion of its equity for sale, inviting potential investors to participate in its growth trajectory."
Qualify,Professional Skills\E-mail Writing,Qualifier,Entitle,Disqualify,To qualify means to be entitled to a particular benefit or privilege by fulfilling a necessary condition.,B1,She needs to qualify for the loan before she can purchase the house.,She needs to qualify for the competition by meeting the eligibility criteria.,"The company decided to put up additional office space for lease, aiming to monetize its underutilized real estate assets and improve its financial standing."
Qualify,Business\Finance,Se qualifier,Entitle,Disqualify,To qualify means to be entitled to a particular benefit or privilege by fulfilling a necessary condition.,B1,The candidate did not qualify for the position due to a lack of experience.,His skills and experience qualify him for the senior management position.,"The job posting clearly outlined the qualifications required for the position, emphasizing the need for relevant experience, advanced technical skills, and a proven track record of success."
Quotation,Business\Finance,Citation,Quote,Misattribution,A quotation is a group of words taken from a text or speech and repeated by someone other than the original author or speaker.,B1,The client requested a quotation for the renovation project.,The contractor provided a quotation for the renovation work.,"To ensure the highest standards of service, the company only hires individuals whose qualifications include advanced degrees, industry certifications, and extensive professional experience."
Quote,Business\Marketing,Citer,Quotation,Misattribution,"To quote means to repeat or copy out (a group of words from a text or speech), typically with an indication that one is not the original author or speaker.",B1,The sales team provided a quote for the cost of the new software.,She asked for a quote on the cost of the new software.,"To qualify for the government grant, the company had to demonstrate a clear commitment to sustainability, innovation, and economic impact through detailed project proposals and supporting documentation."
Raise,Business\HR,Augmenter,Increase,Decrease,To raise means to increase the level or amount of (something).,B1,The company decided to raise the salaries of its employees this year.,They are planning to raise funds for the new charity project.,
Raise money,Business\Finance/events,Collecter des fonds,Fundraise,Reduce,To raise money means to collect funds for a particular purpose.,B1,The charity event was organized to raise money for local schools.,The organization is working hard to raise money for their cause.,"After carefully reviewing the project requirements, the contractor provided a detailed quotation, outlining the costs, timelines, and scope of work to be completed."
Range,Industries\Retail/Fashion ,Gamme / Ligne,Series,Individual item,A range or line refers to a group of related products or items.,B1,The store offers a wide range of products to choose from.,The store offers a wide range of products for different needs.,"The CEO's inspirational quote, ""Innovation is the engine of progress,"" became a rallying cry for the company, driving a culture of creativity and continuous improvement."
Range,Business\Finance,Gamme,Variety,Similarity,A range is the area of variation between upper and lower limits on a particular scale.,B1, The price range for these services varies depending on the client’s needs.,The price range for the new laptops starts at $500.,"The company's decision to raise capital through a new round of funding will enable it to invest in cutting-edge technology, expand its market presence, and drive long-term growth."
Rare,Professional Skills\Story Telling,Rare,Scarce,Common,Rare means seldom occurring or found; uncommon.,B1,It is rare to find such a unique piece of art in this gallery.,Finding such a vintage car in good condition is quite rare.,"The biotechnology startup launched an aggressive campaign to raise money through a combination of venture capital funding and an initial public offering, aiming to accelerate its research and development initiatives."
Rate,Industries\Manufacturing,Taux,Speed,Slow down,"Rate is a measure, quantity, or frequency, typically one measured against another quantity or measure.",B1,The interest rate on the loan was higher than expected.,The hotel’s rate includes breakfast and Wi-Fi.,"The company's product range encompasses a diverse line of offerings, catering to various customer preferences and market segments."
Rational,Professional Skills\Customer Relationship Building,Rationnel,Logical,Irrational,Rational means based on or in accordance with reason or logic.,B1,The decision to expand was based on a rational analysis of the market.,His decision was based on rational thinking and thorough analysis.,"The new product range, featuring cutting-edge technology and innovative designs, caters to a wide variety of consumer preferences and needs, positioning the company ahead of its competitors."
Raw materials,Professional Skills\Project Management,Matières premières,Resources,Processed materials,Raw materials are the basic materials from which a product is made.,B1,The factory imports raw materials from overseas to produce its goods.,The factory imports raw materials to produce its products.,"The rare opportunity to collaborate with a leading tech giant has provided the company with invaluable insights, resources, and market access, significantly accelerating its growth trajectory."
Reach,Professional Skills\Project Management,Atteindre,Achieve,Miss,To reach means to arrive at (a place); get to.,B1,The marketing campaign aims to reach a broader audience.,The company aims to reach new markets this year.,"Despite fluctuations in the market, the company's interest rate on its latest loan remains favorable, thanks to its strong credit rating and robust financial health."
Realize,Professional Skills\Customer Relationship Building,Réaliser,Achieve,Ignore,To realize means to become fully aware of (something) as a fact; understand clearly.,B1,She didn’t realize the impact of her decision until much later.,I didn’t realize how much effort it would take to complete the project.,"Making rational business decisions based on comprehensive data analysis and market research has been a cornerstone of the company’s strategic approach, ensuring sustained growth and profitability."
realize ,Professional Skills\Career Planning,réaliser,watch,disallow,To realize means to become fully aware of (something) as a fact; understand clearly.,B1,He began to realize the importance of time management as deadlines approached.,She began to realize the importance of the meeting only after it was over.,Securing a reliable supply of high-quality raw materials is essential for maintaining production standards and meeting the growing demand for the company's premium products.
Rearrange,Professional Skills\Customer Relationship Building,Réorganiser,Rearrange,Leave as is,To rearrange means to change the position of (things) so that they are in a different order or arrangement.,B1, They decided to rearrange the office layout to improve workflow.,We need to rearrange the furniture to make more space in the room.,"Through a combination of strategic marketing campaigns, robust distribution channels, and a strong online presence, the company was able to significantly expand its reach, tapping into previously untapped markets and demographics."
Reasonable,Business\Finance,Raisonnable,Sensible,Unreasonable,Reasonable means fair and sensible.,B1,The company offered a reasonable price for the high-quality product.,The price of the service is quite reasonable for its quality.,"After implementing a series of cost-cutting measures and operational efficiencies, the company began to realize substantial savings, which were reinvested into research and development to drive future growth."
Reasonably ,Business\Finance,Raisonnablement,Sensibly,Unreasonably,Reasonably means to a moderate or acceptable extent.,B1,The project was completed reasonably within the allocated budget.,The item was priced reasonably for its features.,"After several months of market research, the company realized the potential for expanding its product line to include eco-friendly options."
Receipt,Professional Skills\Project Management,Reçu,Proof,Debt,"A receipt is a written acknowledgment that something has been received, typically that one has paid for or received something.",B1,Please keep the receipt as proof of purchase.,Keep the receipt in case you need to return the item.,"In order to improve workflow and enhance team collaboration, the office space was meticulously rearranged, with open-plan workstations, designated meeting areas, and ergonomic furniture thoughtfully integrated."
Receive,Professional Skills\Meetings Skills,Recevoir,Get,Give,"To receive means to be given, presented with, or paid (something).",B1,We expect to receive the shipment by the end of the week.,She will receive the shipment by the end of the week.,"The negotiation process was lengthy, but both parties eventually agreed on a reasonable price for the acquisition, ensuring that the deal was beneficial and sustainable for both sides."
Recent,Professional Skills\Customer Relationship Building,Récent,Recent,Dated,Recent means having happened or been done or made lately; belonging to a past period of time comparatively close to the present.,B1,The recent changes in management have improved the company’s performance.,The recent changes in the policy have been well received by employees.,"Despite facing significant market challenges, the company was able to reasonably maintain its profit margins by optimizing its supply chain, renegotiating vendor contracts, and focusing on high-margin products."
Reception,Practical and everyday life\Guide,Réception,Welcome,Farewell,"A reception is the action or process of receiving something sent, given, or inflicted.",B1,The reception for the new employees was held in the main hall.,The reception for the new product was positive.,"Upon the receipt of the final payment, the project manager confirmed that all deliverables had been met, and the contract was successfully closed, marking a significant milestone for the company."
Reception desk,Practical and everyday life\Guide,Accueil,Reception,Departure,The front desk or reception desk is the area where visitors are received or served.,B1,Please check in at the reception desk when you arrive.,The receptionist at the reception desk will help you with your inquiries.,"The company was delighted to receive an industry award recognizing its innovative approach to sustainable manufacturing, which had set new standards in environmental responsibility."
Receptive,Professional Skills\Customer Relationship Building,Réceptif,Open,Closed,Receptive means willing to consider or accept new suggestions and ideas.,B1,The team was receptive to the new ideas presented during the meeting.,He was receptive to the feedback and made the necessary changes.,"The recent launch of the company's flagship product generated widespread media attention and consumer interest, resulting in record-breaking sales figures for the first quarter."
Recipe,Professional Skills\Customer Relationship Building,Recette,Formula,Confusion,"A recipe is a set of instructions for preparing a particular dish, including a list of the ingredients required.",B1,The chef shared his secret recipe for the restaurant’s signature dish.,She followed the recipe to bake a delicious cake.,"The grand opening of the new headquarters featured a lavish reception, attended by industry leaders, local dignitaries, and media representatives, showcasing the company's commitment to growth and innovation."
Recognize,Professional Skills\Customer Relationship Building,Reconnaître,Identify,Ignore,To recognize means to identify (someone or something) from having encountered them before.,B1,The company was recognized for its commitment to sustainability.,I didn’t recognize her with the new hairstyle.,"The front desk serves as the nerve center of the hotel, orchestrating seamless guest experiences with efficiency and grace, while prospective clients are encouraged to get in touch with our sales team to explore customized solutions tailored to their unique business needs"
Recommend,Business\HR,Recommander,Advocate,Disapprove,To recommend means to suggest that (someone or something) is suitable for a particular purpose or role.,B1,I highly recommend this book to anyone interested in business strategy.,I highly recommend the new Italian restaurant downtown.,"The management team was highly receptive to employee feedback, implementing several suggestions that led to improved workplace morale and increased productivity."
Recommendation,Business\HR,Recommandation,Suggestion,Disapproval,"A recommendation is a suggestion or proposal as to the best course of action, especially one put forward by an authoritative body.",B1,The board followed the recommendation to invest in new technology.,Her recommendation helped me get the job.,"The product development team followed a meticulous recipe for success, combining market research, customer feedback, and innovative design to create a product that exceeded expectations."
Recruit,Business\Finance,Recruter,Enlist,Discharge,To recruit means to enlist (someone) in the armed forces.,B1,The company plans to recruit more staff to support its expansion.,The company is looking to recruit new talent for their team.,"The CEO took a moment to recognize the hard work and dedication of the entire staff, attributing the company's recent successes to their unwavering commitment and innovative spirit."
Recruitment,Business\Finance,Recrutement,Enlistment,Discharge,Recruitment is the action of enlisting new people in the armed forces.,B1,The recruitment process is designed to identify the best candidates for the job.,The recruitment process involves several stages of interviews.,"After a thorough evaluation of the company's strategic goals, the consulting firm was able to recommend several key initiatives aimed at driving long-term growth and market expansion."
Reduce,Business\HR,Réduire,Decrease,Increase,"To reduce means to make smaller or less in amount, degree, or size.",B1,The company implemented measures to reduce its carbon footprint.,We need to reduce expenses to stay within our budget.,"The board of directors approved the recommendation to invest in cutting-edge technology, viewing it as a critical step towards maintaining competitive advantage in the rapidly evolving market."
Reduction,Practical and everyday life\Guide,Réduction,Decrease,Increase,"Reduction is the action or fact of making a specified thing smaller or less in amount, degree, or size.",B1,The reduction in costs allowed the company to increase its profit margin.,There was a significant reduction in the project's costs.,"To support its ambitious growth plans, the company launched a comprehensive recruitment campaign, targeting top talent from leading universities and industry professionals with specialized expertise."
Redundant,Business\Finance,Redondant,Excessive,Necessary,Redundant means not or no longer needed or useful; superfluous.,B1,"The position became redundant after the merger, and the employee was laid off.",The old equipment was deemed redundant and was sold off.,"The company's aggressive recruitment strategy, which included attending career fairs, hosting networking events, and offering competitive benefits packages, successfully attracted a diverse pool of highly qualified candidates."
Refrigerator,Business\Finance,Réfrigérateur,Fridge,Heater,"A refrigerator is a machine or apparatus for keeping things, especially foodstuffs, cool.",B1,The refrigerator in the office kitchen needs to be replaced.,Make sure to store the leftovers in the refrigerator.,"In an effort to reduce operational costs, the company implemented a series of efficiency measures, including automating routine tasks and renegotiating supplier contracts to achieve better pricing."
Refund,Business\Legal,Remboursement,Repayment,Charge,"A refund is a repayment of a sum of money, typically to a dissatisfied customer.",B1,The store offers a full refund if you are not satisfied with your purchase.,"If you are not satisfied with the product, you can request a refund.","The significant reduction in production waste was achieved through the adoption of lean manufacturing principles, which streamlined processes and eliminated non-value-added activities."
Refundable,Business\Legal,Remboursable,Repayable,Non-refundable,Refundable means capable of being refunded.,B1,The deposit is refundable if you cancel your booking within 24 hours.,The deposit is refundable if you cancel the reservation in advance.,"After a comprehensive review of its organizational structure, the company identified several redundant roles and implemented a restructuring plan to improve efficiency and reduce overhead costs."
Refusal,Professional Skills\E-mail Writing,Refus,Denial,Acceptance,A refusal is an act of rejecting something.,B1,His refusal to cooperate with the investigation raised suspicions.,Her refusal to sign the contract delayed the project.,"The state-of-the-art refrigerator, equipped with advanced temperature control and energy-saving features, became a top seller due to its innovative design and superior performance."
Refuse,Business\Legal,Refuser,Decline,Accept,To refuse means to indicate or show that one is not willing to do something.,B1,She had to refuse the offer due to a conflict of interest.,I refuse to accept any responsibility for the error.,"The company’s hassle-free refund policy, which guarantees a full refund for any unsatisfied customer within 30 days of purchase, has significantly boosted customer confidence and satisfaction."
refuse ,Business\Legal,refuser,act,proceed,To refuse means to decline to accept or do something; reject.,B1,They refuse to compromise on the quality of their products.,He refused to participate in the meeting.,"All tickets for the corporate event are refundable up to 48 hours before the event, providing attendees with flexibility and peace of mind."
Regarding,Professional Skills\E-mail Writing,Concernant,About,Ignorance,Regarding means concerning; with reference to.,B1,I have some questions regarding the new project.,Please contact me regarding the updates on the project.,"The company's firm refusal to compromise on quality, even in the face of rising material costs, has cemented its reputation as a provider of premium products."
Regardless,Professional Skills\Story Telling,Peu importe,Despite,Caring,Regardless means without paying attention to the present situation; despite the prevailing circumstances.,B1,The event will go ahead regardless of the weather conditions.,She completed the task regardless of the obstacles.,"Despite the potential for short-term gains, the board decided to refuse the acquisition offer, believing that the company’s long-term strategic vision could deliver"
Regional,Business\Geography,Régional,Local,International,"Regional means of, relating to, or characteristic of a region.",B1,The company is expanding its operations to several regional markets.,The regional manager oversees all operations in the area.,"The board decided to refuse the acquisition offer, believing that the company’s value would increase with continued independent growth."
Register,Professional Skills\Meetings Skills,S'inscrire,Enroll,Unregister,To register means to sign up or enroll for something.,A2,Please register for the conference by the end of the week.,You need to register for the workshop before the deadline.,The memo sent to all employees regarding the upcoming changes in the organizational structure outlined the benefits and provided a clear timeline for implementation.
Register,Professional Skills\Administrative Skills,S'enregistrer,Enroll,Unregister,To register means to enter or record on an official list or directory.,B1,The cashier will register your payment at the checkout.,The online system allows you to register for the conference.,"Regardless of the economic downturn, the company remained committed to investing in research and development, understanding that innovation is key to long-term success."
register ,Business\Administrative,enregistrer,record,erase,To register means to enter or record (information) in an official list or record.,B1,You need to register your details on the website to access the content.,Please register your attendance at the event.,"The regional sales team, leveraging their deep understanding of local markets, successfully expanded the company’s presence, driving significant revenue growth in previously underpenetrated areas."
Registration,Professional Skills\Administrative Skills,Enregistrement,Enrollment,Deregistration,Registration is the action or process of registering or of being registered.,B1,The registration for the event closes tomorrow.,The registration process for the course is straightforward.,"Prospective participants were urged to register early for the prestigious industry summit, where access to exclusive keynote speeches and interactive workshops promised to accelerate professional development and forge invaluable connections"
Regret,Professional Skills\Customer Relationship Building,Regret,Remorse,Happiness,"Regret is a feeling of sadness, repentance, or disappointment over an occurrence or something that one has done or failed to do.",B1,She expressed her regret for missing the important meeting.,I regret not attending the seminar last week.,"To comply with new regulatory requirements, all financial transactions must be accurately recorded and registered in the company’s centralized accounting system."
Regular,Professional Skills\Routine,Régulier,Consistent,Irregular,"Regular means arranged in or constituting a constant or definite pattern, especially with the same space between individual instances.",B1,He is a regular customer at the local coffee shop.,She follows a regular exercise routine to stay fit.,"All participants must register for the conference in advance, providing necessary details to ensure a smooth and organized event."
Regularly,Professional Skills\Routine,Régulièrement,Consistently,Irregularly,Regularly means at regular intervals; habitually.,B1,The team meets regularly to discuss project updates.,The team meets regularly to discuss project progress.,"The online registration process for the webinar was streamlined to ensure a seamless user experience, resulting in a record number of participants."
Regulate,Business\Legal,Réglementer,Control,Deregulate,To regulate means to control or maintain the rate or speed of (a machine or process) so that it operates properly.,B1,The government introduced new laws to regulate the financial industry.,The government aims to regulate the industry to ensure fairness.,The executive team expressed regret over the decision to lay off employees but emphasized that it was a necessary step to ensure the company’s financial stability and future growth.
Rehearse,Professional Skills\Presentation Skills,Répéter,Practice,Perform,"To rehearse means to practice (a play, piece of music, or other work) for later public performance.",B1,The team needs to rehearse the presentation before the client meeting.,The actors will rehearse their lines before the performance.,"Regular audits and compliance checks are conducted to ensure that all operations adhere to industry standards and regulatory requirements, thereby minimizing risks."
Reject,Business\Legal,Rejeter,Refuse,Accept,"To reject means to dismiss as inadequate, inappropriate, or not to one's taste.",B1,The committee decided to reject the proposal due to budget constraints.,The committee decided to reject the proposal.,"The management team meets regularly to review strategic initiatives, assess performance metrics, and make data-driven decisions to steer the company towards its objectives."
reject ,Business\Legal,rejeter,proceed,accept,"To reject means to dismiss as inadequate, inappropriate, or not to one's taste.",B1,The manager may reject the application if it does not meet the criteria.,She will reject any suggestions that don't meet the requirements.,"In response to new industry regulations, the company implemented stringent policies and procedures to ensure full compliance and avoid potential legal ramifications."
Relax,Practical and everyday life\Well-being,Se détendre,Unwind,Stress,To relax means to make or become less tense or anxious.,B1,It’s important to take some time to relax after a busy workweek.,It’s important to relax after a long day at work.,"Before the annual general meeting, the CEO and key executives took time to rehearse their presentations and speeches, ensuring they could effectively communicate the company’s achievements and future plans."
Relaxation,Practical and everyday life\Well-being,Détente,Leisure,Stress,Relaxation is the state of being free from tension and anxiety.,B1,The company offers a relaxation area for employees to unwind during breaks.,Yoga provides relaxation and stress relief.,"The proposal to diversify into an unrelated industry was ultimately rejected by the board, who felt that it strayed too far from the company’s core competencies and strategic vision."
Release,Business\Marketing/Fashion,Lancer / Publier,Launch,Withhold,To release means to make something available or public.,B1,The company will release its new product line next month.,The company plans to release the new software next month.,"The quality control team had to reject a batch of products due to defects, ensuring that only items meeting the highest standards are distributed."
Release,Business\Legal,Libérer,Free,Capture,To release means to allow or enable to escape from confinement; set free.,B1,The release of the annual report was delayed by a week.,The movie will be released in theaters next weekend.,"After successfully meeting the quarterly targets, the team took a much-needed break to relax and recharge, knowing that their hard work had paid off and set the stage for future achievements."
Relevant,Professional Skills\Story Telling,Pertinent,Related,Irrelevant,Relevant means closely connected or appropriate to what is being done or considered.,B1,The information provided in the report is highly relevant to our current project.,The information you provided is relevant to our research.,"The company's new employee wellness program emphasizes relaxation techniques such as yoga and meditation, aiming to reduce stress and enhance overall productivity."
Reliable,Business\Legal,Fiable,Trustworthy,Unreliable,Reliable refers to something or someone that can be trusted or depended upon.,B1,"The new software is fast and reliable, making it ideal for business use.",We need a reliable supplier for our raw materials.,The highly anticipated release of the new smartphone generated significant buzz among tech enthusiasts and consumers alike.
Remain,Business\HR,Rester,Stay,Leave,"To remain means to continue to exist, especially after other similar or related people or things have ceased to do so.",B1,"Despite the challenges, the company remains committed to its mission.",The terms of the agreement will remain unchanged.,"The anticipated release of the innovative software update was met with excitement in the tech community, as it promised to introduce groundbreaking features and improve user experience significantly."
remain,Business\HR,rester,switch,depart,"To remain means to continue to exist, especially after other similar people or things have ceased to do so.",B1,The final decision will remain confidential until it is announced publicly.,She will remain in charge of the project until it's completed.,"Staying relevant in the fast-paced tech industry requires continuous innovation, strategic thinking, and an unwavering commitment to understanding and anticipating market trends."
Remarkable,Professional Skills\Story Telling,Remarquable,Outstanding,Ordinary,Remarkable means worthy of attention; striking.,B1,The CEO’s remarkable leadership has been a key factor in the company’s success.,His performance in the play was truly remarkable.,The company's track record of reliable performance and on-time delivery solidified its reputation as a trusted partner among suppliers and customers alike
Remind,Professional Skills\Customer Relationship Building,Rappeler,Recall,Forget,To remind means to cause (someone) to remember something.,B1,Please remind me to send the report by the end of the day.,Please remind me to call the client tomorrow.,"Despite the turbulent market conditions, the company managed to remain profitable, thanks to its diversified portfolio and prudent financial management."
Reminder,Professional Skills\Customer Relationship Building,Rappel,Recall,Forgetfulness,A reminder is a thing that causes someone to remember something.,B1,The email served as a reminder of the upcoming deadline.,I set a reminder for our meeting next week.,"In light of the recent economic downturn, the company must remain vigilant and adaptable to sustain its market position and operational efficiency."
Remittance,Business\Finance,Envoi,Payment,Non-payment,"Remittance is a sum of money sent, especially by mail, in payment for goods or services or as a gift.",B1,"The client’s remittance was received on time, and the project was approved.",The remittance was sent to cover the invoice.,"The remarkable growth in the company’s market share can be attributed to its strategic acquisitions, innovative product development, and effective marketing campaigns."
Remove,Business\Supply Chain,Enlever,Take away,Add,To remove means to take away from a place or position.,B1,Please remove all personal items from your desk before the end of the day.,You need to remove the old files before adding new ones.,"The monthly newsletter serves to remind employees of important upcoming events, deadlines, and company announcements, ensuring everyone stays informed and engaged."
Remuneration,Business\Finance,Rémunération,Payment,Non-payment,Remuneration is money paid for work or a service.,B1,The remuneration package includes a competitive salary and benefits.,The remuneration package includes salary and benefits.,"An automated reminder system was implemented to ensure that clients receive timely notifications about upcoming appointments, reducing no-show rates and improving service efficiency."
Renovate,Business\Real Estate,Rénover,Restore,Neglect,"To renovate means to restore (something old, especially a building) to a good state of repair.",B1,The company plans to renovate its headquarters to create a more modern workspace.,They plan to renovate the office to improve its appearance.,"The timely remittance of international payments was facilitated by the company’s adoption of a secure and efficient global payment platform, ensuring smooth financial transactions across borders."
Renovation,Business\Real Estate,Rénovation,Restoration,Neglect,Renovation is the action of renovating a building.,B1,The renovation of the office building is expected to take six months.,The renovation of the building will start next month.,"To improve the user experience, the development team decided to remove several outdated features from the application, streamlining the interface and enhancing functionality."
Rent,Business\Real Estate,Louer,Hire,Own,Rent is a payment made for the use of something.,B1,The company decided to rent office space in the downtown area.,They decided to rent an apartment closer to work.,"The company’s competitive remuneration package, which includes performance bonuses and comprehensive benefits, has been instrumental in attracting and retaining top talent in the industry."
Repair,Business\Supply Chain,Réparer,Fix,Break,To repair means to fix or mend (a thing suffering from damage or a fault).,B1,The technician was called in to repair the faulty equipment.,The technician will repair the broken equipment.,"The decision to renovate the corporate headquarters was driven by the need to create a more modern, collaborative, and energy-efficient workspace that aligns with the company’s values and vision."
Repayment,Business\Finance,Remboursement,Reimbursement,Debt,"Repayment is the action of repaying a loan, debt, or favor.",B1,The loan agreement includes a flexible repayment schedule.,The loan repayment is due at the end of the month.,"The extensive renovation project, which included upgrading infrastructure, enhancing office layouts, and incorporating green building practices, was completed ahead of schedule and within budget."
Repetitive,Professional Skills\Routine,Répétitif,Monotonous,Varied,"Repetitive means containing or characterized by repetition, especially when unnecessary or tiresome.",B1,"The task was repetitive, but necessary for quality control.",The task became repetitive and monotonous.,The decision to rent additional office space in the downtown area was strategically made to accommodate the company’s rapid growth and to be closer to key clients and partners.
Replace,Business\Supply Chain,Remplacer,Substitute,Retain,To replace means to take the place of.,B1,The company plans to replace the outdated computers with new ones.,We need to replace the old printer with a new one.,"The facilities management team swiftly arranged for the repair of the damaged roof, ensuring that the office environment remained safe and comfortable for all employees."
Replacement,Business\Supply Chain,Remplacement,Substitute,Original,Replacement is the action or process of replacing someone or something.,B1,The replacement parts for the machinery were delivered yesterday.,The replacement part will arrive within a week.,"The carefully structured repayment plan, which includes a combination of fixed and variable interest rates, was designed to provide the company with the flexibility needed to manage its cash flow effectively while meeting its financial obligations."
Report,Business\Marketing,Rapport,Account,Concealment,"A report is an account given of a particular matter, especially in the form of an official document, after thorough investigation or consideration by an appointed person or body.",B1,The manager asked for a detailed report on the project’s progress.,The report on sales performance was delivered to the board.,"In an effort to minimize the time spent on repetitive tasks, the company invested in advanced automation software, which has significantly increased operational efficiency and allowed employees to focus on more strategic initiatives."
reported,Business\Media,signalé,documented,unreported,Reported means made known or brought to someone's attention.,B,It was reported that the company’s profits had increased by 10% this quarter.,The incident was reported to the authorities immediately.,"The decision to replace outdated machinery with state-of-the-art equipment was driven by the need to enhance production capabilities, reduce maintenance costs, and improve overall product quality."
reportedly,Business\Media,selon les rapports,allegedly,confirmed,Reportedly means according to what is said or reported by others.,A,The CEO is reportedly planning to retire at the end of the year.,The company is reportedly planning to expand into new markets.,"After conducting a thorough analysis, the company identified a suitable replacement for the retiring CFO, ensuring a seamless transition and continuity in financial leadership."
reporter,Business\Media,journaliste,journalist,interviewee,A reporter is a person who investigates and reports or comments on news stories.,D,The reporter covered the story of the company’s expansion into new markets.,The reporter covered the breaking news story.,"The comprehensive annual report, which includes detailed financial statements, market analysis, and strategic insights, provides stakeholders with a clear understanding of the company's performance and future outlook."
reporting,Business\Media,rapport,coverage,suppression,Reporting means the act of providing news or information about something.,C,Accurate reporting is essential for maintaining transparency in financial matters.,The reporting system needs to be updated for accuracy.,"It was widely reported in the financial press that the company’s quarterly earnings not only exceeded analysts' expectations but also surpassed the projected growth rates, leading to a significant surge in its stock price and reinforcing investor confidence."
Represent,Professional Skills\Story Telling,Représenter,Portray,Misrepresent,To represent means to depict (someone or something) in a specified way or as of a specified nature.,B1,The lawyer will represent the company in the legal proceedings.,She will represent the company at the international conference.,The company is reportedly in talks with several tech firms to explore potential partnerships and joint ventures.
Representative,Business\Sales,Représentant,Agent,Opponent,A representative is a person chosen or appointed to act or speak for another or others.,B1,The sales representative will visit the client next week.,The sales representative will contact you for more details.,"The seasoned business reporter conducted a thorough interview with the CEO, probing with incisive questions about the company’s long-term strategy, market positioning, and future prospects, thereby shedding light on the executive’s vision."
reputation,Professional Skills\Customer Relationship Building,réputation,standing,disrepute,Reputation refers to the beliefs or opinions that are generally held about someone or something.,B1,The company has built a strong reputation for quality and reliability.,The company's reputation for quality products is well established.,"Accurate and timely financial reporting, which encompasses meticulous documentation and transparent disclosure of all fiscal activities, is essential for maintaining credibility with shareholders and ensuring compliance with stringent regulatory requirements."
Request,Professional Skills\Administrative Skills,Demander,Ask,Deny,A request is an act of asking politely or formally for something.,B1,The client made a request for additional information before signing the contract.,Please submit your request for time off as soon as possible.,"The newly appointed brand ambassador was chosen to represent the company's values and mission, bringing a fresh and dynamic presence to its marketing campaigns."
Require,Business\Legal,Exiger,Need,Optional,To require means to need or demand something.,B1,The project will require additional resources to be completed on time.,This job will require you to work on weekends.,The sales representative's deep understanding of customer needs and exceptional negotiation skills played a crucial role in securing several high-value contracts for the company.
Require,Business\HR,Exiger,Demand,Offer,To require means to need for a particular purpose.,B1,"The job posting does not require a cover letter, but it is encouraged.",The project requirements are outlined in the proposal.,Maintaining a strong reputation for quality and reliability is crucial for the company's long-term success and customer loyalty.
require ,Business\HR,exiger,resign,allow,To require means to need (something) as a necessity.,B1,The new regulations require all employees to complete the training.,The position requires a degree in business administration.,"Upon receiving the client’s request for additional customization options, the product development team promptly began exploring innovative solutions to meet the unique requirements."
Requirement,Business\HR,Exigence,Demand,Offer,A requirement is a thing that is needed or wanted.,B1,Meeting the requirement for the certification was challenging but rewarding.,Meeting the safety requirements is crucial for this operation.,"The complex nature of the project required specialized expertise and resources, necessitating strategic partnerships and collaboration with industry leaders"
Reschedule,Professional Skills\Project Management,Reporter,Rearrange,Stick to,To reschedule means to rearrange (something) for a later time or date.,B1,We need to reschedule the meeting due to a conflict in the agenda.,We need to reschedule the meeting to next week.,The implementation of the new software system will require extensive training for all employees to ensure they are fully equipped to leverage its advanced features and capabilities.
Rescue,Practical and everyday life\Emergency,Sauvetage,Save,Abandon,To rescue means to save (someone) from a dangerous or distressing situation.,B1,The IT team worked hard to rescue the system after the unexpected crash.,The team managed to rescue the stranded hikers.,Achieving the project’s objectives will require a significant investment in new technology and training for the team to stay competitive.
Resemble,Professional Skills\Story Telling,Ressembler,Look like,Differ,"To resemble means to have qualities or features, especially those of appearance, in common with (someone or something); look or seem like.",B1,The new office building will resemble the original design with modern updates.,The new building resembles the old one in design.,"Meeting the stringent regulatory requirements necessitated a comprehensive review and overhaul of the company's compliance protocols, ensuring adherence to industry standards and legal mandates."
Reservation,Business\Travel,Réservation,Booking,Free,A reservation is a qualification to an expression of agreement or approval; a doubt.,B1,I made a reservation for dinner at the restaurant for our business meeting.,I made a reservation for dinner at the new restaurant.,"Due to unforeseen circumstances, the project team had to reschedule the product launch, allowing additional time to address critical issues and ensure a successful rollout."
Reserve,Business\Travel,Réserver,Keep,Free,To reserve means to retain for future use.,B1,Please reserve a conference room for the client presentation tomorrow.,You should reserve your spot for the workshop in advance.,"The company's quick action and strategic interventions were pivotal in rescuing the subsidiary from financial distress, stabilizing its operations, and setting it on a path to recovery."
reserve,Business\Travel,réserver,enhance,release,"To reserve means to arrange for (a room, seat, ticket, etc.) to be kept for the use of a particular person.",B1,The hotel will reserve a room for you upon your arrival.,They will reserve a table for us at the restaurant.,"The new office layout was designed to resemble a modern, open-concept workspace, fostering collaboration, creativity, and a sense of community among employees."
Resign,Business\HR,Démissionner / Se retirer,Quit,Stay,To resign means to voluntarily leave a job or position. To step down is to voluntarily relinquish a role or responsibility.,B1,The manager decided to resign from his position to pursue new opportunities.,He decided to resign from his position after five years.,"To ensure seamless participation in the upcoming industry conference, the team made early reservations for travel and accommodation, securing the best rates and optimal convenience."
Resign,Business\HR,Démissionner,Quit,Accept,To resign means to voluntarily leave a job or other position.,B1,She submitted her resignation letter last week.,She handed in her resignation letter yesterday.,"The finance department decided to reserve a portion of the annual budget for unexpected expenses, demonstrating prudent financial planning and risk management."
Resist,Professional Skills\Customer Relationship Building,Résister,Oppose,Submit,To resist means to withstand the action or effect of.,B1,It’s important to resist the urge to cut corners on quality to meet deadlines.,He tried to resist the temptation to buy the expensive gadget.,The finance team advised the company to reserve a portion of its profits for future investments and unforeseen expenses.
Resolve,Business\Legal,Résoudre,Solve,Ignore,To resolve means to find a solution to a problem.,A2,The team worked together to resolve the issue quickly.,We need to resolve this issue before the deadline.,"Despite facing mounting pressure from shareholders, the board of directors refused to accept the CFO's resignation, citing her invaluable contributions to the company"
Resolve,Business\HR,Résoudre,Determine,Waver,"To resolve means to settle or find a solution to (a problem, dispute, or contentious matter).",B1,His resolve to improve the company’s performance was commendable.,She resolved to improve her skills in the coming year.,"After much deliberation, the Chief Marketing Officer decided to resign from her position to pursue new opportunities, prompting the company to launch a rigorous search for a suitable replacement."
Respect,Professional Skills\Customer Relationship Building,Respect,Honor,Disrespect,"Respect is a feeling of deep admiration for someone or something elicited by their abilities, qualities, or achievements.",B1,"It’s essential to respect your colleagues' opinions, even if you disagree.",It is important to show respect to your colleagues.,"Despite facing immense pressure to cut corners and expedite the project, the engineering team chose to resist, prioritizing quality and safety over speed."
Respectable,Professional Skills\Customer Relationship Building,Respectable,Decent,Disreputable,"Respectable means regarded by society to be good, proper, or correct.",B1,The company has a respectable reputation in the industry.,He has a respectable position in the company.,"The crisis management team worked diligently to resolve the supply chain disruption, implementing contingency plans and coordinating with suppliers to minimize operational impact."
Respectful,Professional Skills\Customer Relationship Building,Respectueux,Polite,Disrespectful,Respectful means feeling or showing deference and respect.,B1,Being respectful towards clients is key to building long-lasting relationships.,They were respectful of the speaker’s opinions during the debate.,The executive team was able to swiftly resolve the conflict between departments by implementing a transparent communication strategy and facilitating collaborative problem-solving sessions.
Respond,Professional Skills\Customer Relationship Building,Répondre,Answer,Ignore,To respond means to say something in reply.,B1,The customer service team will respond to your inquiry within 24 hours.,Please respond to the email by the end of the day.,The CEO’s ability to listen and respond thoughtfully to employee concerns has earned her widespread respect and admiration throughout the company.
Responsibility,Business\HR,Responsabilité,Duty,Irresponsibility,Responsibility is the state or fact of having a duty to deal with something or of having control over someone.,B1,It is your responsibility to ensure that the project is completed on time.,It is your responsibility to ensure the project is completed on time.,"The company has maintained a respectable position in the industry due to its unwavering commitment to ethical practices, quality products, and customer satisfaction."
Responsible,Business\HR,Responsable,Accountable,Irresponsible,"Responsible means having an obligation to do something, or having control over or care for someone, as part of one's job or role.",B1,The manager is responsible for overseeing the daily operations of the department.,She is responsible for managing the marketing team.,"The corporate culture emphasizes respectful communication, ensuring that all employees feel valued and heard regardless of their role or seniority."
Restore,Business\HR,Restaurer,Repair,Break,"To restore means to bring back (a previous right, practice, custom, or situation); reinstate.",B1,The IT department worked overnight to restore the company’s network after the outage.,The company plans to restore the historical building to its original condition.,"The customer service department is trained to respond promptly and effectively to all inquiries, providing solutions that enhance the overall customer experience."
Restructure,Business\Finance,Restructurer,Reorganize,Preserve,To restructure means to organize differently.,B1,The company plans to restructure its operations to improve efficiency.,They will restructure the organization to improve efficiency.,"As part of its corporate social responsibility initiatives, the company has launched several programs aimed at supporting local communities and promoting environmental sustainability."
Résumé,Professional Skills\Administrative Skills,Curriculum vitae,Summary,Detail,"A résumé is a brief account of a person's education, qualifications, and previous experience, typically sent with a job application.",B1,Please submit your résumé along with the application form.,Please submit your résumé for consideration for the job.,"The project manager is responsible for overseeing the entire project lifecycle, from initial planning and resource allocation to execution and delivery."
Retail,Business\Retail,Vente au détail,Sale,Wholesale,Retail is the sale of goods to the public in relatively small quantities for use or consumption rather than for resale.,B1,The retail sector has seen significant growth in online sales over the past year.,Retail sales have increased significantly this quarter.,"The IT team worked tirelessly to restore system functionality following the unexpected outage, ensuring minimal disruption to business operations."
Retailers,Industries\Retail,Détaillants,Merchants,Wholesalers,Retailers are businesses that sell products directly to consumers.,B1,Many retailers are offering discounts to attract customers during the holiday season.,The new product will be available at major retailers nationwide.,"In response to shifting market dynamics, the company decided to restructure its operations, realigning resources and optimizing processes to better meet customer demands."
Retire,Business\HR,Prendre sa retraite,Quit,Hire,"To retire means to withdraw from active working life, typically upon reaching a certain age.",B1,"After 30 years with the company, she plans to retire next month.",He plans to retire at the age of 65.,A well-crafted résumé highlighting relevant skills and accomplishments is crucial for job seekers looking to make a strong impression on potential employers.
Retirement,Business\HR,Retraite,Pensions,Employment,Retirement is the action or fact of leaving one's job and ceasing to work.,B1,He is looking forward to his retirement and spending more time with his family.,Her retirement party was a grand celebration with all her colleagues.,"The company’s expansion into the retail market has been marked by the opening of flagship stores in major cities, offering consumers a unique and engaging shopping experience."
Return,Business\Finance; Professional Skills\Customer Relationship Building,Retourner,Come back,Depart,To return means to come or go back to a place or situation.,B1,The company expects a high return on investment from the new product line.,Please return the completed form by the end of the week.,"Retailers play a crucial role in the distribution channel, serving as intermediaries between manufacturers and end consumers in the marketplace."
Review,Professional Skills\Performance Evaluation,Révision,Examination,Ignore,A review is a formal assessment or examination of something with the possibility or intention of instituting change if necessary.,B1,Please review the report and provide feedback by the end of the week.,We need to review the project plan before proceeding.,"After decades of dedicated service, the CFO announced his decision to retire, leaving behind a legacy of financial prudence and strategic growth."
Reviews,Professional Skills\Story Telling; Business\Marketing,Avis,Critiques,Praises,"Reviews are evaluations or assessments of something, such as a product or service.",B1,The product received excellent reviews from customers.,The product has received excellent reviews from customers.,"The company offers a comprehensive retirement plan that includes a 401(k) with employer matching, ensuring that employees are well-prepared for their future."
Revise,Professional Skills\Performance Evaluation,Réviser,Amend,Ignore,To revise means to reconsider and alter (something) in light of further evidence.,B1,The author needs to revise the draft before submitting it for publication.,You should revise the draft before submitting it.,"The hedge fund's strategic allocation of assets in emerging markets yielded an impressive return, outperforming benchmark indices and delivering substantial value to its investors."
Revised,Professional Skills\Performance Evaluation,Révisé,Amended,Ignored,Revised means amended or improved.,B1,The revised version of the contract was sent to the client for approval.,The revised version of the report includes additional data.,"The annual performance review process is designed to provide constructive feedback, set goals, and identify opportunities for professional development."
Right away,Professional Skills\Project Management,Immédiatement,Immediately,Later,Right away means without delay; immediately.,B1,The manager asked the team to start working on the project right away.,I will address the issue right away to avoid any further problems.,"The product received mixed reviews from industry experts, prompting the marketing team to reassess its messaging strategy and address critical feedback to enhance consumer perception and market penetration."
Rip off,Industries\Retail,Arnaquer / Escroquer,Swindle,Fair deal,To rip off means to overcharge or deceive someone in a transaction.,B1,The customer felt the price was a rip off considering the poor quality of the product.,The concert tickets were a rip off considering the poor performance.,"Based on market feedback and internal assessments, the product team decided to revise the design specifications to better meet customer expectations and improve functionality."
Rival,Business\Competition,Rival,Competitor,Ally,A rival is a person or thing competing with another for the same objective or for superiority in the same field of activity.,B1,The company’s main rival launched a similar product last month.,The new company is a serious rival in the tech industry.,"The revised project timeline, which incorporates additional buffer periods for testing and quality assurance, aims to mitigate risks and ensure timely delivery."
Roadside,Practical and everyday life\Transportation,Bord de la route,Wayside,Center,Roadside means the strip of land beside a road.,B1,They set up a roadside stand to sell their products to travelers.,They stopped at a roadside café for a quick break.,"Recognizing the urgency of the client’s request, the support team prioritized the issue and began addressing it right away to ensure a prompt resolution."
Roughly,Professional Skills\Story Telling,Grossièrement,Approximately,Precisely,Roughly means approximately; not exactly.,B1,The project will take roughly six months to complete.,"The estimate is roughly $500, but it could vary.","Consumers were outraged by the perceived rip-off of the popular designer handbag, prompting investigations into counterfeit production and distribution networks."
Round up,Business\Finance; Practical and everyday life\Numbers and Dates,Arrondir,Approximate,Exact,To round up means to increase a number to the nearest whole number or a larger unit.,B1,Let’s round up the team for a quick meeting before we proceed.,We need to round up the team for the meeting.,The company’s innovative product features and competitive pricing have positioned it as a formidable rival in the highly contested tech market.
Route,Practical and everyday life\Transportation,Itinéraire,Path,Wandering,A route is a way or course taken in getting from a starting point to a destination.,B1,The delivery truck will take the most efficient route to ensure timely delivery.,The delivery route was planned to avoid traffic.,"The new roadside assistance program provides customers with peace of mind, offering 24/7 support for vehicle breakdowns and emergencies."
Rule out,Business\Legal,Écarter / Exclure,Exclude,Consider,To rule out means to eliminate or exclude as a possibility.,B2,We can’t rule out the possibility of delays due to unforeseen circumstances.,We should rule out any options that don’t meet our criteria.,"The project is expected to take roughly six months to complete, contingent upon resource availability and potential unforeseen challenges."
Runway,Business\Transportation,Piste,Track,Wander,A runway is a leveled strip of smooth ground along which aircraft take off and land.,B1,The plane had to circle before landing as the runway was occupied.,The plane is ready for takeoff on the runway.,"The investment bank managed to round up a consortium of high-net-worth individuals and institutional investors to participate in the private equity deal, ensuring sufficient capital to execute the leveraged buyout."
Salary,Business\Finance,Salaire,Pay,Voluntary,"Salary is a fixed regular payment, typically paid on a monthly or biweekly basis but often expressed as an annual sum, made by an employer to an employee, especially a professional or white-collar worker.",B1,The new position comes with a competitive salary and benefits package.,The salary offered for the position is competitive.,"The logistics team meticulously planned the most efficient route for the shipment, optimizing for both cost and delivery time."
Sale,Business\Sales,Vente,Sale,Purchase,A sale is the exchange of a commodity for money; the action of selling something.,B1,The company is having a clearance sale to reduce inventory.,The store is having a sale on all winter clothing.,The board of directors decided to rule out the possibility of a merger after thorough deliberation and analysis of the potential risks and benefits
Salvage,Business\Supply Chain,Sauvetage,Rescue,Ruin,Salvage is the rescue of property or material from potential loss or destruction.,B1,The team managed to salvage the project despite the initial setbacks.,They managed to salvage some of the documents from the fire.,"The fashion brand’s latest collection debuted on the runway at New York Fashion Week, garnering widespread acclaim and media attention."
Sample,Business\Marketing/Fashion,Échantillon,Example,Entirety,A sample is a small portion or example used for testing or evaluation.,A2,Please provide a sample of your previous work when applying for the job.,Please take a sample of the product before making a decision.,"The company’s competitive salary packages are designed to attract and retain top talent, reflecting the value placed on employee contributions."
Sample,Business\Marketing,Échantillon,Example,Totality,A sample is a small part or quantity intended to show what the whole is like.,B1,The store offers free samples to customers to encourage them to try new products.,We need to collect a sample for the quality check.,"The end-of-season sale, featuring substantial discounts on a wide range of products, attracted a large number of shoppers and boosted revenue."
Satisfactory,Professional Skills\Customer Relationship Building,Satisfaisant,Adequate,Unsatisfactory,"Satisfactory means fulfilling expectations or needs; acceptable, though not outstanding or perfect.",B1,The client found the results to be satisfactory and approved the final draft.,"The results were satisfactory, meeting all the project goals.","After the natural disaster, the company focused on salvage operations to recover valuable assets and minimize losses."
Satisfied,Professional Skills\Customer Relationship Building,Satisfait,Content,Dissatisfied,Satisfied means contented; pleased.,B1,The customer was satisfied with the prompt service provided by the company.,She was satisfied with the outcome of the negotiation.,"Offering free samples of the new skincare product allowed customers to experience its benefits firsthand, driving interest and boosting sales."
Satisfy,Professional Skills\Customer Relationship Building,Satisfaire,Fulfill,Disappoint,"To satisfy means to meet the expectations, needs, or desires of (someone).",B1,The product must satisfy all safety requirements before it can be sold.,We need to satisfy all the client’s requirements for the contract.,"The marketing team distributed free samples of the new product at various events, allowing potential customers to experience its benefits firsthand."
Save,Business\Finance,Sauver,Preserve,Waste,To save means to keep safe or rescue (someone or something) from harm or danger.,B1,The company implemented cost-saving measures to improve profitability.,Make sure to save your work frequently to avoid losing it.,The quality assurance team ensures that all products meet satisfactory standards before they are released to the market.
Scene,Practical and everyday life\Culture,Scène,Setting,Chaos,A scene is the place where an incident in real life or fiction occurs or occurred.,B1,The team arrived at the scene of the incident to assess the damage.,The crime scene was secured by the police for investigation.,The company’s commitment to customer satisfaction is evident in its high number of positive reviews and repeat business.
Scenery,Practical and everyday life\Culture,Paysage,Landscape,Indoor,"Scenery is the natural features of a landscape considered in terms of their appearance, especially when picturesque.",B1,The office has a beautiful view of the surrounding scenery.,The scenery on the hike was breathtakingly beautiful.,The company’s commitment to customer satisfaction is evident in its proactive approach to addressing feedback and promptly resolving any issues that may arise.
Schedule,Professional Skills\Project Management,Calendrier,Timetable,Free time,"A schedule is a plan for carrying out a process or procedure, giving lists of intended events and times.",B1,The project manager will create a schedule to ensure timely completion of tasks.,The schedule for the conference has been finalized.,Implementing energy-saving initiatives has allowed the company to save significantly on operational costs while reducing its carbon footprint.
screening,Business\IT,dépistage,examination,ignoring,Screening is the process of examining or testing people to identify those with a particular disease or condition.,B,The company conducted a thorough screening of applicants for the job.,The screening process involves several stages of evaluation.,The picturesque scene from the office window provides employees with a tranquil environment conducive to creativity and productivity.
Scrutinize,Professional Skills\Analytical Skills,Examiner,Inspect,Ignore,To scrutinize means to examine or inspect closely and thoroughly.,B1,The auditor will scrutinize the financial statements to ensure accuracy.,The auditors will scrutinize the financial statements for accuracy.,The resort’s breathtaking scenery and luxurious accommodations make it an ideal venue for corporate retreats and executive meetings.
Search engine,Business\IT,Moteur de recherche,Browser,Brain,"A search engine is a program that searches for and identifies items in a database that correspond to keywords or characters specified by the user, used especially for finding particular sites on the World Wide Web.",B1,The company optimized its website for better visibility on search engines.,Use a search engine to find information quickly online.,"The project manager meticulously planned the project schedule, allocating resources and setting milestones to ensure timely completion."
Secluded,Practical and everyday life\Travel,Reculé,Remote,Busy,Secluded means not seen or visited by many people; sheltered and private.,B1,The resort offers a secluded getaway for those seeking privacy and relaxation.,They stayed in a secluded cabin in the mountains for their vacation.,The HR department implemented a more rigorous screening process to ensure that only the most qualified candidates were shortlisted for the key positions.
Secretarial,Professional Skills\Administrative Skills,Secrétariat,Clerical,Public,Secretarial means relating to or of the nature of secretaries or a secretary's work.,B1, The secretarial staff is responsible for organizing meetings and managing communications.,She has a secretarial role in the administrative department.,Investors carefully scrutinize the company’s financial reports and performance metrics before making informed decisions about potential investments.
Secretary,Professional Skills\Administrative Skills,Secrétaire,Clerk,Manager,"A secretary is a person employed by an individual or in an office to assist with correspondence, keep records, make appointments, and carry out similar tasks.",B1,The secretary arranged the schedule for the CEO’s upcoming meetings., The secretary organized all the meeting details for the team.,Optimizing content for popular search engines has helped the company improve its online visibility and attract more organic traffic to its website.
Select,Professional Skills\Administrative Skills,Sélectionner,Choose,Reject,To select means to carefully choose as being the best or most suitable.,B1,Please select the appropriate option from the drop-down menu.,You need to select the best candidate for the job.,The secluded location of the company’s remote office offers employees a quiet and focused environment away from the hustle and bustle of city life.
Selection,Professional Skills\Administrative Skills,Sélection,Choice,Rejection,A selection is the action or fact of carefully choosing someone or something as being the best or most suitable.,B1,The store offers a wide selection of products to choose from., The selection process was thorough and fair.,"The secretarial staff plays a crucial role in managing administrative tasks, scheduling meetings, and ensuring smooth communication within the organization."
selection,Professional Skills\Decision Making,sélection,choice,rejection,Selection is the action or process of carefully choosing someone or something as being the best or most suitable.,C,The selection process for the new position will include several rounds of interviews.,We made our selection from the available options.,The executive secretary’s attention to detail and organizational skills are invaluable in supporting the CEO’s day-to-day activities and maintaining efficient office operations.
Selective,Professional Skills\Administrative Skills,Sélectif,Discerning,Indiscriminate,Selective means characterized by careful selection of parts or components.,B1,The company is very selective in hiring new employees to ensure a high standard of quality.,He is selective about the projects he chooses to work on.,"The procurement team carefully selects suppliers based on criteria such as quality, reliability, and cost-effectiveness to ensure consistent product excellence."
selective,Professional Skills\Decision Making,sélectif,discriminating,indiscriminate,Selective means involving the selection of only the most suitable or desirable elements.,A,They were selective about the materials used in the construction to ensure durability.,The college has a selective admission process.,The wide selection of products available in the company’s catalog caters to diverse customer preferences and market demands.
Sell off,Business\Finance,Liquider / Vendre à perte,Liquidate,Buy,"To sell off means to dispose of assets or goods, often at a reduced price.",B1,The company decided to sell off its non-core assets to focus on its main business.,They decided to sell off some of their old equipment.,"The rigorous selection process employed by the multinational corporation involved multiple rounds of interviews, aptitude tests, and personality assessments to ensure only the most qualified candidates were chosen for the executive training program."
Seminar,Professional Skills\Training,Séminaire,Workshop,None,A seminar is a conference or other meeting for discussion or training.,B1,The team attended a seminar on the latest trends in digital marketing.,The seminar on digital marketing was very informative.,The company maintains a selective hiring process to attract top talent who align with its values and contribute to its culture of innovation.
Senior,Business\HR,Senior,Elder,Junior,Senior means of or for older or more experienced people.,B1,The senior management team met to discuss the company’s future strategy.,She is a senior executive with extensive experience in the field.,"The company adopted a selective approach in its acquisitions, focusing on targets that offered strategic synergies and long-term value creation."
Serious,Professional Skills\Customer Relationship Building,Sérieux,Grave,Frivolous,Serious means demanding or characterized by careful consideration or application.,B1,The company is facing serious challenges in the current economic climate.,The company is taking serious steps to address the issue.,"The startup's founders faced a dilemma when approached by a larger corporation with a buyout offer, weighing the financial benefits against the risk of selling out their vision and independence."
Service,Business\Service,Service,Maintenance,Neglect,Service is the action of helping or doing work for someone.,B1,The company offers excellent customer service to all its clients.,The customer service at the hotel was exceptional.,"The industry-leading experts were invited to speak at the annual seminar, sharing insights and best practices to empower attendees with actionable knowledge."
Session,Professional Skills\Meetings Skills; Practical and everyday life\Guide,Séance,Meeting,Break,A session is a period of time devoted to a particular activity or purpose.,B1,The training session will cover new software features and updates.,The training session will begin at 10 AM.,"The senior management team is responsible for setting strategic direction, fostering a culture of collaboration, and driving organizational growth."
Settle,Business\Finance; Business\Legal,Régler,Resolve,Agitate,"To settle means to resolve or reach an agreement on something, especially a dispute.",B1,The company agreed to settle the dispute out of court.,They need to settle the dispute before moving forward with the deal.,"Addressing cybersecurity threats is a serious priority for the IT department, which continuously monitors and updates systems to safeguard sensitive data."
Several,Professional Skills\Story Telling,Plusieurs,Many,Few,Several means more than two but not many.,B1, Several factors contributed to the success of the project.,Several employees attended the workshop.,"The company prides itself on delivering exceptional customer service, offering personalized support and timely resolution of inquiries and concerns."
Shape,Practical and everyday life\Guide,Forme,Form,Shapeless,Shape is the external form or appearance characteristic of someone or something; the outline of an area or figure.,B1,The team worked hard to shape the proposal to meet the client’s needs.,The new policy will shape the company’s future direction.,The intensive training session featured a rigorous curriculum tailored to equip executives with the requisite skills and strategic acumen necessary to navigate the complexities of global markets and drive sustainable growth.
Shares,Business\Finance,Actions,Equity,Debt,Shares or stock represent ownership in a company.,B1,The company issued new shares to raise capital for expansion.,He owns a significant number of shares in the company.,"After months of contentious negotiations, the multinational corporation finally managed to settle the protracted legal dispute out of court, thereby avoiding costly litigation and potential reputational damage."
Sharp,Practical and everyday life\Guide,Tranchant,Pointed,Blunt,Sharp means (of an object) having an edge or point that is able to cut or pierce something.,B1,The sharp increase in sales was a result of the successful marketing campaign.,The chef’s knife is incredibly sharp and efficient.,"The marketing campaign targeted several key demographics, resulting in increased brand awareness and customer engagement across diverse markets."
Shift,Business\HR,Changement,Change,Stability,"A shift is a slight change in position, direction, or tendency.",B1,The company is planning to shift its focus to the digital market.,She worked the night shift at the hospital.,The marketing team collaborates closely with product development to shape compelling messaging and positioning that resonates with target audiences.
Shine,Practical and everyday life\Well-being,Briller,Gleam,Dull,To shine means to give out a bright light.,B1,The employee’s dedication to the project made them shine among their peers.,The car will shine after it gets a thorough wash.,"Amidst market speculation and fluctuating stock prices, the technology giant announced a significant buyback program, aiming to repurchase shares and enhance shareholder value by reducing the outstanding share count."
Shipment,Business\Supply Chain,Expédition,Delivery,Retention,A shipment is a quantity of goods sent or received.,B1,The shipment of goods is expected to arrive by the end of the week.,The shipment is expected to arrive by next week.,The sales team’s sharp negotiation skills and market insights enable them to secure lucrative deals and maintain strong client relationships.
Shipping,Business\Supply Chain,Expédition,Delivery,Retention,Shipping is the commercial transport of goods.,B1,The company offers free shipping on all orders over $50.,The shipping costs were included in the final invoice.,The shift towards sustainable practices is driven by consumer demand for eco-friendly products and responsible corporate citizenship.
Shortage,Business\Supply Chain,Pénurie,Deficiency,Surplus,A shortage is a state or situation in which something needed cannot be obtained in sufficient amounts.,B1,The shortage of raw materials has delayed production.,There is a shortage of supplies due to high demand.,The company’s commitment to excellence and innovation continues to shine through its award-winning products and industry-leading initiatives.
Shuttle,Practical and everyday life\Transportation,Navette,Transporter,Stationary,"A shuttle is a form of transportation, typically one that travels regularly between two places.",B1,The hotel provides a shuttle service to and from the airport.,The hotel provides a shuttle service to the airport.,The timely shipment of goods is crucial to meeting customer expectations and maintaining a competitive edge in the global marketplace.
Sightseeing,Practical and everyday life\Travel,Visite,Touring,Residence,Sightseeing is the activity of visiting places of interest in a particular location.,B1,The company organized a sightseeing tour for the visiting clients.,They spent the day sightseeing around the city.,The logistics team optimized shipping routes and carrier partnerships to streamline operations and reduce transit times.
Sign up,Practical and everyday life\Guide; Professional Skills\Meetings Skills,S'inscrire,Register,Cancel,To sign up means to officially agree to participate in something or join a group.,B1,Employees are encouraged to sign up for the upcoming training sessions.,Please sign up for the workshop before the registration deadline.,The unexpected shortage of raw materials prompted the supply chain team to implement contingency plans and secure alternative suppliers.
Significant,Professional Skills\Story Telling,Significatif,Important,Insignificant,Significant means sufficiently great or important to be worthy of attention; noteworthy.,B1,The company made significant improvements to its customer service process.,The project had a significant impact on the company’s revenue.,"The employee shuttle service provides convenient transportation between office locations, promoting collaboration and efficiency among teams."
Simplify,Professional Skills\Project Management,Simplifier,Streamline,Complicate,To simplify means to make (something) simpler or easier to do or understand.,B1,The new software aims to simplify complex tasks for users.,We need to simplify the process to make it more efficient.,"The team took a break from meetings to enjoy sightseeing in the city, bonding over cultural experiences and building camaraderie."
Situation,Professional Skills\Story Telling,Situation,Circumstance,Solution,A situation is a set of circumstances in which one finds oneself; a state of affairs.,B1,The manager assessed the situation before making a decision.,The situation at the office has improved since the new management took over.,"Entrepreneurs were eager to sign up for the accelerator program, enticed by its promise to provide comprehensive mentorship, access to venture capital, and networking opportunities essential for scaling their innovative startups"
slave driver,Business\Management,maître d'esclaves,taskmaster,liberator,Slave driver means a person who makes others work very hard or who expects too much from them.,B,The team joked that their boss was a slave driver due to his high expectations.,"The boss was known as a slave driver, pushing employees to their limits.",The partnership with a major retailer resulted in a significant increase in sales and market penetration for the company’s products.
Slump,Business\Finance,Effondrement,Decline,Rise,"A slump is a sudden severe or prolonged fall in the price, value, or amount of something.",B1,The company experienced a slump in sales during the economic downturn.,The market experienced a slump during the economic downturn.,"Streamlining the checkout process on the e-commerce platform helped simplify the purchasing experience for customers, leading to higher conversion rates."
Software,Business\IT,Logiciel,Program,Hardware,Software is the programs and other operating information used by a computer.,B1,The IT department is responsible for maintaining all company software.,The company upgraded to the latest software for better performance.,"The crisis management team swiftly responded to the emergency situation, implementing a coordinated plan to mitigate risks and ensure employee safety."
Solar,Business\Technology,Solaire,Photovoltaic,Non-solar,"Solar means of, relating to, or determined by the sun.",B1,The company invested in solar energy to reduce its carbon footprint.,The new building features solar panels to reduce energy costs.,"Despite being recognized for high productivity, the manager was often criticized as a slave driver due to his relentless demands and strict management style."
Sold out,Industries\Retail,Épuisé,Out of stock,Available,Sold out means no longer available for purchase due to being completely bought by customers.,B1,The event was so popular that tickets sold out within hours.,The concert tickets were sold out within minutes.,"The sudden economic slump led to a sharp decline in consumer spending, compelling the company to reevaluate its sales strategy and explore new market opportunities."
Spacious,Practical and everyday life\Housing,Spacieux,Roomy,Cramped,Spacious means having ample space.,B1,"The new office space is spacious and well-lit, making it ideal for creative work.",The new office space is much more spacious than the old one.,"The integration of advanced software solutions into the company's operations streamlined workflow processes, improved data accuracy, and enhanced overall efficiency."
Spare part,Business\Supply Chain,Pièce de rechange,Replacement,Original part,A spare part is an extra component available to replace one that fails.,B1,The technician replaced the broken component with a spare part.,We need to order a spare part to fix the broken machine.,"The recent investment in solar energy technology has enabled the company to significantly reduce its carbon footprint and lower energy costs, aligning with its sustainability goals."
Spare time,Practical and everyday life\Leisure,Temps libre,Leisure time,Working time,Spare time is free time available for leisure activities.,B1,He likes to read business books in his spare time to stay informed.,"In his spare time, he enjoys reading and hiking.","The limited edition product launch exceeded expectations and sold out within hours of its release, underscoring strong consumer demand and prompting discussions on scaling production to meet ongoing market interest."
specialities,Professional Skills\Expertise,spécialités,specialties,generalities,Specialties are particular areas of expertise or special skills.,C,"The restaurant is known for its regional specialties, which attract food enthusiasts.",The restaurant is known for its specialities in Italian cuisine.,"The new office layout features spacious workstations and collaborative areas designed to foster creativity and productivity, reflecting the company’s commitment to a dynamic work environment."
Specialize,Business\Expertise,Se spécialiser,Focus,Generalize,To specialize means to concentrate on and become expert in a particular subject or skill.,B1,The firm decided to specialize in cybersecurity services to meet growing demand.,They specialize in creating custom software solutions.,"To minimize downtime and maintain operational efficiency, the manufacturing facility keeps an inventory of essential spare parts readily available for quick replacement and repairs."
Specialty,Business\Expertise,Spécialité,Specialism,Generalism,"A specialty is a pursuit, area of study, or skill to which someone has devoted much time and effort and in which they are expert.",B1,Their specialty is producing high-quality organic food products.,Her specialty is in financial analysis and reporting.,"Employees are encouraged to use their spare time to engage in professional development activities, such as attending workshops or pursuing additional certifications, to enhance their skills."
specific,Business\Marketing,spécifique,particular,general,Specific means clearly defined or identified.,B1,The client requested a specific design that meets their brand guidelines.,We need a specific type of software for this task.,"The consultancy firm’s diverse range of specialities, including market analysis, digital transformation, and operational optimization, positioned it as a leader in providing tailored solutions for complex business challenges."
Specification,Business\Manufacturing,Spécification,Requirement,Ambiguity,A specification is an act of describing or identifying something precisely or of stating a precise requirement.,B1,The product was built according to the customer’s exact specifications.,The product’s specification details its features and requirements.,"The firm has chosen to specialize in high-tech cybersecurity solutions, leveraging its deep expertise and innovative technologies to address complex security challenges faced by enterprises."
Specify,Business\Manufacturing,Spécifier,Designate,Generalize,To specify means to identify clearly and definitely.,B1,Please specify the exact date and time for the meeting.,Please specify the details of your request so we can assist you better.,The company’s specialty in bespoke software development has established it as a leader in creating customized solutions tailored to the unique needs of its clients.
Spectator,Practical and everyday life\Culture,Spectateur,Observer,Participant,"A spectator is a person who watches at a show, game, or other event.",B1,"The event attracted thousands of spectators, filling the stadium to capacity.",The spectators cheered loudly as the athletes crossed the finish line.,"The job description outlines specific qualifications and skills required for the position, helping to attract suitable candidates."
Stable,Business\Finance,Stable,Steady,Unstable,Stable means not likely to change or fail; firmly established.,B1,The company’s financial performance has remained stable despite market fluctuations.,The company’s financial situation has become stable after recent improvements.,The project specifications outlined in the contract detail the technical requirements and performance standards that must be met to ensure successful project delivery.
Stadium,Practical and everyday life\Culture,Stade,Arena,Residence,"A stadium is a place for outdoor sports or other events, typically surrounded by tiered seating for spectators.",B1,The new stadium will host major sporting events and concerts.,The stadium was packed with fans for the championship game.,"During the initial consultation, clients are asked to specify their unique needs and preferences, which helps the design team create a tailored solution that meets their exact requirements."
Staff,Business\HR,Personnel,Employees,Employer,Staff is the collective term for all the workers employed in a particular organization.,B1,The staff worked overtime to meet the project deadline.,The staff worked late to ensure the event went off without a hitch.,"The stadium's seating arrangement was meticulously planned to ensure that every spectator has an unobstructed view of the field, enhancing their overall event experience."
Stage,Professional Skills\Story Telling,Étape,Phase,Conclusion,Stage refers to a specific point or phase in a process or development.,B1,The project is currently in the planning stage.,The actors prepared for their performance on the stage.,"The company’s financial performance has remained stable over the past few years, thanks to its diversified portfolio and prudent risk management strategies."
Stapler,Practical and everyday life\Office,Agrafeuse,Fastener,Loose,A stapler is a device for fastening together sheets of paper with a staple or staples.,B1,The office stapler needs to be replaced because it’s no longer working properly.,She used the stapler to attach the documents together.,"The newly constructed stadium, equipped with state-of-the-art amenities and seating for thousands of fans, is expected to become a major venue for sports and entertainment events."
Stare,Practical and everyday life\Behavior,Fixer,Gaze,Look away,To stare means to look fixedly or vacantly at someone or something with one's eyes wide open.,B1,He couldn’t help but stare at the impressive presentation displayed on the screen.,He couldn’t help but stare at the beautiful artwork in the gallery.,"The dedicated staff members, from administrative support to senior executives, work collaboratively to drive the company’s mission and achieve its strategic objectives."
Starter,Business\Manufacturing,Démarreur,Beginning,Finisher,A starter is a person or thing that starts in a specified way.,B1,The company offers a starter package for new customers.,The restaurant’s menu includes a range of starters to choose from.,"The startup successfully secured funding to move to the next stage of development, focusing on scaling operations and expanding its customer base in preparation for future growth opportunities."
Statement,Business\Finance; Business\Communication,Déclaration,Declaration,Question,"A statement is a formal account of facts, views, or plans.",B1, The CEO issued a statement addressing the recent changes in the company.,She issued a statement regarding the company’s new policy.,"The office supplies inventory includes a high-quality stapler, essential for efficiently managing paperwork and ensuring that documents are neatly compiled and organized."
Stationery,Practical and everyday life\Office,Papeterie,Writing paper,Digital,Stationery is writing and other office materials.,B1,The company ordered new stationery with the updated logo.,The office supplies include various types of stationery.,"The design team was able to create a visually striking logo that makes a bold statement and captures the attention of potential clients, ensuring that the brand stands out."
stay,Business\HR,rester,change,leave,To stay means to remain in the same place or position; not move away.,B1,The team will stay late tonight to finish the report.,You should stay focused during the meeting to grasp all the details.,The new product line includes an entry-level starter kit designed to attract beginners and provide them with essential tools to get started in the industry.
Steep,Practical and everyday life\Guide,Raide,Sharp,Gentle,"Steep means (of a slope, flight of stairs, angle, ascent, etc.) rising or falling sharply; almost perpendicular.",B1,The company faced a steep decline in sales during the economic downturn.,The price of the new model is quite steep compared to the previous one.,"The auditors meticulously reviewed the financial statements of the conglomerate, highlighting discrepancies in revenue recognition practices that required further investigation to ensure compliance with accounting standards."
Step down,Business\HR,Démissionner / Se retirer,Quit,Stay,To resign means to voluntarily leave a job or position. To step down is to voluntarily relinquish a role or responsibility.,B1,The CEO announced his decision to step down at the end of the year.,He decided to step down from his role as CEO.,"The marketing department recently updated the company’s stationery, including letterheads and business cards, to reflect the new brand identity and enhance professional correspondence."
stick,Business\Manufacturing,bâton,rod,release,A stick is a thin piece of wood that is used for various purposes.,A,It’s important to stick to the budget to avoid overspending.,The label wouldn’t stick properly to the package.,"The board of directors decided to stay the course with their current strategic plan, believing that it will yield long-term benefits despite short-term challenges."
stock,Business\Finance,Actions,Equity,Debt,Shares or stock represent ownership in a company.,B1,The store needs to reorder stock as the shelves are nearly empty.,The store has a large stock of electronics.,The steep learning curve associated with the new software platform required comprehensive training sessions to ensure that all employees could effectively utilize its advanced features.
Stock,Business\Supply Chain,Stock,Inventory,Depletion,"Stock is a supply of goods kept on hand for sale to customers by a merchant, distributor, manufacturer, etc.",B1,The company’s stock price surged after the positive earnings report.,We need to check our stock before placing a new order.,"Despite facing mounting pressure from shareholders, the board of directors refused to accept the CFO's resignation, citing her invaluable contributions to the company"
stock ,Business\Supply Chain,stock,expand,shortage,Stock refers to goods kept on hand for sale or distribution.,B1,Please store these documents in the archive for future reference.,,"The marketing team decided to stick with the proven advertising campaign that had consistently delivered strong results, despite pressures to innovate."
store,Business\Retail,stocker,elaborate,deplete,"To store means to put away for future use, typically in a specified place.",B1,"The company’s annual meeting took place during stormy weather, affecting attendance.",We will store the seasonal items in the attic.,"Amidst market speculation and fluctuating stock prices, the technology giant announced a significant buyback program, aiming to repurchase shares and enhance shareholder value by reducing the outstanding share count."
stormy,Professional Skills\Interpersonal Skills,orageux,tempestuous,calm,"Stormy means characterized by strong winds, heavy rain, and often thunder and lightning.",A, Relations between the two departments have been strained due to recent disagreements.,"The weather was stormy, which caused the flight delays.","Effective inventory management practices are crucial for maintaining optimal stock levels, avoiding shortages, and ensuring that customer orders are fulfilled promptly."
strained,Professional Skills\Interpersonal Skills,tendu,tense,relaxed,Strained means not relaxed or friendly; tense or uneasy.,C,The company is focusing on strategic partnerships to expand its market reach.,The relationship became strained after the disagreement.,The retail store keeps a diverse stock of merchandise to meet varying customer preferences and demands.
Strategic,Business\Management,Stratégique,Tactical,Ineffective,Strategic means relating to the identification of long-term or overall aims and interests and the means of achieving them.,B1,The marketing team is developing a new strategy to attract younger customers.,The company’s strategic plan aims to enter new markets.,"The IT department ensures that all critical data is securely stored in cloud servers, providing easy access and robust protection against loss."
Strategy,Business\Management,Stratégie,Plan,Chaos,A strategy is a plan of action designed to achieve a long-term or overall aim.,B1,The company aims to streamline its operations to reduce costs and improve efficiency.,Our marketing strategy involves digital advertising and social media.,"The board meeting was characterized by stormy debates and heated disagreements over the future direction of the company, reflecting deep-seated divisions among the leadership team."
Streamline,Business\Management,Rationaliser,Simplify,Complicate,To streamline means to make (an organization or system) more efficient and effective by employing faster or simpler working methods.,B1,Workers went on strike to demand better working conditions.,We need to streamline our processes to improve efficiency.,"The relationship between the two departments became increasingly strained due to conflicting priorities, communication breakdowns, and a lack of collaborative effort, necessitating an intervention by senior management."
Strike,Business\Labor Relations,Grève,Protest,Agreement,"A strike is a refusal to work organized by a body of employees as a form of protest, typically in an attempt to gain a concession or concessions from their employer.",B1,The creative team worked late in the studio to finish the ad campaign.,The workers decided to strike to demand better working conditions.,"The strategic planning process involves setting long-term goals, analyzing market trends, and developing actionable plans to position the company for sustained success and growth."
Studio,Business\Creative Arts,Studio,Workshop,Audience,"A studio is a room where an artist, photographer, sculptor, etc., works.",B1,The company decided to subcontract part of the project to a specialized firm.,She works in a photography studio located downtown.,"The company’s growth strategy includes expanding into international markets, investing in technology, and enhancing customer engagement through targeted marketing initiatives."
Subcontract,Business\Supply Chain,,,,,,Please submit your expense reports by the end of the week.,The company decided to subcontract the IT services to a specialized firm.,"To streamline operations and improve efficiency, the company implemented a new project management system that integrates various tools and automates routine tasks."
Submit,Professional Skills\Administrative Skills,Soumettre,Present,Withhold,"To submit means to present (a proposal, application, or other document) to a person or body for consideration or judgment.",B1,Customers can subscribe to our newsletter for the latest updates and offers.,Please submit your application before the deadline.,"The unexpected strike by the workers disrupted production and led to delays, prompting the management to engage in negotiations to resolve the labor dispute and restore normal operations."
Subscribe,Business\Marketing,S'abonner,Enroll,Unsubscribe,"To subscribe means to arrange to receive something regularly, typically a publication, by paying in advance.",B1,The magazine offers a monthly subscription at a discounted rate.,You can subscribe to the newsletter for the latest updates.,"The design studio, equipped with cutting-edge software and creative resources, serves as the hub for developing innovative marketing materials and visual content."
Subscription,Business\Marketing,Abonnement,Membership,Cancellation,A subscription is the action of making or agreeing to make an advance payment in order to receive or participate in something.,B1,The company opened a new subsidiary to handle its international operations.,The magazine subscription includes monthly issues delivered to your door.,
Subsidiary,Business\Finance,Filiale,Branch,Parent,A subsidiary is a company controlled by a holding company.,B1,"To calculate the net profit, subtract all the expenses from the total revenue.",The firm acquired a new subsidiary to expand its market presence.,"All departments are required to submit their quarterly reports by the end of the month, providing insights into performance metrics and progress towards strategic objectives."
Subtract,Business\Finance; Practical and everyday life\Numbers and Dates,Déduire / Soustraire,Subtract,Add,"To deduct or subtract means to take away or remove something, especially money or value.",B1, I suggest we explore other options before making a final decision.,You need to subtract the expenses from the total revenue to find the profit.,"Customers can subscribe to the company’s newsletter to receive regular updates on product launches, industry news, and exclusive offers directly in their inbox."
Suggest,Professional Skills\Customer Relationship Building,Suggérer,Propose,Discourage,To suggest means to put forward for consideration.,B1, The consultant suggested several ways to improve operational efficiency.,I suggest we meet next week to discuss the proposal.,"The subscription-based model for the software provides users with continuous access to updates and new features, ensuring they always have the latest tools at their disposal."
suggested,Professional Skills\Communication,suggéré,proposed,discouraged,Suggested means put forward as an idea or possibility for consideration.,D,He was suggesting that we reconsider our marketing strategy.,The committee suggested several changes to the plan.,The multinational corporation established a new subsidiary in Asia to capitalize on emerging market opportunities and enhance its global presence.
suggesting,Professional Skills\Communication,suggérant,implying,discouraging,Suggesting means putting forward an idea or possibility for consideration.,B,Her suggestion to expand into new markets was well-received by the board.,His comments were suggesting a different approach to the project.,"The auditor's task was to ensure that every financial transaction was accounted for accurately, including any amounts that needed to be subtracted due to prior accounting errors."
Suggestion,Professional Skills\Customer Relationship Building,Suggestion,Proposal,Disapproval,A suggestion is an idea or plan put forward for consideration.,B1,The team appreciated the manager’s suggestion for improving workflow.,I have a suggestion for improving our customer service.,"During the brainstorming session, team members were encouraged to suggest innovative ideas and solutions that could address current challenges and drive future success."
suggestion,Professional Skills\Communication,suggestion,recommendation,opposition,A suggestion is an idea or plan put forward for consideration.,C,The results of the survey are suggestive of a need for product improvement.,The suggestion was well received by the team.,It was suggested that the company invest in renewable energy sources to reduce its carbon footprint and appeal to environmentally conscious consumers.
suggestive,Professional Skills\Communication,suggestif,evocative,subtle,Suggestive means tending to suggest an idea or thought without explicitly stating it.,A,The new policy must suit the needs of both employees and management.,The artwork was suggestive of the artist’s unique style.,The market analysis report is suggesting that there will be an increased demand for eco-friendly products in the coming years.
Suit,Business\Fashion,Convient,Fit,Misfit,Suit means to be appropriate or acceptable.,B1,The candidate’s suitability for the role was evident from the interview.,The new policy should suit the needs of all departments.,"The employee suggestion box encourages staff members to submit innovative suggestions for process improvement, fostering a culture of continuous innovation and efficiency."
Suitability,Business\HR,Adaptabilité,Appropriateness,Inappropriateness,"Suitability means the quality of being right or appropriate for a particular person, purpose, or situation.",B1,This software is suitable for small businesses looking to manage their finances.,The suitability of the candidate was assessed during the interview.,"The suggestion to diversify the product line was well-received by the board, leading to the development of several new offerings."
Suitable,Business\HR,Approprié,Appropriate,Inappropriate,"Suitable means right or appropriate for a particular person, purpose, or situation.",B1,The total sum of the contract was higher than initially estimated.,We need to find a suitable location for the event.,"The suggestive nature of the data pointed towards a potential shift in consumer behavior, prompting further investigation by the marketing team."
Sum,Business\Finance; Practical and everyday life\Numbers and Dates,Montant / Somme,Total,Part,Amount or sum refers to the total quantity or number.,B1,The manager will supervise the team to ensure the project stays on track.,The sum of the two numbers is thirty.,The tailored suit worn by the CEO at the annual shareholders' meeting exuded professionalism and underscored the importance of making a strong first impression.
Supervise,Business\Management,Superviser,Oversee,Neglect,"To supervise means to observe and direct the execution of (a task, project, or activity).",B1,The intern supervised the project under the guidance of the senior manager.,The manager will supervise the new employees during their training.,"The HR department assesses the suitability of candidates based on their skills, experience, and cultural fit with the organization’s values and mission."
supervised,Professional Skills\Management,supervisé,overseen,unsupervised,Supervised means under the watchful care of someone in authority.,C,She supervises a team of five analysts in the finance department.,The project was supervised by the senior engineers.,"After careful consideration, the project manager identified a suitable vendor who could meet the company's requirements for timely delivery and quality assurance."
supervises,Professional Skills\Management,supervise,manages,neglects,"Supervises means to oversee (a process, work, workers, etc.) during execution or performance.",D,The project was completed successfully under the supervision of an experienced team leader.,She supervises a team of marketing professionals.,The CFO reviewed the annual financial statements to ensure accuracy in reporting the substantial amount of revenue generated from international markets.
Supervision,Business\Management,Supervision,Oversight,Neglect,Supervision is the action of supervising someone or something.,B1,The supervisor conducted performance reviews for all team members.,The work requires constant supervision to ensure quality.,"The team lead is responsible for supervising daily operations, providing guidance to team members, and ensuring that tasks are completed according to schedule and standards."
supervision,Professional Skills\Management,supervision,oversight,neglect,Supervision is the action of overseeing or managing something.,A,The company is negotiating a new contract with its main supplier.,Regular supervision is necessary to maintain safety standards.,"The high-stakes project was meticulously supervised by the senior manager, who ensured that all tasks were completed with precision, on time, and within the allocated budget, thus mitigating potential risks."
Supervisor,Business\HR/ Education,Superviseur,Manager,Subordinate,A supervisor oversees and manages ,A2,"The demand for the product has outstripped supply, leading to shortages.",The supervisor is responsible for overseeing the team’s performance.,"The department head supervises multiple cross-functional teams, orchestrating their efforts to achieve the company’s strategic objectives and ensuring seamless collaboration and execution."
supervisor,Professional Skills\Management,superviseur,manager,subordinate,A supervisor is a person who supervises a person or activity.,B,The vendor will supply the necessary equipment for the event.,Your supervisor will provide feedback on your work.,"Close supervision of the manufacturing process is essential to maintain product quality and consistency, meeting customer expectations and regulatory requirements."
Supplier,Business\Supply Chain,Fournisseur,Provider,Consumer,A supplier is a person or organization that provides something needed such as a product or service.,B1,The price of goods is often determined by the balance of supply and demand.,We need to find a reliable supplier for our raw materials.,"Rigorous and proactive supervision is critical in ensuring that all team members remain aligned with project goals, adhere to established protocols, and maintain high standards of performance."
Supply,Business\Supply Chain,Fourniture,Provision,Shortage,Supply is a stock of a resource from which a person or place can be provided with the necessary amount of that resource.,B1,The company provides excellent technical support to its customers.,The company will supply the necessary equipment for the project.,"The supervisor's role extends beyond mere oversight; they orchestrate the intricate dance of departmental operations with finesse and strategic vision, ensuring that every employee has the opportunity to take part in high-profile projects."
supply,Business\Supply Chain,fournir,develop,demand,To supply means to provide (someone) with something needed or wanted.,B1,He has been a strong supporter of the company’s growth initiatives.,We need to supply the stores with new inventory.,"The supervisor provided detailed and constructive feedback to the team, addressing areas for improvement and recognizing individual achievements, thus fostering a culture of continuous improvement and excellence."
Supply and demand,Business\Economics,L'offre et la demande,market forces,oversupply,Supply and demand refers to the relationship between the availability of a commodity and the desire of purchasers for it.,B,The surrounding area has seen significant development in recent years.,The concept of supply and demand determines market prices.,"Building strong relationships with reliable suppliers is crucial for securing competitive pricing, timely delivery, and high-quality materials essential to production."
Support,Business\Customer Service,Soutien,Assistance,Oppose,Support is the action of providing assistance or encouragement to someone or something.,B1,The auditor found several suspicious transactions during the review.,We offer support to our clients throughout the entire process.,The procurement team monitors supply levels closely to prevent shortages and maintain adequate inventory to meet customer demand without overstocking.
Supporter,Business\Customer Service,Supporter,Advocate,Opponent,A supporter is a person who approves of and encourages someone or something.,B1,The switchboard operator directed the calls to the appropriate departments.,He is a dedicated supporter of the local sports team.,"The logistics department will supply all necessary materials to the production team, ensuring that manufacturing processes run smoothly."
Surrounding,Practical and everyday life\Culture,Environnant,Ambient,Distant,Surrounding means all around a particular place or thing.,B1,"The company took a systematic approach to address the issue, ensuring no details were overlooked.",The surrounding area was beautifully landscaped.,"The fundamental principles of supply and demand play a crucial role in determining market prices, influencing production decisions, and guiding investment strategies."
Suspicious,Business\Legal,Suspicieux,Distrustful,Trustworthy,Suspicious means having or showing a cautious distrust of someone or something.,B1,The company took out a loan to finance its expansion plans.,The sudden change in behavior was suspicious to the investigators.,The IT helpdesk provides round-the-clock support to resolve technical issues promptly and minimize disruption to business operations.
Switchboard,Business\IT,Standard téléphonique,Panel,Unconnected,A switchboard is a large electronic panel on which connections are made to facilitate telephone communications.,B1,Employees are encouraged to take part in the company’s volunteer programs.,The switchboard operator handles all incoming calls.,"The company's loyal customers are its biggest supporters, advocating for its products and services through positive reviews and word-of-mouth recommendations."
Systematic,Professional Skills\Project Management,Systématique,Methodical,Random,Systematic means done or acting according to a fixed plan or system; methodical.,B1,She was invited to take part in the roundtable discussion on industry trends.,We need a systematic approach to solve the issue efficiently.,"The new office location offers a picturesque view of the surrounding landscape, creating a pleasant and inspiring work environment for employees."
Take out,Business\Finance; Professional Skills\Story Telling,Retirer,Remove,Deposit,To take out or withdraw means to remove something from a particular place or position.,B1,The company’s board approved the takeover of a smaller competitor.,She decided to take out a loan for the new car.,The finance team flagged suspicious transactions for further investigation to prevent potential fraud and ensure compliance with regulatory requirements.
Take part in,Professional Skills\Team Building,Participer,Participate,Abstain,To take part in means to participate or join in an activity or event.,A2,The marketing campaign aims to target young professionals.,We encourage everyone to take part in the community event.,"The efficient switchboard system handles incoming calls seamlessly, directing them to the appropriate departments and ensuring smooth communication flow."
Take part in,Professional Skills\Team Building; Professional Skills\Meetings Skills,Participer à,Engage in,Opt out of,She decided to take part in the charity run to support a good cause.,B1,The new tax policy will have significant implications for small businesses.,He was eager to take part in the research study.,"The systematic approach to project management, including detailed planning and regular progress monitoring, ensures projects are completed on time and within budget."
Takeover,Business\Finance,Rachat,Acquisition,Sale,A takeover is the acquisition of control of a company by another.,B1,The company is seeking candidates with strong technical skills for the IT department.,The company announced a takeover of a smaller competitor.,"Concerns over liquidity prompted the manufacturing company to negotiate a revolving credit facility with its bank, allowing it to withdraw funds as needed to maintain operational continuity during economic downturns"
Target,Business\Marketing,Cible,Objective,Off-target,"A target is a person, object, or place selected as the aim of an attack.",B1,The technician repaired the malfunctioning equipment quickly.,Our marketing campaign aims to target young professionals.,"Employees eagerly vie for the opportunity to take part in high-profile projects, recognizing the invaluable experience and career advancement opportunities they offer, while the hotel prides itself on its ability to accommodate the diverse needs and preferences of its guests, offering personalized services tailored to individual tastes."
Tax,Business\Finance,Impôt,Levy,Rebate,"A tax is a compulsory contribution to state revenue, levied by the government on workers' income and business profits, or added to the cost of some goods, services, and transactions.",B1,His telling remark about the project’s challenges helped the team to reassess their strategy.,The tax return needs to be filed by the end of the month.,"To ensure accuracy, all team members must take part in the monthly reconciliation process, where the accounting entries are meticulously reviewed and verified."
Technical,Business\IT,Technique,Technological,Non-technical,"Technical means relating to a particular subject, art, or craft, or its techniques.",B1,The company hired temporary staff to handle the holiday rush.,The job requires technical expertise in computer systems.,The successful takeover of a smaller competitor expanded the company’s market share and strengthened its position as an industry leader.
Technician,Business\IT,Technicien,Engineer,Novice,A technician is a person employed to look after technical equipment or do practical work in a laboratory.,B1,The tenant signed a lease agreement for the commercial property.,The technician repaired the faulty equipment quickly.,"The marketing campaign was strategically designed to target millennials, leveraging digital channels and social media platforms to maximize reach and engagement."
telling,Professional Skills\Communication,révélation,revealing,concealing,Telling means having a strong or vivid effect; striking.,B,The company decided to terminate the contract due to non-compliance.,His expression was telling of his frustration.,The accounting department collaborates closely with tax advisors to ensure compliance with tax laws and optimize tax strategies to minimize liabilities.
Temporary,Business\HR,Temporaire,Interim,Permanent,Temporary means lasting for only a limited period of time; not permanent.,B1,The team faced terrible weather conditions during the site visit.,The temporary staff will assist during the busy season.,"The technical team conducted thorough testing to identify and resolve software bugs, ensuring a smooth user experience before product launch."
Tenant,Business\Real Estate,Locataire,Renter,Landlord,A tenant is a person who occupies land or property rented from a landlord.,B1,The sales team did a terrific job exceeding their quarterly targets.,The tenant is responsible for paying the rent on time.,"Skilled technicians are deployed onsite to perform maintenance and repairs, ensuring equipment uptime and minimizing downtime for production facilities."
Terminate,Business\HR,Mettre fin à,End,Continue,To terminate means to bring to an end.,B1,Managing the cash-flow of a company is critical to its financial health.,They decided to terminate the contract due to non-compliance.,The CEO's telling presentation at the annual shareholders' meeting highlighted the company’s achievements over the past year and outlined its ambitious future plans.
Terrible,Professional Skills\Customer Relationship Building,Terrible,Horrible,Wonderful,Terrible means extremely bad or serious.,B1,"The economic situation has improved, leading to increased consumer spending.", The service at the restaurant was terrible last night.,The company hired temporary staff during peak seasons to manage increased workload and maintain service levels without committing to long-term employment contracts.
Terrific,Professional Skills\Customer Relationship Building,Fantastique,Excellent,Terrible,Terrific means very good; excellent.,B1,The economic slowdown affected the company’s revenue in the last quarter.,The concert was terrific and exceeded everyone’s expectations.,"Negotiations with the new tenant for office space lease terms were finalized, marking a significant milestone in expanding the company’s presence in the city."
The cash-flow of a company,Business\Finance,Le flux de trésorerie d'une entreprise,cash flow,liquidity,The cash-flow of a company refers to the movement of money into and out of the business.,C,The Gross Domestic Product of the country grew by 3% last year.,Managing the cash-flow of a company is crucial for its sustainability.,The decision to terminate the contract with the underperforming supplier was made after extensive performance reviews and discussions with senior management.
The economic situation,Business\Economics,La situation économique,economic condition,prosperity,The economic situation refers to the overall health and performance of an economy.,A,The rise in household spending indicates increased consumer confidence.,The economic situation has improved over the past year.,"The public relations team worked tirelessly to mitigate the impact of the terrible customer service incident, issuing a formal apology and implementing corrective measures."
The economic slowdown,Business\Economics,Le ralentissement économique,economic downturn,economic boom,"The economic slowdown is a period of reduced economic activity, typically characterized by slowing GDP growth and rising unemployment.",A,The merger of two companies created a stronger entity in the market.,The economic slowdown affected many businesses negatively.,"The launch of the new product line exceeded expectations, receiving terrific feedback from customers and generating record-breaking sales figures."
The Gross Domestic Product,Business\Economics,Le Produit Intérieur Brut (PIB),GDP,GNP,The Gross Domestic Product is the total value of goods produced and services provided in a country during one year.,B,The short-term outlook for the industry remains uncertain.,The Gross Domestic Product is an important indicator of economic health.,"Effective management of the cash-flow of a company is paramount to ensuring operational stability, enabling timely payments to suppliers and preventing liquidity crises."
The household spending,Business\Economics,Les dépenses des ménages,consumer spending,saving,Household spending refers to the total amount of money spent by households on goods and services.,C,The company is focusing on the SMB market to drive growth in its software sales.,The household spending on groceries has increased recently.,"Given the current economic situation, characterized by fluctuating market conditions and geopolitical uncertainties, businesses must adopt agile strategies to navigate potential challenges."
The merger of two companies,Business\Mergers and Acquisitions,La fusion de deux entreprises,amalgamation,acquisition,The merger of two companies is the joining of two or more companies to form a single entity.,B,The theoretical framework provided a solid basis for the research.,The merger of two companies was announced last month.,"The global economic slowdown prompted businesses to reassess their growth strategies, focusing on cost optimization and market diversification to sustain profitability."
The short-term outlook,Business\Economics,Les perspectives à court terme,near-term forecast,long-term projection,The short-term outlook is an assessment of future conditions or trends over a relatively brief period.,A,His business theory has influenced many successful entrepreneurs.,The short-term outlook for the industry looks promising.,"The Gross Domestic Product saw a significant uptick, driven by robust industrial output, increased consumer spending, and favorable trade balances."
The SMB market,Business\Small and Medium Enterprises,Le marché des PME,small and medium-sized business market,corporate market,The SMB market refers to the market segment composed of small and medium-sized businesses.,B,The management’s strategic thinking led to the company’s rapid growth.,The SMB market has seen significant growth in recent years.,"Despite economic fluctuations, household spending remained resilient, underpinning the overall stability of the consumer market and driving retail growth."
Theoretical,Business\Academia,Théorique,Hypothetical,Practical,Theoretical means concerned with or involving the theory of a subject or area of study rather than its practical application.,B1,The team conducted a thorough analysis before making the final decision.,Theoretical models help us understand complex phenomena.,"The merger of two companies, each bringing unique strengths and market presence, created a formidable entity poised to dominate the industry."
Theory,Business\Academia,Théorie,Hypothesis,Fact,"A theory is a supposition or a system of ideas intended to explain something, especially one based on general principles independent of the thing to be explained.",B1,It’s important to keep your workspace tidy to maintain productivity.,The theory of relativity changed our understanding of physics.,"Despite uncertainties, the short-term outlook for the tech sector remains positive, driven by continuous innovation and strong consumer demand."
thinking,Professional Skills\Decision Making,pensée,consideration,disregard,Thinking is the process of considering or reasoning about something.,B,The manager gave the new hire a helpful tip on how to manage their workload.,His thinking process was analytical and thorough.,"The SMB market represents a significant growth opportunity, with numerous small and medium-sized enterprises seeking innovative solutions to enhance their operations and competitiveness."
Thorough,Professional Skills\Project Management,Approfondi,Comprehensive,Superficial,Thorough means complete with regard to every detail; not superficial or partial.,B1,The instructor took the time to break down the complex process into simple steps., The review was thorough and covered all aspects of the project.,"The theoretical framework provided valuable insights into consumer behavior, informing strategic decisions and marketing campaigns aimed at target audiences."
Tidy,Practical and everyday life\Organization,Ordonné,Neat,Messy,Tidy means arranged neatly and in order.,B1, The team worked hard to close the deal before the end of the quarter.,Please keep your workspace tidy and organized.,The economic theory of supply and demand guides pricing strategies and inventory management decisions to optimize profitability and customer satisfaction.
Tip,Practical and everyday life\Guide,Astuce,Hint,Confusion,A tip is a small but useful piece of practical advice.,B1,The analyst had to crunch the numbers to determine the project’s profitability.,Here’s a tip for saving money on groceries.,"The executive team engaged in strategic thinking, exploring innovative approaches and long-term opportunities to drive sustainable growth."
To break down,Business\Manufacturing,éclater,analyze,assemble,To break down means to separate into parts and examine them in detail.,B1,The company had to face several challenges during the product launch., We need to break down the project into manageable tasks.,"A thorough review of the project plan identified potential risks and dependencies, allowing the team to develop contingency plans and mitigate potential setbacks."
To close,Business\Operations,fermer,shut,open,To close means to bring to an end or conclusion.,B1,The team decided to focus on improving customer satisfaction.,The store will close at 8 PM tonight.,"Maintaining a tidy and organized workspace is essential for productivity and morale, reflecting the company’s commitment to a professional work environment."
To crunch,Business\Finance,broyer,compress,expand,To crunch means to process or analyze large amounts of data or information.,B1,The presentation will highlight the key benefits of the new product.,We need to crunch the numbers to finalize the budget.,The sales training workshop shared valuable tips and techniques for overcoming objections and closing deals effectively with prospective clients.
To face,Professional Skills\Challenge,faire face,confront,avoid,To face means to deal with (a problem or difficult situation).,B1,The company plans to implement new software to improve efficiency.,The team will face several challenges during the implementation phase.,The analyst was tasked with breaking down the quarterly financial report to identify key trends and areas for improvement.
To focus on,Professional Skills\Project Management,se concentrer sur,concentrate,distract,To focus on means to concentrate attention or energy on something.,B1,The company invested in training programs to improve employee skills.,We need to focus on improving customer satisfaction.,"Due to declining sales and increasing operational costs, the company decided to close several underperforming stores to optimize its resources."
To highlight,Professional Skills\Presentation Skills,mettre en évidence,emphasize,obscure,To highlight means to draw attention to or emphasize something important.,B1,The CEO’s goal is to make the company a leader in the industry.,The presentation will highlight the key findings of the research.,The data scientists were asked to crunch the numbers from the latest market research to derive actionable insights for the product development team.
To implement,Business\Operations,mettre en œuvre,apply,neglect,"To implement means to put (a decision, plan, agreement, etc.) into effect.",B1,The company’s strategy is to penetrate new markets in Asia.,We plan to implement the new strategy next quarter.,The company will need to face the challenges posed by new market entrants and adapt its strategies accordingly to maintain its competitive edge.
To improve,Business\Development,améliorer,enhance,worsen,To improve means to make or become better.,B1,,Our goal is to improve the overall quality of our services.,The new strategic plan will focus on expanding the company’s digital presence and enhancing its online customer experience.
To make,Business\Manufacturing,faire,organize,destroy,To make means to create or produce (something).,B1,,We need to make a decision by the end of the week.,The annual report highlights the company’s achievements and outlines future plans to sustain growth and innovation.
To penetrate,Business\Marketing,pénétrer,infiltrate,exit,To penetrate means to succeed in forcing a way into or through (a thing).,B1,,The company aims to penetrate the international market.,"The new software system will be implemented next month, streamlining workflow and improving data management across all departments."
To put forward,Professional Skills\Presentation Skills,avancer,propose,withdraw,To put forward means to suggest or propose (an idea or plan) for consideration.,B1,She decided to put forward a new proposal at the team meeting.,She decided to put forward a new proposal for the project.,The company has initiated a comprehensive training program to improve employee skills and enhance overall productivity.
To run,Business\Operations,diriger,manage,halt,To run means to be in charge of; control or administer.,B1,He was chosen to run the marketing campaign for the new product launch.,He will run the meeting in her absence.,"The team worked around the clock to make the product launch a success, ensuring every detail was meticulously planned and executed."
to say,Professional Skills\Communication,dire,state,refrain,To say means to express something in words; to utter.,B,It’s difficult to say how the market will react to the changes.,I have something important to say about the upcoming changes.,"The company aims to penetrate new international markets, leveraging its strong brand reputation and innovative products."
to speak,Professional Skills\Communication,parler,converse,be silent,To speak means to communicate verbally; to use words.,C,The CEO will speak at the conference about the company's future plans.,She will speak at the conference about recent developments in the field.,The marketing director plans to put forward a new campaign strategy designed to increase brand awareness and drive customer engagement.
to tell,Professional Skills\Communication,dire,inform,withhold,"To tell means to communicate information, facts, or news to someone in spoken or written words.",A,I need to tell you about the new policies that have been implemented.,I need to tell you about the new policy changes.,The operations team must run a series of tests to ensure that the new systems are fully integrated and functioning correctly before the official launch.
To weigh,Professional Skills\Decision Making,peser,consider,disregard,"To weigh means to consider carefully, especially by balancing opposing factors or aspects.",B1,We need to weigh the pros and cons before making a final decision.,We need to weigh the pros and cons before making a decision.,"It is prudent to say that the company's aggressive expansion strategy, while ambitious, requires meticulous execution and comprehensive risk management to ensure long-term success."
took off,Business\Operations,décollé,departed,landed,Took off means (of an aircraft or bird) to become airborne and leave the ground.,C,The company’s new product line really took off in the last quarter.,The flight took off on time despite the weather.,"When asked to speak at the industry conference, the CEO highlighted the importance of innovation and sustainable practices in driving future growth and maintaining competitive advantage."
Tour,Business\Travel,Visite,Excursion,Reside,A tour is a journey for pleasure in which several different places are visited.,B1,The executive tour of the manufacturing facility will start at 10 AM.,They went on a tour of the historic landmarks in the city.,"The CFO was called upon to tell the board about the financial implications of the recent strategic investments, detailing both the potential risks and anticipated returns."
Tourism,Business\Travel,Tourisme,Sightseeing,Residence,Tourism is the commercial organization and operation of vacations and visits to places of interest.,B1,The city relies heavily on tourism for its economic growth.,Tourism is a major industry in this country.,The management team must carefully weigh the potential risks and benefits before making a decision on the proposed merger.
Tourist,Business\Travel,Touriste,Visitor,Resident,A tourist is a person who is traveling or visiting a place for pleasure.,B1,The local attractions are popular with both tourists and residents.,The tourist attractions were crowded during the holiday season.,"The innovative marketing campaign took off beyond expectations, significantly boosting brand visibility and driving a surge in customer acquisition."
Towel,Practical and everyday life\Guide,Serviette,Cloth,Bare,A towel is a piece of thick absorbent cloth or paper used for drying oneself or wiping things clean.,B1,Please make sure to pack a towel for the business trip to the beach resort.,Please bring a towel if you plan to swim.,"The CEO led a tour of the company’s state-of-the-art manufacturing facility, showcasing technological advancements and operational excellence to visiting stakeholders."
Tower,Practical and everyday life\Buildings,Tour,Building,Valley,"A tower is a tall narrow building, either freestanding or forming part of a building such as a church or castle.",B1,The new office tower will be completed by the end of the year.,The tower provides a great view of the surrounding area.,"The city’s tourism industry has experienced a significant boost thanks to the recent marketing campaign, which highlighted its historical landmarks, cultural attractions, and vibrant local events."
Track,Business\Logistics,Piste,Trail,Off-track,"A track is a rough path or minor road, typically one beaten by use rather than constructed.",B1,The project manager will track the progress of the development team.,We need to track the progress of the project regularly.,"The influx of international tourists during the summer season has prompted local businesses to enhance their services and cater to diverse preferences, ensuring a memorable experience for visitors."
Trade,Business\Trade,Commerce,Business,Barter,Trade is the action of buying and selling goods and services.,B1,The company engages in international trade to expand its market reach.,International trade has expanded significantly over the years.,"The luxury hotel provides high-quality towels and other amenities to ensure that guests enjoy a comfortable and upscale stay, contributing to its reputation for excellent service."
Tradition,Practical and everyday life\Culture,Tradition,Custom,Modernity,"Tradition is the transmission of customs or beliefs from generation to generation, or the fact of being passed on in this way.",B1,It is a tradition to hold an annual company picnic for employees and their families.,It is a tradition to celebrate the festival with a big family dinner.,"The new corporate headquarters, designed as a sleek and modern tower, offers panoramic views of the city and serves as a symbol of the company's growth and ambition."
Traffic,Practical and everyday life\Transportation,Trafic,Congestion,Free-flowing,Traffic is vehicles moving on a road or public highway.,B1,Heavy traffic in the area caused a delay in the delivery schedule.,The traffic was heavy during rush hour.,"The project management software allows teams to track progress in real-time, ensuring that milestones are met and any potential delays are identified and addressed promptly."
Training,Professional Skills\Training,Formation,Instruction,Untrained,Training is the action of teaching a person or animal a particular skill or type of behavior.,B1,The new employees will undergo intensive training before starting their roles.,The new employees will undergo training for two weeks.,"The international trade agreement facilitated the exchange of goods and services between countries, opening up new markets and fostering economic growth on a global scale."
Transfer,Business\Logistics,Transfert,Move,Retention,A transfer is an act of moving something or someone to another place.,B1,He requested a transfer to the company’s branch in New York.,She requested a transfer to the marketing department.,The company’s commitment to upholding its long-standing tradition of excellence in craftsmanship has helped it maintain a loyal customer base and a prestigious reputation.
Transform,Professional Skills\Project Management,Transformer,Convert,Preserve,"To transform means to make a thorough or dramatic change in the form, appearance, or character of.",B1,The company aims to transform its operations through digital innovation.,The company aims to transform its operations through innovation.,The surge in online traffic following the website redesign highlighted the effectiveness of the new user interface and improved navigation in attracting and retaining visitors.
Transformation,Professional Skills\Project Management,Transformation,Change,Preservation,Transformation is a thorough or dramatic change in form or appearance.,B1,The transformation of the brand’s image has been well-received by customers.,The transformation of the old factory into a modern office space was impressive.,"The comprehensive training program, which includes hands-on workshops and interactive modules, is designed to equip employees with the skills and knowledge necessary for their roles."
Transit,Business\Transportation,Transit,Passage,Terminus,Transit is the action of passing through or across a place.,B1,Public transit options have improved significantly in the past year.,The transit system in the city is efficient and reliable.,The seamless transfer of data between systems was crucial in ensuring that the new software implementation did not disrupt ongoing operations or compromise data integrity.
Transportation,Business\Transportation,Transport,Conveyance,Stillness,"Transportation is the action of transporting someone or something, or the process of being transported.",B1,Efficient transportation is crucial for the timely delivery of goods.,Public transportation options are available throughout the city.,"The strategic initiatives implemented over the past year have successfully transformed the company’s operational model, resulting in enhanced efficiency and increased profitability."
Tremendous,Professional Skills\Story Telling,Énorme,Huge,Tiny,"Tremendous means very great in amount, scale, or intensity.",B1,The company experienced tremendous growth after launching its new product.,The team’s efforts resulted in a tremendous success.,The digital transformation journey involved overhauling outdated processes and adopting cutting-edge technologies to streamline operations and improve customer engagement.
Trend,Business\Marketing,Tendance,Fashion,Atypical,A trend is a general direction in which something is developing or changing.,B1,Keeping up with the latest trends is essential for staying competitive in the market.,There is a growing trend towards remote work.,"The city’s new transit system, featuring modern buses and efficient routes, aims to reduce congestion and provide residents with a reliable alternative to private transportation."
Trial,Business\Legal,Procès,Test,Assurance,"A trial is a formal examination of evidence before a judge, and typically before a jury, in order to decide guilt in a case of criminal or civil proceedings.",B1,The new software is currently in the trial phase before its official release.,The new drug is undergoing clinical trials.,"The logistics team coordinated transportation arrangements for the shipment of goods, ensuring timely delivery and adherence to international shipping regulations."
Triumph,Professional Skills\Story Telling,Triomphe,Victory,Failure,Triumph is a great victory or achievement.,B1,The project’s successful completion was a triumph for the entire team.,Winning the championship was a great triumph for the team.,"The tremendous growth in revenue following the product launch exceeded all projections, demonstrating the market’s strong demand and the effectiveness of the marketing strategy."
Trust,Business\Finance,Confiance,Faith,Distrust,"Trust is firm belief in the reliability, truth, ability, or strength of someone or something.",B1,Building trust with clients is vital for maintaining long-term business relationships.,Building trust with clients is crucial for long-term success.,The emerging trend towards remote work has prompted many companies to adopt flexible work arrangements and invest in technologies that support virtual collaboration and productivity.
Turnover,Business\Finance,Chiffre d'affaires,Revenue,Loss,"Turnover refers to the amount of business done in a particular period, typically in monetary terms.",B1,The company’s turnover increased significantly due to the new sales strategy.,The company experienced a high turnover rate last year.,The product trial phase involved gathering feedback from a select group of customers to refine features and address any issues before the official market release.
Turnover,Business\Finance,Rotation,Revenue,Static,Turnover is the amount of money taken by a business in a particular period.,B1,Employee turnover has decreased since the introduction of the new benefits package.,We need to analyze the turnover of our inventory.,"The company's latest acquisition was hailed as a major triumph, significantly expanding its market share and reinforcing its position as a leader in the industry."
Unconditional,Business\HR,Inconditionnel,Absolute,Conditional,Unconditional means not subject to any conditions.,B1,The contract includes an unconditional guarantee on all products.,The support from the community was unconditional and generous.,"Building and maintaining trust with clients is paramount, which is achieved through transparent communication, reliable service delivery, and a consistent track record of performance."
Understand,Professional Skills\Customer Relationship Building,Comprendre,Grasp,Misinterpret,"To understand means to perceive the intended meaning of (words, a language, or speaker).",B1,It’s important to understand the market dynamics before launching a new product.,It is important to understand the customer’s needs.,"The retail chain's aggressive marketing campaigns and strategic pricing adjustments led to a significant increase in turnover, surpassing market expectations and bolstering investor confidence."
Unfavorable,Business\Legal,Défavorable,Adverse,Favorable,Unfavorable means not expressing approval or support.,B1,The report highlighted several unfavorable market conditions.,The report showed unfavorable results for the new product.,The increase in employee turnover prompted a review of the company’s hiring practices and employee retention strategies to better align with workforce expectations and needs.
unfortunately,Professional Skills\Story Telling,malheureusement,regrettablement,luckily,Unfortunately means unhappily or sadly.,B1,"Unfortunately, the shipment was delayed due to unforeseen circumstances.","Unfortunately, we cannot accommodate your request at this time.","The contract includes an unconditional guarantee of quality, ensuring that the client receives a full refund or replacement if the product does not meet specified standards."
uniform,Practical and everyday life\Clothing,uniforme,consistent,diverse,A uniform is a set of standardized clothing.,B1,All employees are required to wear a uniform while on duty.,The employees are required to wear a uniform at work.,"To understand the nuances of consumer behavior, the marketing team conducts detailed surveys and data analysis, providing insights that drive targeted and effective campaigns."
unspoiled,Practical and everyday life\Environment,préservé,pristine,spoiled,Unspoiled means not damaged or altered.,B1,The resort is located in an unspoiled area of natural beauty.,The unspoiled beauty of the natural park was breathtaking.,"The unfavorable market conditions, including rising raw material costs and declining consumer spending, have led the company to revise its financial forecasts and strategy."
unwrap,Practical and everyday life\Packaging,déballer,open,wrap,To unwrap means to remove the covering from something.,B1,Please unwrap the package carefully to avoid damaging the contents.,She excitedly began to unwrap her birthday gift.,"Unfortunately, the project was delayed due to unforeseen supply chain disruptions, necessitating a revised timeline and additional resources to mitigate the impact."
upcoming,Professional Skills\Project Management,à venir,forthcoming,past,Upcoming means happening soon.,B1,The upcoming conference will provide valuable networking opportunities.,The upcoming conference will feature several prominent speakers.,"The company implemented a new uniform policy to ensure that all employees present a consistent and professional appearance, reinforcing the brand’s image and standards."
update,Business\IT,mise à jour,upgrade,outdated,An update is the latest information or news.,B1,The IT department will update the software to improve security.,We need to update the software to the latest version.,"The resort's location in an unspoiled natural environment offers guests a unique opportunity to experience tranquility and scenic beauty, away from the hustle and bustle of urban life."
upgrade,Business\IT,améliorer,improve,downgrade,To upgrade means to improve the quality or functionality of something.,B1,We plan to upgrade our facilities to accommodate the growing team.,The company plans to upgrade its IT infrastructure this year.,"At the product launch event, attendees were eager to unwrap the new device, which had been kept confidential until the moment of its grand reveal."
Upmarket,Industries\Retail,Bas de gamme/Haut de gamme,Economy,Luxury,"Downmarket refers to products or services aimed at a less affluent market, while upmarket refers to those targeting a more affluent market.",B1,The new product is targeted at the upmarket segment of consumers.,They moved to an upmarket neighborhood with better amenities.,"The upcoming annual conference will feature keynote speakers from various industries, offering valuable insights and networking opportunities for all participants."
upset,Professional Skills\Customer Relationship Building,contrarié,disturbed,calm,"Upset means unhappy, worried, or angry.",B1,The unexpected news upset the planned schedule for the project.,The sudden change in plans left everyone upset.,"The IT department is scheduled to perform a major system update this weekend, which will include enhancements to security protocols and software features to improve functionality."
upstairs,Practical and everyday life\Buildings,à l'étage,upper,downstairs,Upstairs refers to a higher level in a building.,B1,The meeting will be held upstairs in the conference room.,The meeting will be held in the conference room upstairs.,"The recent upgrade to the company’s CRM system has streamlined customer interactions, provided better data analysis capabilities, and enhanced overall service efficiency."
utility bill,Practical and everyday life\Finance,facture d'électricité,service bill,,A utility bill is a bill for services such as electricity or water.,B1,The company’s utility bill has increased due to higher energy consumption.,Don’t forget to pay the utility bill by the due date.,"The decision to introduce a downmarket product line was met with skepticism from investors, who questioned its potential impact on the brand's premium image and profitability."
utmost,Professional Skills\Story Telling,maximum,maximum,minimum,Utmost means of the greatest or highest degree.,B1,The team exercised the utmost care in handling the sensitive data.,We will handle your request with the utmost care.,"The unexpected resignation of the project leader caused considerable upset within the team, necessitating immediate action to reassign responsibilities and ensure continuity."
utterly,Professional Skills\Story Telling,totalement,completely,partially,Utterly means completely or to the fullest extent.,B1,"The project was utterly successful, exceeding all expectations.",The result was utterly disappointing despite our efforts.,"The new office layout includes a dedicated meeting space located upstairs, designed to provide a quiet and focused environment for important discussions and presentations."
vacancy,Business\HR,vacance,emptiness,occupation,Vacancy refers to a position or place that is unfilled or unoccupied.,B1,There is a vacancy in the accounting department that needs to be filled.,There is a vacancy for a marketing manager in our department.,The finance team is currently reviewing the monthly utility bill to identify any discrepancies and ensure that all expenses are accurately accounted for in the budget.
vacant,Business\Real Estate,vacant,empty,occupied,"Vacant means not filled, used, or lived in.",B1,The vacant office space will be leased to a new tenant soon.,The office space is still vacant and available for rent.,The project requires the utmost attention to detail and precision to meet the high standards set by the client and ensure the successful delivery of the final product.
vacation,Business\Travel,vacances,holiday,work,Vacation is a period of time spent away from home or work for rest or recreation.,B1,Employees are encouraged to take a vacation to recharge and avoid burnout.,They went on a vacation to the Caribbean for two weeks.,"The management team was utterly impressed with the innovative solutions presented by the development team, which promised to revolutionize the company’s product offerings."
vaccination,Practical and everyday life\Health,vaccination,immunization,infection,Vaccination is the administration of a vaccine to stimulate the immune system against diseases.,B1,The company provides vaccination services to ensure employee health.,The vaccination is required before starting the new job.,"The recent vacancy in the senior management team was filled through a comprehensive search process, ensuring that the new hire possessed the necessary expertise and leadership qualities."
validating,Professional Skills\Performance Evaluation,validation,confirming,invalidating,Validating means to confirm or prove the accuracy or validity of something.,B,The process of validating the data is crucial for accurate reporting.,Validating the results is crucial before publishing the report.,"The company is currently seeking a suitable tenant for the vacant office space, which offers modern amenities and prime location advantages for potential businesses."
valuable,Business\Finance,précieux,useful,worthless,Valuable means worth a great deal of money; expensive or precious.,C,The insights from the market research proved to be highly valuable.,The information you provided was extremely valuable.,"Employees are encouraged to take regular vacations to recharge and maintain a healthy work-life balance, ultimately contributing to sustained productivity and job satisfaction."
valuables,Practical and everyday life\Safety,objets de valeur,precious items,worthless items,Valuables are items that are worth a lot of money or are very important to someone.,B1,Please keep your valuables secure while at the conference.,Keep your valuables safe while traveling.,"The company has implemented a vaccination policy to ensure the health and safety of employees, requiring proof of vaccination for those working in high-contact environments."
valuing,Business\Finance,évaluation,appraisal,undervaluing,Valuing is the process of assessing the worth or importance of something.,C,Valuing employee feedback is essential for improving workplace culture.,Valuing employees is key to maintaining a positive work environment.,"The successful pilot project played a crucial role in validating the feasibility and scalability of the new business model, paving the way for a full-scale rollout."
varied,Professional Skills\Story Telling,varié,diverse,uniform,Varied means having many different types or forms.,B1,The company’s product line is varied to cater to different customer needs.,The menu offers a varied selection of dishes.,"The strategic partnership with the leading tech firm proved to be valuable, enhancing the company’s technological capabilities and market reach."
variety,Business\Marketing,variété,diversity,uniformity,Variety is the quality or state of having different forms or types.,B1,The store offers a wide variety of products to choose from.,The store carries a wide variety of products.,"The high-security vault is designed to safeguard valuable assets, including precious metals and confidential documents, ensuring their protection against theft and damage."
various,Business\Marketing,divers,different,identical,Various means many different kinds of.,B1,We have conducted surveys with various customer segments to gather insights.,We have received various proposals for the project.,"The process of valuing the company's intangible assets, such as its brand reputation and intellectual property, was complex and required the expertise of specialized financial analysts."
vendor,Business\Supply Chain,vendeur,seller,buyer,A vendor is a person or company that sells goods or services.,B1,The vendor will deliver the supplies by the end of the week.,The vendor delivered the supplies on time.,"The company offers a varied range of products and services, catering to diverse customer needs and preferences, which helps to attract a broad market audience."
venture,Business\Startups,entreprise,project,safety,A venture is a risky or daring journey or undertaking.,B1,The company is exploring a new venture into the tech industry.,They are excited about their new business venture.,"The new product line includes a variety of options, allowing customers to choose from different sizes, colors, and features to suit their individual requirements."
venue,Business\Event Planning,lieu,location,departure,A venue is the place where an event or activity happens.,B1,The seminar will be held at a downtown venue with ample space.,The wedding reception will be held at a beautiful outdoor venue.,"The annual report highlights various achievements across departments, showcasing how each team contributed to the company’s overall success and growth."
vindicating,Professional Skills\Problem Solving,justifier,exonerating,incriminating,Vindicating means to clear (someone) of blame or suspicion; to justify or prove to be right.,A,The successful outcome of the trial was vindicating for the legal team.,The evidence was vindicating for the accused party.,The procurement department negotiated a long-term contract with a reliable vendor to ensure consistent quality and timely delivery of raw materials needed for production.
virus,Business\IT,virus,infection,antivirus,A virus is a microscopic organism that replicates inside the cells of living hosts.,B1,The company implemented new security measures to protect against computer viruses.,"The virus has spread rapidly, causing widespread concern.","The company decided to enter a new venture in the renewable energy sector, aiming to leverage emerging technologies and capitalize on growing environmental concerns."
vital,Professional Skills\Story Telling,vital,essential,nonessential,Vital means absolutely necessary or important.,B1,Communication is vital for the success of any project.,It is vital to follow the safety guidelines.,"The conference will be held at an expansive venue equipped with state-of-the-art facilities, providing ample space for sessions, networking, and exhibitions."
wage,Business\Finance,salaire,salary,unpaid,"Wage is payment for work, usually calculated on a per-hour basis.",B1,The employees’ wages are reviewed annually to ensure competitiveness.,The wage offered for the job is competitive with industry standards.,The substantial increase in market share vindicated the CEO's decision to pivot the company’s strategy towards digital transformation and innovative product development.
walkway,Practical and everyday life\Transportation,allée,pathway,obstacle,A walkway is a path or passage for walking along.,B1,The new walkway in the office provides a more efficient route between departments.,The walkway was lined with flowers for the garden tour.,"The IT team acted swiftly to address the malware virus that had infiltrated the network, implementing security measures to prevent further breaches and protect sensitive information"
warehouse,Business\Logistics,entrepôt,storage,showroom,A warehouse is a large building where raw materials or manufactured goods may be stored.,B1,The warehouse is stocked with inventory ready for distribution.,The goods are stored in the warehouse until they are shipped.,"Effective communication is vital to the success of any project, as it ensures that all team members are aligned with the objectives and deadlines."
warming,Business\Climate,réchauffement,heating,cooling,Warming means becoming or making warm; heating.,A,The company is taking steps to address global warming by reducing its carbon footprint.,The warming weather indicates that spring is near.,The HR department conducted a comprehensive review of industry wage standards to ensure that the company’s compensation packages remain competitive and attractive to potential employees.
warn,Business\Legal,avertir,caution,reassure,"To warn means to inform someone in advance of a possible danger, problem, or other unpleasant situation.",B1,The supervisor will warn employees about upcoming changes in company policy.,They need to warn employees about the upcoming changes.,The new office building features a well-designed walkway that provides easy access to different departments while enhancing the aesthetic appeal of the workplace.
warning,Business\Legal,avertissement,caution,reassurance,"A warning is a statement or event that indicates a possible or impending danger, problem, or other unpleasant situation.",B1,The warning signs were clearly posted to ensure safety.,The warning signs were clearly posted around the area.,"The logistics team oversees the operations of the warehouse, managing inventory levels and coordinating the distribution of goods to ensure timely fulfillment of customer orders."
warrant,Business\Legal,mandat,authorization,prohibition,"A warrant is a document issued by a legal or government authority authorizing the police or another body to make an arrest, search premises, or carry out some other action relating to the administration of justice.",B1,The warranty covers any defects in the product for one year.,The police obtained a warrant to search the premises.,"As the market began warming to the new product, sales figures improved significantly, validating the marketing team’s targeted promotional efforts."
warranty,Business\Legal,garantie,guarantee,uncertainty,"A warranty is a written guarantee issued to the purchaser of an article by its manufacturer, promising to repair or replace it if necessary within a specified period of time.",B1,The warranty policy guarantees repairs for any manufacturing defects.,The warranty covers any defects in the product for one year.,"The safety officer issued a warning about potential hazards in the manufacturing area, advising employees to adhere to safety protocols and wear protective gear."
wastage,Business\Finance,gaspillage,loss,conservation,"Wastage is the action or process of losing or destroying something, usually through negligence or inefficiency.",B1,The company is working to reduce wastage in the production process.,Reducing wastage is essential for improving efficiency.,A warning sign was posted at the entrance of the construction site to alert visitors of potential risks and ensure compliance with safety regulations.
waterproof,Practical and everyday life\Products,imperméable,water-resistant,permeable,Waterproof means not allowing water to pass through.,B1,The new packaging is waterproof to protect the contents during shipping.,"The jacket is waterproof, making it ideal for rainy weather.",The company issued a warrant for a full audit of the financial statements to address discrepancies and ensure transparency in its accounting practices.
wealth,Business\Finance,richesse,prosperity,poverty,Wealth is an abundance of valuable possessions or money.,B1, The company’s wealth of experience in the industry is a key asset.,His wealth comes from successful investments and business ventures.,"The product comes with a comprehensive warranty that covers defects and malfunctions for a specified period, providing customers with peace of mind and assurance of quality."
website,Business\IT,site web,web page,print,A website is a set of related web pages served from a single web domain.,B1, The company’s website has been redesigned for a better user experience., The company’s website is regularly updated with new content.,"The production team implemented measures to minimize material wastage, optimizing processes and reducing costs while enhancing overall efficiency."
weight,Practical and everyday life\Health,poids,mass,weightlessness,Weight is the force exerted on an object due to gravity.,B1, The weight of the shipment affects the cost of transportation.,The weight of the package is important for calculating shipping costs.,"The new range of outdoor equipment features waterproof technology, ensuring that it performs reliably in various weather conditions and extends its lifespan."
welfare,Business\HR,bien-être,well-being,neglect,"Welfare is the health, happiness, and fortunes of a person or group.",B1,The company provides welfare programs to support employees’ well-being.,The organization is dedicated to the welfare of underprivileged children.,"The company’s strategic investments and prudent financial management have significantly contributed to its accumulated wealth, positioning it for sustained growth and stability."
wholesale,Business\Sales,vente en gros,bulk,retail,Wholesale refers to the sale of goods in large quantities at low prices to be retailed by others.,B1,The retailer purchases goods at wholesale prices to resell at a profit.,They purchase products at wholesale prices to save money.,"The redesigned website features an intuitive user interface and enhanced functionality, providing customers with a seamless online shopping experience and easy access to information."
win,Business\Sales,gagner,triumph,lose,To win means to be successful or victorious in a contest or competition.,B1,The team worked hard to win the contract against strong competition.,They managed to win the contract despite stiff competition.,The shipping department carefully monitors the weight of packages to ensure compliance with carrier regulations and optimize logistics costs.
Withdraw,Business\Finance,Retirer,Remove,Deposit,To take out or withdraw means to remove something from a particular place or position.,B1,He decided to withdraw his application after receiving another offer.,He decided to withdraw from the competition due to health reasons.,"The company’s employee welfare program includes health benefits, mental wellness initiatives, and support services aimed at enhancing overall well-being and job satisfaction."
withdraw,Business\Finance,retirer,remove,deposit,"To withdraw means to take or move out or back, especially from a place or position of deposit or investment.",B1,The company will withdraw from the partnership due to conflicting interests.,You can withdraw cash from the ATM at any time.,"The business model focuses on wholesale distribution, offering bulk purchasing options to retailers and achieving economies of scale in production and supply."
withdrawal,Business\Finance,retrait,removal,deposit,"A withdrawal is the action of taking something out, especially money from a bank account.",B1,The withdrawal of the investment will be processed next week., The withdrawal of troops from the region was completed successfully.,"The company’s innovative marketing campaign resulted in a significant win, securing a major contract with a high-profile client and enhancing its market position."
without a hitch,Professional Skills\Project Management,sans accroc,smoothly,roughly,Without a hitch means without any problems or interruptions.,C,The event went off without a hitch thanks to meticulous planning.,The event went off without a hitch thanks to careful planning.,"Concerns over liquidity prompted the manufacturing company to negotiate a revolving credit facility with its bank, allowing it to withdraw funds as needed to maintain operational continuity during economic downturns"
wood,Business\Manufacturing,bois,timber,metal,Wood is the hard fibrous material that forms the main substance of the trunk or branches of a tree or shrub.,B, The furniture is crafted from high-quality wood to ensure durability.,The chair is made of high-quality wood.,The financial advisor advised the client to withdraw a portion of their investments to take advantage of a lucrative opportunity in the real estate market.
workplace,Business\HR,lieu de travail,office,home,"A workplace is a location where someone works, such as an office, factory, or shop.",B1, The workplace environment is designed to be both productive and comfortable.,The workplace environment is conducive to productivity.,The unexpected withdrawal of a key investor necessitated a quick reassessment of the project’s funding strategy and a search for alternative financial sources.
workshop,Business\Training,atelier,studio,office,A workshop is a room or building where goods are manufactured or repaired.,B1,The team attended a workshop on leadership development.,The workshop provided valuable skills for personal development.,"Thanks to careful planning and robust project management, the new product launch went off without a hitch, meeting all targets and exceeding sales projections."
worth,Business\Finance,valeur,value,worthlessness,Worth is the level at which someone or something deserves to be valued or rated.,B1,The new software is worth the investment due to its advanced features.,The painting is worth a substantial amount of money.,"The company's sustainable product line, made from reclaimed wood and eco-friendly materials, resonated with environmentally conscious consumers."
worthless,Business\Finance,sans valeur,valueless,valuable,Worthless means having no real value or use.,B1,The outdated equipment was deemed worthless and was disposed of.,The old computer was deemed worthless and recycled.,"The company is committed to creating a positive and inclusive workplace environment, promoting collaboration, diversity, and employee satisfaction through various initiatives."
wrap,Practical and everyday life\Packaging,envelopper,cover,unwrap,To wrap means to cover or enclose something in paper or soft material.,B1,Please wrap the gifts carefully before sending them out.,She used wrapping paper to wrap the gift.,"The training workshop provided employees with hands-on experience and practical skills, helping them to apply theoretical knowledge to real-world scenarios."
Write off,Business\Finance; Business\Legal,Radié,Cancel,Approve,To write off means to cancel a debt or financial obligation.,B1,The company decided to write off the bad debt as uncollectible.,Write off: The company decided to write off the bad debt as uncollectible.,"The valuation report assessed the worth of the company’s assets and intellectual property, providing a clear picture of its financial health and market value."
X-ray,Practical and everyday life\Health,radiographie,scan,flesh,An X-ray is a form of electromagnetic radiation used for medical imaging.,B1, An X-ray of the equipment revealed a critical flaw that needed addressing.,The doctor ordered an X-ray to examine the injury.,"The obsolete equipment was deemed worthless for production purposes, prompting the management to dispose of it and invest in more advanced machinery."
yearly,Business\Finance,annuel,annual,monthly,Yearly means happening or done once in a year.,B1,The company conducts yearly performance reviews for all employees.,The company conducts a yearly performance review for all employees.,"The marketing team decided to wrap up the promotional campaign with a final event, celebrating its success and engaging with customers to gather feedback for future initiatives."
Yield,Business\Finance,Rendement,Profit,Loss,Yield refers to the amount of profit or income produced by an investment or business activity.,B1,The new marketing strategy is expected to yield significant returns.,The new investment is expected to yield high returns.,"The telecommunications company decided to write off its investment in the failed satellite project, acknowledging the irrecoverable nature of the losses incurred and reallocating resources to more promising ventures."
yield,Business\Finance,produire,generate,withhold,"Yield means to produce or provide (a natural, agricultural, or industrial product).",B1,The investment yielded a high return over the last five years.,The farm’s yield this season was significantly higher than last year.,"The new security protocol mandates that all incoming packages are subjected to an X-ray scan to detect any prohibited items, ensuring the safety and integrity of the workplace."
youth,Professional Skills\Story Telling,jeunesse,adolescence,old age,"Youth refers to the time of life when one is young, especially the period between childhood and adulthood.",B1,Youth: The company sponsors programs that support youth entrepreneurship.,The program is designed to engage and support the youth in the community.,"The company's yearly financial report highlighted significant growth in revenue, attributed to successful product launches and strategic market expansions."
zero,Business\Finance,zéro,none,many,Zero is the numerical value representing the absence of any quantity or magnitude.,B1,he project budget was set at zero cost due to sponsorships.,The balance in the account dropped to zero after the final withdrawal.,"The bond portfolio's diversified strategy focused on high-yield corporate bonds, aiming to maximize returns while managing risk in the current low-interest-rate environment."
zone,Business\Geography,zone,area,unlimited area,"A zone is an area or stretch of land having a particular characteristic, purpose, or use.",B1,new zoning regulations will affect the company’s expansion plans.,The city is divided into different zoning areas for planning purposes.,The investment in advanced machinery is expected to yield substantial returns by increasing production efficiency and reducing operational costs.