Numero,Mot,example sentence (facile),Corrected Sentence
1, Bankrupt,"After several years of financial struggles, the company finally went bankrupt. / The police raided the illegal gambling den and busted the operation.","After several years of financial struggles, the company finally went bankrupt. / The police raided the illegal gambling den and busted the operation."
2,bearish market,The bearish market led to widespread selling of stocks.,The bearish market led to widespread selling of stocks.
3,bullish market,Investors are optimistic about the future prospects in the bullish market.,Investors are optimistic about the future prospects in the bullish market.
4,cautious forecast,The company's cautious forecast reflected uncertainty in the market.,The company's cautious forecast reflected uncertainty in the market.
5,lasting upturn,The economy experienced a lasting upturn after several years of stagnation.,The economy experienced a lasting upturn after several years of stagnation.
6, lease,They signed a lease for the office space for five years.,They signed a lease for the office space for five years.
7,rent,The monthly rent for the apartment was due on the first of each month.,The monthly rent for the apartment was due on the first of each month.
8, risky decision,Investing in the volatile stock market is a risky decision.,Investing in the volatile stock market is a risky decision.
9,share,He owns shares in several technology companies.,He owns shares in several technology companies. (Ajout de 'share')
10,subsidized sector,The government invested in renewable energy as part of its efforts to support the subsidized sector.,The government invested in renewable energy as part of its efforts to support the subsidized sector.
11,temporary fall ,The company experienced a temporary fall in turnover due to the economic downturn.,The company experienced a temporary fall in turnover due to the economic downturn.
12, trade imbalance,The trade imbalance widened due to increased imports of foreign goods.,The trade imbalance widened due to increased imports of foreign goods.
13, turn-key project,They hired a contractor to handle the turn-key project from start to finish.,They hired a contractor to handle the turn-key project from start to finish.
14,Ability,His ability to learn quickly impressed the teacher.,His ability to learn quickly impressed the teacher.
15,Abroad,She's studying abroad for a semester.,She's studying abroad for a semester.
16,Absolutely,I absolutely agree with your assessment.,I absolutely agree with your assessment.
17,Accept,The company will accept applications until the end of the month.,The company will accept applications until the end of the month.
18,Access,Employees have access to the building using their ID cards.,Employees have access to the building using their ID cards.
19,Accessible,The new website is more accessible for users with disabilities.,The new website is more accessible for users with disabilities.
20,Accident,"I'm sorry, but the delay was caused by an accident on the road.","I'm sorry, but the delay was caused by an accident on the road."
21,Accommodate,The hotel can accommodate up to 200 guests.,The hotel can accommodate up to 200 guests.
22,Accommodation,The accommodation for the trip was arranged in advance.,The accommodation for the trip was arranged in advance.
23,Accomplish,"With hard work, you can accomplish anything you set your mind to.","With hard work, you can accomplish anything you set your mind to."
24,Accomplishment,Graduating from university was her greatest accomplishment.,Graduating from university was her greatest accomplishment.
25,According,"According to the schedule, the meeting starts at 10 AM.","According to the schedule, the meeting starts at 10 AM."
26,Accordingly,We've adjusted our plans accordingly.,We've adjusted our plans accordingly.
27,Account for,Can you account for all the missing inventory?,Can you account for all the missing inventory?
28,Accounting,She has a degree in accounting and works for a large firm.,She has a degree in accounting and works for a large firm.
29,Accurate,The measurements need to be accurate for the experiment to succeed.,The measurements need to be accurate for the experiment to succeed.
30,Achieve,"With determination, you can achieve your goals.","With determination, you can achieve your goals."
31,acknowledge ,She acknowledged her mistake and apologized.,She acknowledged her mistake and apologized. (Ajout de 'acknowledge ')
32,Acquire,The company plans to acquire several smaller firms.,The company plans to acquire several smaller firms.
33,Act,He'll act as the mediator in the negotiation.,He'll act as the mediator in the negotiation.
34,Actually,"Actually, I wasn't aware of the changes","Actually, I wasn't aware of the changes"
35,Adapt,You need to adapt to different working environments.,You need to adapt to different working environments.
36,Adapter,The adapter allows you to connect different devices.,The adapter allows you to connect different devices.
37,Add up,I need to add up all the expenses to see if we stayed within the budget.,I need to add up all the expenses to see if we stayed within the budget.
38,Additional,We've made some additional changes to the plan.,We've made some additional changes to the plan.
39,Address,The mayor will address the citizens' concerns in his speech.,The mayor will address the citizens' concerns in his speech.
40,Adequate,The supplies should be adequate for the project.,The supplies should be adequate for the project.
41,Adjust,You'll need to adjust the settings for optimal performance.,You'll need to adjust the settings for optimal performance.
42,Adjustment,We made an adjustment to the schedule to accommodate everyone.,We made an adjustment to the schedule to accommodate everyone.
43,Administration,He works in administration at the university.,He works in administration at the university.
44,Admire,I admire your dedication to your work.,I admire your dedication to your work.
45,Admit,He was reluctant to admit his mistake.,He was reluctant to admit his mistake.
46,Admittance,The admittance fee covers entry to all attractions.,The admittance fee covers entry to all attractions.
47,Advance,I'll need to pay in advance to secure my booking.,I'll need to pay in advance to secure my booking.
48,Advanced,The new technology is more advanced than the previous model.,The new technology is more advanced than the previous model.
49,Advantage,One advantage of living in the city is the convenience.,One advantage of living in the city is the convenience.
50,Advantageous,The deal was advantageous for both parties.,The deal was advantageous for both parties.
51,Advertise,The company plans to advertise its new product on social media.,The company plans to advertise its new product on social media.
52,Advertisement,The advertisement for the new smartphone is very catchy.,The advertisement for the new smartphone is very catchy.
53,Advice,Can you give me some advice on how to improve my resume?,Can you give me some advice on how to improve my resume?
54,Advise,I advise you to take the job offer; it's a great opportunity.,I advise you to take the job offer; it's a great opportunity.
55,Affect,The change in policy will affect everyone in the company.,The change in policy will affect everyone in the company.
56,Afford,I can't afford to go on vacation this year.,I can't afford to go on vacation this year.
57,Affordable,The rent for the apartment is very affordable.,The rent for the apartment is very affordable.
58,Agency,The travel agency helped us plan our trip.,The travel agency helped us plan our trip.
59,Agenda,I'll need to check my agenda to see if I'm available on that date.,I'll need to check my agenda to see if I'm available on that date.
60,Agree,he stakeholders agree that the proposed approach is the best way forward.,he stakeholders agree that the proposed approach is the best way forward.
61,Agreeable,.She's always agreeable to new ideas.,.She's always agreeable to new ideas.
62,Agreement, We reached an agreement after lengthy negotiations, We reached an agreement after lengthy negotiations
63,Agricultural,The region is known for its agricultural products.,The region is known for its agricultural products.
64,Aid,The government provided aid to the flood victims.,The government provided aid to the flood victims.
65,Aim, Our aim is to provide excellent customer service. , Our aim is to provide excellent customer service. 
66,Airline,Which airline are you flying with?,Which airline are you flying with?
67,Aisle, Please keep the aisle clear during the flight. , Please keep the aisle clear during the flight. 
68,Alarm," The fire alarm went off, and we had to evacuate the building."," The fire alarm went off, and we had to evacuate the building."
69,Allow,The rules allow for a certain level of flexibility.,The rules allow for a certain level of flexibility.
70,Alternative,The management team proposed an alternative strategy to cut costs without compromising the quality of our products.,The management team proposed an alternative strategy to cut costs without compromising the quality of our products.
71,Ambitious,She's very ambitious and has big plans for her career.,She's very ambitious and has big plans for her career.
72,Amend,We'll need to amend the contract before it's finalized.,We'll need to amend the contract before it's finalized.
73,amicable,They reached an amicable agreement after negotiations.,They reached an amicable agreement after negotiations.
74,Amount, Can you tell me the exact amount of money we have left?, Can you tell me the exact amount of money we have left?
75,Amusing,The comedian's jokes were amusing and kept the audience entertained.,The comedian's jokes were amusing and kept the audience entertained.
76,acute lack of new offices,"An acute lack of new offices has hindered the company's expansion plans, forcing them to seek temporary solutions.","An acute lack of new offices has hindered the company's expansion plans, forcing them to seek temporary solutions."
77,uncertainty on the given figures,We conducted a thorough analysis of the data.,We conducted a thorough analysis of the data.
78,Analysis,"The city is facing an acute lack of new offices, which is driving up rental prices.","The city is facing an acute lack of new offices, which is driving up rental prices. (Ajout de 'Analysis')"
79,Analyze,"There is some uncertainty on the given figures, so we need to analyze our calculations.","There is some uncertainty on the given figures, so we need to analyze our calculations."
80,Announcement,The company's announcement about the new product launch excited everyone.,The company's announcement about the new product launch excited everyone.
81,Annoying,The constant noise from the construction site was very annoying.,The constant noise from the construction site was very annoying.
82,Annual,We have an annual meeting every December to discuss our progress.,We have an annual meeting every December to discuss our progress.
83,Anticipate,We anticipate a significant increase in sales next quarter.,We anticipate a significant increase in sales next quarter.
84,Anxious,She felt anxious before her job interview.,She felt anxious before her job interview.
85,Apologize,I apologize for the mistake in your order.,I apologize for the mistake in your order.
86,Appeal,The charity made a heartfelt appeal for donations.,The charity made a heartfelt appeal for donations.
87,Appetizer,We enjoyed a delicious appetizer before the main course.,We enjoyed a delicious appetizer before the main course.
88,Appliance,The new kitchen appliance made cooking much easier.,The new kitchen appliance made cooking much easier.
89,Applicant,The applicant was well-qualified for the position.,The applicant was well-qualified for the position.
90,Application,She submitted her application for the scholarship.,She submitted her application for the scholarship.
91,Apply,You need to apply for the permit before starting the project.,You need to apply for the permit before starting the project.
92,Appointment,They appointed her as the new head of the department.,They appointed her as the new head of the department. (Ajout de 'Appointment')
93,appraisal,I have an appointment with the dentist tomorrow morning.,I have an appointment with the dentist tomorrow morning. (Ajout de 'appraisal')
94,appraise ,There's been an appreciable improvement in his performance.,There's been an appreciable improvement in his performance. (Ajout de 'appraise ')
95,Appreciable,The performance appraisal is conducted annually.,The performance appraisal is conducted annually. (Ajout de 'Appreciable')
96,Appreciate,The real estate agent will appraise the house before listing it for sale.,The real estate agent will appraise the house before listing it for sale. (Ajout de 'Appreciate')
97,Appreciation,I really appreciate all your help with the project.,I really appreciate all your help with the project. (Ajout de 'Appreciation')
98,Appreciative,She was very appreciative of the support she received.,She was very appreciative of the support she received.
99,Apprentice,The company hired an apprentice to learn and gain hands-on experience in the field,The company hired an apprentice to learn and gain hands-on experience in the field
100,Approach,He started as an apprentice and worked his way up to manager.,He started as an apprentice and worked his way up to manager. (Ajout de 'Approach')
101,Appropriate,Our approach to customer service sets us apart from our competitors.,Our approach to customer service sets us apart from our competitors. (Ajout de 'Appropriate')
102,appropriation,Wearing jeans might not be appropriate for a formal event.,Wearing jeans might not be appropriate for a formal event. (Ajout de 'appropriation')
103,approval,The project cannot proceed until we receive final approval from the board,The project cannot proceed until we receive final approval from the board
104,Approve,The board approved the new project proposal after a thorough review.,The board approved the new project proposal after a thorough review. (Ajout de 'Approve')
105,Approximate,The proposal received unanimous approval from the board.,The proposal received unanimous approval from the board. (Ajout de 'Approximate')
106,Arbitrate,Can you give me an approximate time of arrival?,Can you give me an approximate time of arrival? (Ajout de 'Arbitrate')
107,Area,They decided to arbitrate the dispute rather than go to court.,They decided to arbitrate the dispute rather than go to court. (Ajout de 'Area')
108,Argue,The park covers a large area of land.,The park covers a large area of land. (Ajout de 'Argue')
109,Argument,"We argue sometimes, but it never lasts long.","We argue sometimes, but it never lasts long. (Ajout de 'Argument')"
110,Arrange,There was a heated argument during the meeting.,There was a heated argument during the meeting. (Ajout de 'Arrange')
111,Arrangement,I'll arrange for someone to pick you up from the airport.,I'll arrange for someone to pick you up from the airport. (Ajout de 'Arrangement')
112,asking,We need to make some arrangements for the upcoming event.,We need to make some arrangements for the upcoming event. (Ajout de 'asking')
113,Assemble,nan,nan (Ajout de 'Assemble')
114,Assess,She was asking about the availability of the product.,She was asking about the availability of the product. (Ajout de 'Assess')
115,Assets,We need to assess the situation before making a decision.,We need to assess the situation before making a decision. (Ajout de 'Assets')
116,Assign,The company's assets include property and equipment.,The company's assets include property and equipment. (Ajout de 'Assign')
117,Assume,I'll assign someone to help you with the project.,I'll assign someone to help you with the project. (Ajout de 'Assume')
118,Assurance,Let's not assume anything until we have all the facts.,Let's not assume anything until we have all the facts. (Ajout de 'Assurance')
119,Attach,Please attach your resume to the job application.,Please attach your resume to the job application.
120,Attachment,The manager gave her assurance that the issue would be resolved promptly.,The manager gave her assurance that the issue would be resolved promptly. (Ajout de 'Attachment')
121,Attend,The email included an attachment with the meeting agenda.,The email included an attachment with the meeting agenda. (Ajout de 'Attend')
122,Attendance,nan,nan (Ajout de 'Attendance')
123,Attentively,She listened attentively to the speaker's presentation.,She listened attentively to the speaker's presentation.
124,Attract,The new marketing campaign is designed to attract younger customers.,The new marketing campaign is designed to attract younger customers.
125,Audience,The speaker captivated the audience with his PITCH,The speaker captivated the audience with his PITCH
126,Audit,The company undergoes an annual audit to ensure compliance.,The company undergoes an annual audit to ensure compliance.
127,Authority,The police have the authority to enforce the law.,The police have the authority to enforce the law.
128,Authorize,I need to authorize the payment before it can be processed.,I need to authorize the payment before it can be processed.
129,Availability,"The availability of tickets is limited, so book early.","The availability of tickets is limited, so book early."
130,Available,Is this item available in other colors?,Is this item available in other colors?
131,Avoid,Try to avoid making unnecessary noise during the presentation.,Try to avoid making unnecessary noise during the presentation.
132,Awareness,The campaign aimed to raise awareness about environmental issues among the audience.,The campaign aimed to raise awareness about environmental issues among the audience.
133,Awkward,"It was an awkward situation, and nobody knew what to say.","It was an awkward situation, and nobody knew what to say."
134,Background,What's your background in marketing?,What's your background in marketing?
135,Backpack,Don't forget to pack your backpack for the trip.,Don't forget to pack your backpack for the trip.
136,Baggage claim,You can collect your luggage at the baggage claim area.,You can collect your luggage at the baggage claim area.
137,Balance,It's important to maintain a balance between work and personal life.,It's important to maintain a balance between work and personal life.
138,Balance sheet,"The company published its annual balance sheet, showing its financial assets and liabilities","The company published its annual balance sheet, showing its financial assets and liabilities"
139,Bank,The bank approved the loan application after a thorough review of the applicant’s financial history.,The bank approved the loan application after a thorough review of the applicant’s financial history.
140,Bankruptcy,The company declared bankruptcy last year.,The company declared bankruptcy last year.
141,bar,The barcode on the product makes it easy to scan at checkout.,The barcode on the product makes it easy to scan at checkout. (Ajout de 'bar')
142,Barcode,She held onto the bar to support herself during the exercise.,She held onto the bar to support herself during the exercise. (Ajout de 'Barcode')
143,Bargain,I managed to find a bargain at the flea market.,I managed to find a bargain at the flea market.
144,Basic,The course covers all the basic principles of accounting.,The course covers all the basic principles of accounting.
145,Beat off,The team managed to beat off their competitors and win the championship.,The team managed to beat off their competitors and win the championship.
146,Behave,The children were told to behave during the school trip.,The children were told to behave during the school trip.
147,Belongings,Don't forget to collect all your belongings before you leave the hotel.,Don't forget to collect all your belongings before you leave the hotel.
148,Beneficial,Regular exercise is beneficial for both physical and mental health.,Regular exercise is beneficial for both physical and mental health.
149,Benefit,The new software update is designed to benefit users by improving system performance and enhancing overall security.,The new software update is designed to benefit users by improving system performance and enhancing overall security.
150,Beverage,Would you like a hot or cold beverage with your meal?,Would you like a hot or cold beverage with your meal?
151,Bid,The company placed a bid for the construction project.,The company placed a bid for the construction project.
152,Bill,Can you please pay the electricity bill this month?,Can you please pay the electricity bill this month?
153,Binder,The documents are organized neatly in the binder.,The documents are organized neatly in the binder.
154,Blanket,She covered herself with a warm blanket while watching TV.,She covered herself with a warm blanket while watching TV.
155,Block,"There's a roadblock ahead, so we'll need to find an alternative route.","There's a roadblock ahead, so we'll need to find an alternative route. (Ajout de 'Block')"
156,Board,The passengers are now boarding the plane.,The passengers are now boarding the plane. (Ajout de 'Board')
157,Boarding pass,Don't forget to bring your boarding pass to the airport.,Don't forget to bring your boarding pass to the airport.
158,Boardroom,The meeting will take place in the boardroom on the top floor.,The meeting will take place in the boardroom on the top floor.
159,Boast,He likes to boast about his accomplishments.,He likes to boast about his accomplishments.
160,Book,I'll book a table for two at the restaurant for tonight.,I'll book a table for two at the restaurant for tonight.
161,Booking,booking a hotel room in advance is important to ensure safety ,booking a hotel room in advance is important to ensure safety 
162,Boost,The new marketing strategy helped boost sales.,The new marketing strategy helped boost sales.
163,Bored,I'm feeling bored; let's do something fun.,I'm feeling bored; let's do something fun.
164,Borrow,I had to borrow some money from my friend to pay for the repairs.,I had to borrow some money from my friend to pay for the repairs.
165,Bother,Don't bother about the dishes; I'll take care of them.,Don't bother about the dishes; I'll take care of them.
166,Bottom line,The bottom line is that we need to increase our revenue.,The bottom line is that we need to increase our revenue.
167,Branch,The company plans to open a new branch in the city center.,The company plans to open a new branch in the city center.
168,Branch out,The company plans to branch out into new markets next year.,The company plans to branch out into new markets next year.
169,Brand,Nike is a well-known brand for sports apparel.,Nike is a well-known brand for sports apparel.
170,Break down,Can you break down the costs for me?,Can you break down the costs for me?
171,Break into,It's difficult to break into the competitive fashion industry.,It's difficult to break into the competitive fashion industry.
172,Briefcase,He carries all his important documents in a leather briefcase.,He carries all his important documents in a leather briefcase.
173,Briefing,The manager gave us a briefing on the new project.,The manager gave us a briefing on the new project.
174,Bring forward,Let's bring forward the meeting to accommodate everyone's schedule.,Let's bring forward the meeting to accommodate everyone's schedule.
175,Bring out,The new recipe book will bring out the chef in everyone.,The new recipe book will bring out the chef in everyone.
176,Bring up,I need to bring up an important issue during the staff meeting.,I need to bring up an important issue during the staff meeting.
177,Broadcast,The news was broadcast live on television.,The news was broadcast live on television.
178,Broaden,Traveling can broaden your horizons and open your mind to new cultures.,Traveling can broaden your horizons and open your mind to new cultures.
179,Browser,Which internet browser do you prefer to use?,Which internet browser do you prefer to use?
180,Brush,She brushed her hair before leaving the house.,She brushed her hair before leaving the house. (Ajout de 'Brush')
181,Budget,We need to adjust our budget to handle the buildup of maintenance costs.,We need to adjust our budget to handle the buildup of maintenance costs.
182,Build up,The company set a budget for the buildup of new office supplies.,The company set a budget for the buildup of new office supplies. (Ajout de 'Build up')
183,Bulletin,The company sends out a weekly bulletin to all employees.,The company sends out a weekly bulletin to all employees.
184,Burn out,Working long hours without breaks can cause employees to burn out quickly.,Working long hours without breaks can cause employees to burn out quickly.
185,Bust,"After several years of financial struggles, the company finally went bankrupt. / The police raided the illegal gambling den and busted the operation.","After several years of financial struggles, the company finally went bankrupt. / The police raided the illegal gambling den and busted the operation. (Ajout de 'Bust')"
186,Buy out,The larger company decided to buy out its smaller competitor to expand its market share.,The larger company decided to buy out its smaller competitor to expand its market share.
187,Cabin crew,The cabin crew will assist you with any questions during the flight.,The cabin crew will assist you with any questions during the flight.
188,Cafeteria,The office cafeteria serves a variety of meals for lunch.,The office cafeteria serves a variety of meals for lunch.
189,Calculate,Let me calculate how much we'll need for the trip.,Let me calculate how much we'll need for the trip.
190,Calculation,The calculation shows that we're still within budget.,The calculation shows that we're still within budget.
191,Calculator,Do you have a calculator I can borrow for the exam?,Do you have a calculator I can borrow for the exam?
192,Call off,"Due to the weather, we have to call off the outdoor event.","Due to the weather, we have to call off the outdoor event."
193,Campaign,The charity launched a fundraising campaign to build a new school.,The charity launched a fundraising campaign to build a new school.
194,Cancel,I need to cancel my subscription to the magazine.,I need to cancel my subscription to the magazine.
195,Cancellation,The cancellation of the event disappointed many attendees.,The cancellation of the event disappointed many attendees.
196,Candidacy,His candidacy for the presidency was announced last week.,His candidacy for the presidency was announced last week.
197,Candidate,There are several candidates running for mayor in the upcoming election.,There are several candidates running for mayor in the upcoming election. (Ajout de 'Candidate')
198,candidates,Several candidates have emerged as potential successors to the CEO.,Several candidates have emerged as potential successors to the CEO.
199,candidature,Her candidature for the position was well-received by the selection committee.,Her candidature for the position was well-received by the selection committee.
200,Capacity,The venue has a capacity of 500 people.,The venue has a capacity of 500 people.
201,Capital,London is the capital city of England.,London is the capital city of England.
202,Career,She's had a successful career in finance.,She's had a successful career in finance.
203,Careless,Don't be careless with the company's confidential information.,Don't be careless with the company's confidential information.
204,Carry out,We need to carry out a thorough investigation before reaching any conclusions.,We need to carry out a thorough investigation before reaching any conclusions.
205,Cash,I'll need to withdraw some cash from the ATM.,I'll need to withdraw some cash from the ATM.
206,Cashier,The cashier rang up my groceries at the supermarket.,The cashier rang up my groceries at the supermarket.
207,Catch on,The new trend seems to be catching on quickly.,The new trend seems to be catching on quickly.
208,Cause,The heavy rainfall was the cause of the flooding.,The heavy rainfall was the cause of the flooding.
209,Cautious,He's very cautious when it comes to making decisions.,He's very cautious when it comes to making decisions.
210,Celebrate,We're going out to celebrate my sister's birthday tonight.,We're going out to celebrate my sister's birthday tonight.
211,Celebration,The town holds an annual celebration to mark its founding.,The town holds an annual celebration to mark its founding.
212,Cell phone,Please remember to turn off your cell phone during the meeting.,Please remember to turn off your cell phone during the meeting.
213,Certificate,She received a certificate of achievement for her outstanding performance.,She received a certificate of achievement for her outstanding performance.
214,Certification,The course offers certification in project management.,The course offers certification in project management.
215,Chain,The company operates a chain of restaurants across the country.,The company operates a chain of restaurants across the country.
216,Chain store,Walmart is a well-known chain store.,Walmart is a well-known chain store.
217,Chair,Please take a seat in the chair next to mine.,Please take a seat in the chair next to mine.
218,Chairman,The chairman of the board will lead the meeting.,The chairman of the board will lead the meeting.
219,Chairperson,The chairperson will introduce the guest speaker.,The chairperson will introduce the guest speaker.
220,Characteristic,One characteristic of successful entrepreneurs is resilience.,One characteristic of successful entrepreneurs is resilience.
221,Characterize,The report will characterize the market trends by highlighting key growth areas and emerging opportunities,The report will characterize the market trends by highlighting key growth areas and emerging opportunities
222,Charge,What's the charge for using the gym facilities?,What's the charge for using the gym facilities?
223,Charity,The charity provides support for homeless people.,The charity provides support for homeless people.
224,Cheap,The store offers cheap prices on a wide range of products.,The store offers cheap prices on a wide range of products.
225,Check in,You can check in online before your flight.,You can check in online before your flight.
226,Check out,Don't forget to check out of the hotel before you leave.,Don't forget to check out of the hotel before you leave.
227,Chef,The chef prepared a delicious three-course meal.,The chef prepared a delicious three-course meal.
228,choice,She had to make a difficult choice between the two job offers.,She had to make a difficult choice between the two job offers.
229,chosen,The chosen candidate will be offered the job.,The chosen candidate will be offered the job.
230,Circumstances,"Given the circumstances, I think we made the right decision.","Given the circumstances, I think we made the right decision."
231,Claim,She filed a claim with her insurance company after the accident.,She filed a claim with her insurance company after the accident.
232,Claimant,The claimant was awarded compensation for the damages.,The claimant was awarded compensation for the damages.
233,Classification,The classification of the documents makes it easier to find what you need.,The classification of the documents makes it easier to find what you need.
234,Classify,We need to classify the items before we can proceed.,We need to classify the items before we can proceed.
235,Clerk,The clerk at the store was very helpful.,The clerk at the store was very helpful.
236,Client,Our main client is a multinational corporation.,Our main client is a multinational corporation.
237,Climate,The climate in this region is perfect for growing grapes.,The climate in this region is perfect for growing grapes.
238,close,They have a close friendship that has lasted for years.,They have a close friendship that has lasted for years.
239,Closure,The closure of the factory will affect many local families.,The closure of the factory will affect many local families.
240,Coach,The coach gave the team a pep talk before the game.,The coach gave the team a pep talk before the game.
241,Code,The programmer wrote the code for the new software.,The programmer wrote the code for the new software.
242,Collect,Don't forget to collect your tickets from the box office.,Don't forget to collect your tickets from the box office.
243,come on,"Come on, we're going to be late if we don't leave now.","Come on, we're going to be late if we don't leave now."
244,Commence,The meeting will commence in ten minutes.,The meeting will commence in ten minutes.
245,Commission,The salesperson earns a commission for every product sold.,The salesperson earns a commission for every product sold.
246,Commit,He promised to commit to the project fully.,He promised to commit to the project fully.
247,Committee,The committee meets every month to discuss important issues.,The committee meets every month to discuss important issues.
248,Commodity,Oil is a valuable commodity that is traded on the global market.,Oil is a valuable commodity that is traded on the global market.
249,Common,It's common for people to feel nervous before a job interview.,It's common for people to feel nervous before a job interview.
250,Commonly,The company commonly holds team-building activities.,The company commonly holds team-building activities.
251,Commute,She has a long commute to work every day.,She has a long commute to work every day.
252,Commuter,The train was packed with commuters heading into the city.,The train was packed with commuters heading into the city. (Ajout de 'Commuter')
253,Company,Our company specializes in software development.,Our company specializes in software development.
254,Comparable,Their performance is comparable to that of professional athletes.,Their performance is comparable to that of professional athletes.
255,Compare,Let's compare the prices before making a decision.,Let's compare the prices before making a decision.
256,Compatible,The new software is compatible with most operating systems.,The new software is compatible with most operating systems.
257,Compensate,The company will compensate employees for any overtime worked.,The company will compensate employees for any overtime worked.
258,Competent,She's a competent manager who knows how to lead her team effectively.,She's a competent manager who knows how to lead her team effectively.
259,Competition,The competition in the market is fierce.,The competition in the market is fierce.
260,Competitive,The company must stay competitive to survive in this industry.,The company must stay competitive to survive in this industry.
261,Competitor,Our main competitor just released a new product.,Our main competitor just released a new product.
262,Complain,"If you have any issues, feel free to complain to customer service.","If you have any issues, feel free to complain to customer service."
263,Complaint,He filed a formal complaint with HR about his coworker's behavior.,He filed a formal complaint with HR about his coworker's behavior.
264,Complete,Please complete the form and return it to our office.,Please complete the form and return it to our office.
265,Complex,The situation is more complex than we initially thought.,The situation is more complex than we initially thought.
266,Complexity,The complexity of the issue requires careful consideration.,The complexity of the issue requires careful consideration.
267,Compliment,She received a compliment on her presentation skills.,She received a compliment on her presentation skills.
268,Complimentary,The hotel offers complimentary breakfast to guests.,The hotel offers complimentary breakfast to guests.
269,Comply,All employees must comply with company policies.,All employees must comply with company policies.
270,Comprehensive,The report provides a comprehensive analysis of the market trends.,The report provides a comprehensive analysis of the market trends.
271,Compromise,Both sides had to compromise to reach a settlement.,Both sides had to compromise to reach a settlement.
272,Compulsory,Attendance at the meeting is compulsory for all staff.,Attendance at the meeting is compulsory for all staff.
273,Concede,He had to concede defeat after losing the election.,He had to concede defeat after losing the election.
274,Concern,The safety of our employees is our primary concern.,The safety of our employees is our primary concern.
275,Conclude,Let's conclude the meeting with a summary of our decisions.,Let's conclude the meeting with a summary of our decisions.
276,Conclusion,"In conclusion, I believe we've made significant progress.","In conclusion, I believe we've made significant progress."
277,Concourse,The concourse at the airport was bustling with travelers.,The concourse at the airport was bustling with travelers.
278,Condition,The car is in excellent condition for its age.,The car is in excellent condition for its age.
279,Conduct,Employees are expected to conduct themselves professionally at all times.,Employees are expected to conduct themselves professionally at all times.
280,Conference,The annual conference attracts professionals from around the world.,The annual conference attracts professionals from around the world.
281,confess ,He confessed his love for her.,He confessed his love for her. (Ajout de 'confess ')
282,Confirm,Can you confirm your attendance at the meeting?,Can you confirm your attendance at the meeting?
283,Confirmation,We'll send you a confirmation email once your booking is complete.,We'll send you a confirmation email once your booking is complete.
284,Confusion,There seems to be some confusion about the schedule.,There seems to be some confusion about the schedule.
285,Connect,The Wi-Fi network allows you to connect to the internet.,The Wi-Fi network allows you to connect to the internet.
286,Connection,The connection between the two devices is secure.,The connection between the two devices is secure.
287,Consequence,The consequences of climate change are becoming increasingly severe.,The consequences of climate change are becoming increasingly severe. (Ajout de 'Consequence')
288,Consider,We need to consider all options before making a decision.,We need to consider all options before making a decision.
289,Considerable,There has been a considerable increase in sales this quarter.,There has been a considerable increase in sales this quarter.
290,considering,"Considering his lack of experience, he did a good job on the project.","Considering his lack of experience, he did a good job on the project."
291,Consignment,The consignment of goods arrived at the warehouse yesterday.,The consignment of goods arrived at the warehouse yesterday.
292,Consist,The report consists of three main sections.,The report consists of three main sections. (Ajout de 'Consist')
293,Consistent,Her performance has been consistent throughout the year.,Her performance has been consistent throughout the year.
294,Consistently,He consistently delivers high-quality work on time.,He consistently delivers high-quality work on time.
295,Constant,There's been a constant stream of customers all day.,There's been a constant stream of customers all day.
296,Constantly,The price of goods is constantly changing due to market fluctuations.,The price of goods is constantly changing due to market fluctuations.
297,Construction,The construction of the new office building is almost complete.,The construction of the new office building is almost complete.
298,Consult,We'll need to consult with the legal team before proceeding.,We'll need to consult with the legal team before proceeding.
299,Consultant,The company hired a consultant to advise on marketing strategy.,The company hired a consultant to advise on marketing strategy.
300,Consume,It's important to consume a balanced diet for good health.,It's important to consume a balanced diet for good health.
301,Consumer,Consumer demand for eco-friendly products is increasing.,Consumer demand for eco-friendly products is increasing.
302,Contain,The box contains all the necessary components for assembly.,The box contains all the necessary components for assembly. (Ajout de 'Contain')
303,Container,The shipment arrived in a large container.,The shipment arrived in a large container.
304,Continual,The company strives for continual improvement in its products.,The company strives for continual improvement in its products.
305,Continuation,The continuation of the project depends on securing additional funding.,The continuation of the project depends on securing additional funding.
306,Continue,Let's continue our discussion after the break.,Let's continue our discussion after the break.
307,Contract out ,We decided to contract out the IT services to a specialized firm.,We decided to contract out the IT services to a specialized firm.
308,Contribute,Employees are encouraged to contribute ideas for improvement.,Employees are encouraged to contribute ideas for improvement.
309,Contribution,Your contribution to the team has been invaluable.,Your contribution to the team has been invaluable.
310,Control,The manager needs to maintain control over the project.,The manager needs to maintain control over the project.
311,Control panel,The control panel allows you to adjust various settings.,The control panel allows you to adjust various settings.
312,Convenient,The location of the hotel is convenient for exploring the city.,The location of the hotel is convenient for exploring the city.
313,Conveniently,The store is conveniently located next to the train station.,The store is conveniently located next to the train station.
314,Convince,I'll try to convince him to join us for dinner.,I'll try to convince him to join us for dinner.
315,Convincing,Her argument was convincing enough to persuade the jury.,Her argument was convincing enough to persuade the jury.
316,cool,The weather turned cool in the evening.,The weather turned cool in the evening.
317,Core business,Our core business is manufacturing electronic components for the automotive industry.,Our core business is manufacturing electronic components for the automotive industry.
318,Corporate,The corporate office is located downtown.,The corporate office is located downtown.
319,Corporation,The corporation operates in several countries worldwide.,The corporation operates in several countries worldwide.
320,corrupted,The government was accused of corrupted practices.,The government was accused of corrupted practices.
321,Cost,The cost of living in this city is quite high.,The cost of living in this city is quite high.
322,cost-effective,Investing in energy-efficient appliances can be cost-effective in the long run.,Investing in energy-efficient appliances can be cost-effective in the long run.
323,costly,Repairing the car was more costly than buying a new one.,Repairing the car was more costly than buying a new one.
324,Counter,You can find the sugar on the counter next to the coffee machine.,You can find the sugar on the counter next to the coffee machine.
325,Courier,The courier delivered the package to my doorstep.,The courier delivered the package to my doorstep.
326,Cover,The insurance policy should cover any damages caused by the accident.,The insurance policy should cover any damages caused by the accident.
327,Cover letter,Don't forget to attach your cover letter when applying for the job.,Don't forget to attach your cover letter when applying for the job.
328,Coverage,The insurance policy provides coverage for medical expenses.,The insurance policy provides coverage for medical expenses.
329,Coworker,My coworker and I are collaborating on a new project.,My coworker and I are collaborating on a new project.
330,Crash,The computer crashed while I was in the middle of an important task.,The computer crashed while I was in the middle of an important task. (Ajout de 'Crash')
331,Credentials,She presented her credentials at the job interview.,She presented her credentials at the job interview.
332,Credit,You can pay by credit card or cash.,You can pay by credit card or cash.
333,Criteria,Applicants must meet specific criteria to be considered for the job.,Applicants must meet specific criteria to be considered for the job.
334,Critical,The situation is critical; we need to act fast.,The situation is critical; we need to act fast.
335,Criticize,It's not polite to criticize others in public.,It's not polite to criticize others in public.
336,Crowd,The crowd cheered loudly as the team scored a goal.,The crowd cheered loudly as the team scored a goal.
337,Crowded,The train was crowded during rush hour.,The train was crowded during rush hour.
338,Crucial,It's crucial that we meet the deadline.,It's crucial that we meet the deadline.
339,Cruise,They went on a cruise around the Mediterranean.,They went on a cruise around the Mediterranean.
340,Currency,The currency in this country is the euro.,The currency in this country is the euro.
341,Current,What's the current status of the project?,What's the current status of the project?
342,Currently,"Currently, I'm studying for my exams.","Currently, I'm studying for my exams."
343,Custom,The furniture was custom-made to fit the space perfectly.,The furniture was custom-made to fit the space perfectly.
344,Customer,Our company values customer satisfaction above all else.,Our company values customer satisfaction above all else.
345,Customize,You can customize your smartphone with different themes.,You can customize your smartphone with different themes.
346,Customs,You'll need to declare any goods at customs when entering the country.,You'll need to declare any goods at customs when entering the country.
347,Cut back,We need to cut back on our expenses if we want to save money.,We need to cut back on our expenses if we want to save money.
348,Cutting edge,The company is known for its cutting-edge technology.,The company is known for its cutting-edge technology.
349,Cycle,The life cycle of a butterfly is fascinating.,The life cycle of a butterfly is fascinating.
350,Daily,He reads the newspaper daily to stay informed.,He reads the newspaper daily to stay informed.
351,Damage,The storm caused extensive damage to the property.,The storm caused extensive damage to the property.
352,Deadline,We need to meet the deadline by the end of the week.,We need to meet the deadline by the end of the week.
353,Deal,They negotiated a deal that was mutually beneficial.,They negotiated a deal that was mutually beneficial.
354,Deal with,I'll deal with the customer complaints as soon as possible.,I'll deal with the customer complaints as soon as possible.
355,Debit,You can pay by debit card or credit card.,You can pay by debit card or credit card.
356,Debt,He's struggling to pay off his student debt.,He's struggling to pay off his student debt.
357,Decision,We need to make a decision soon.,We need to make a decision soon.
358,declare ,He declared his intention to run for mayor.,He declared his intention to run for mayor. (Ajout de 'declare ')
359,decline ,He declined the invitation to the party.,He declined the invitation to the party. (Ajout de 'decline ')
360,Decorate,She likes to decorate her house with colorful artwork.,She likes to decorate her house with colorful artwork.
361,Decrease,The price of the product has decreased since last month.,The price of the product has decreased since last month. (Ajout de 'Decrease')
362,Dedicate,She decided to dedicate herself fully to her studies.,She decided to dedicate herself fully to her studies.
363,Deduct,You can deduct business expenses from your taxable income.,You can deduct business expenses from your taxable income.
364,Defect,The manufacturer will replace any product with a defect.,The manufacturer will replace any product with a defect.
365,Defective,The toy was returned to the store because it was defective.,The toy was returned to the store because it was defective.
366,Definite,We'll need a definite answer by tomorrow.,We'll need a definite answer by tomorrow.
367,Definitely,I'm definitely going to the concert tonight.,I'm definitely going to the concert tonight.
368,Degree,He earned a degree in computer science from a prestigious university.,He earned a degree in computer science from a prestigious university.
369,Delay,The flight has been delayed due to bad weather.,The flight has been delayed due to bad weather. (Ajout de 'Delay')
370,Delete,Please delete the unnecessary files from the system.,Please delete the unnecessary files from the system.
371,Delight,It was a delight to meet you.,It was a delight to meet you.
372,Delighted,She was delighted with the gift.,She was delighted with the gift.
373,Deliver,The courier will deliver the package tomorrow.,The courier will deliver the package tomorrow.
374,Delivery,The delivery of the goods was delayed due to bad weather.,The delivery of the goods was delayed due to bad weather.
375,Demand,There's a high demand for organic produce.,There's a high demand for organic produce.
376,Demanding,"The job can be demanding at times, but it's also rewarding.","The job can be demanding at times, but it's also rewarding."
377,Demonstrate,Let me demonstrate how to use the software.,Let me demonstrate how to use the software.
378,Depart,The flight is scheduled to depart at 9 a.m.,The flight is scheduled to depart at 9 a.m.
379,Department,The sales department is responsible for generating revenue.,The sales department is responsible for generating revenue.
380,Departure,The departure of the flight was delayed by two hours.,The departure of the flight was delayed by two hours.
381,Depend on,Your success will depend on your dedication and hard work.,Your success will depend on your dedication and hard work.
382,dependable,You can always count on him; he's very dependable.,You can always count on him; he's very dependable.
383,dependably,The system has functioned dependably for years.,The system has functioned dependably for years.
384,Dependence,Many countries have a dependence on fossil fuels.,Many countries have a dependence on fossil fuels.
385,dependent,Children are dependent on their parents for care and guidance.,Children are dependent on their parents for care and guidance.
386,depending,The success of the project will vary depending on funding.,The success of the project will vary depending on funding.
387,Deposit,You'll need to make a deposit to secure your reservation.,You'll need to make a deposit to secure your reservation.
388,Description,Can you provide a brief description of the problem?,Can you provide a brief description of the problem?
389,Design,She studied design at university and now works for a fashion company.,She studied design at university and now works for a fashion company.
390,Designate,The room was designated as a quiet study area.,The room was designated as a quiet study area. (Ajout de 'Designate')
391,Desperate,He was desperate to find a job after being unemployed for months.,He was desperate to find a job after being unemployed for months.
392,Dessert,"I'll have the cheesecake for dessert, please.","I'll have the cheesecake for dessert, please."
393,Destination,Our destination is a remote village in the mountains.,Our destination is a remote village in the mountains.
394,Detail,The report includes every detail of the project.,The report includes every detail of the project.
395,Detailed,She provided a detailed explanation of the process.,She provided a detailed explanation of the process.
396,Detect,The alarm system is designed to detect any intruders.,The alarm system is designed to detect any intruders.
397,Deterioration,The deterioration of the building was evident from the cracks in the walls.,The deterioration of the building was evident from the cracks in the walls.
398,Determine,A thorough investigation is needed to determine the cause of the fire.,A thorough investigation is needed to determine the cause of the fire.
399,Determined,She's determined to achieve her goals no matter what.,She's determined to achieve her goals no matter what.
400,Develop,The company plans to develop new products for the international market.,The company plans to develop new products for the international market.
401,Developer,He's a software developer working on the latest mobile app.,He's a software developer working on the latest mobile app.
402,Development,The development of renewable energy sources is essential for a sustainable future.,The development of renewable energy sources is essential for a sustainable future.
403,Device,The new device is compatible with both Android and iOS.,The new device is compatible with both Android and iOS.
404,Diagnose,The doctor will diagnose the cause of your symptoms.,The doctor will diagnose the cause of your symptoms.
405,Differential,The differential between the two products is minimal.,The differential between the two products is minimal.
406,Director,She's the director of marketing for the company.,She's the director of marketing for the company.
407,Disagree,It's okay to disagree; healthy debate can lead to better solutions.,It's okay to disagree; healthy debate can lead to better solutions.
408,Disagreement,There was a disagreement about how to proceed with the project.,There was a disagreement about how to proceed with the project.
409,disallow ,The referee disallowed the goal due to a foul.,The referee disallowed the goal due to a foul. (Ajout de 'disallow ')
410,Disappointing,The results of the experiment were disappointing.,The results of the experiment were disappointing.
411,Disconnect,The sudden power outage caused the computer to disconnect from the network.,The sudden power outage caused the computer to disconnect from the network.
412,Discount,The store is offering a discount on all items this weekend.,The store is offering a discount on all items this weekend.
413,Discrepancy,There seems to be a discrepancy between the two reports.,There seems to be a discrepancy between the two reports.
414,Discrimination,The company has a zero-tolerance policy for discrimination.,The company has a zero-tolerance policy for discrimination.
415,Discuss,Let's discuss the details of the proposal at the meeting.,Let's discuss the details of the proposal at the meeting.
416,Discussion,"The discussion lasted for hours, but we finally reached a decision.","The discussion lasted for hours, but we finally reached a decision."
417,Dish,I ordered the seafood dish for dinner.,I ordered the seafood dish for dinner.
418,Dismiss,The judge decided to dismiss the case due to lack of evidence.,The judge decided to dismiss the case due to lack of evidence.
419,Dismissive,He gave a dismissive wave of his hand and walked away.,He gave a dismissive wave of his hand and walked away.
420,Display,The museum has a display of ancient artifacts.,The museum has a display of ancient artifacts.
421,Disposable,Please use the disposable gloves when handling the chemicals.,Please use the disposable gloves when handling the chemicals.
422,Dispose,You can dispose of the packaging in the recycling bin.,You can dispose of the packaging in the recycling bin.
423,Dispute,The two parties are in a dispute over land ownership.,The two parties are in a dispute over land ownership.
424,disrupted,The flight schedule was disrupted due to bad weather.,The flight schedule was disrupted due to bad weather.
425,Disruption,The construction work caused a disruption to traffic in the area.,The construction work caused a disruption to traffic in the area.
426,dissatisfaction,There was widespread dissatisfaction with the government's policies.,There was widespread dissatisfaction with the government's policies.
427,Distinctive,The design of the building is distinctive and unique.,The design of the building is distinctive and unique.
428,Distinguish,It's important to distinguish between fact and opinion.,It's important to distinguish between fact and opinion.
429,Distribute,Volunteers will distribute food to those in need.,Volunteers will distribute food to those in need.
430,Distribution,The distribution of wealth is uneven in many countries.,The distribution of wealth is uneven in many countries.
431,Dividend,Shareholders received a dividend payment at the end of the year.,Shareholders received a dividend payment at the end of the year.
432,Document,Make sure to document all your expenses for reimbursement.,Make sure to document all your expenses for reimbursement.
433,documentary,She watched a documentary about wildlife conservation.,She watched a documentary about wildlife conservation.
434,documented,The findings of the study are well-documented in the research paper.,The findings of the study are well-documented in the research paper.
435,documenting,He spent the afternoon documenting the archaeological finds.,He spent the afternoon documenting the archaeological finds.
436,documents,Make sure to keep all important documents in a safe place.,Make sure to keep all important documents in a safe place.
437,Domestic,Domestic violence is a serious issue that affects families worldwide.,Domestic violence is a serious issue that affects families worldwide.
438,Donate,I donated all my old clothes to charity.,I donated all my old clothes to charity. (Ajout de 'Donate')
439,Donation,Thank you for your generous donation to the school.,Thank you for your generous donation to the school.
440,Double,The company doubled its profits in the last quarter.,The company doubled its profits in the last quarter. (Ajout de 'Double')
441,Down payment,We had to make a down payment of 20% on the house.,We had to make a down payment of 20% on the house.
442,Download,You can download the app for free from the app store.,You can download the app for free from the app store.
443,Downmarket,This brand is trying to move upmarket with its latest collection.,This brand is trying to move upmarket with its latest collection. (Ajout de 'Downmarket')
444,Downsize,The company had to downsize due to financial difficulties.,The company had to downsize due to financial difficulties.
445,Downturn,The economic downturn led to widespread job losses.,The economic downturn led to widespread job losses.
446,Downward,The graph shows a downward trend in sales.,The graph shows a downward trend in sales.
447,Dramatic,There was a dramatic increase in temperature overnight.,There was a dramatic increase in temperature overnight.
448,Drastic,The company made a drastic decision to restructure the organization.,The company made a drastic decision to restructure the organization.
449,Drastically,The price of oil has dropped drastically in the last month.,The price of oil has dropped drastically in the last month.
450,Draw,She likes to draw in her spare time.,She likes to draw in her spare time.
451,Draw up,The lawyers will draw up a contract outlining the terms of the agreement.,The lawyers will draw up a contract outlining the terms of the agreement.
452,Drawer,The key to the file cabinet is in the top drawer.,The key to the file cabinet is in the top drawer.
453,Drive,It's about a two-hour drive from here to the beach.,It's about a two-hour drive from here to the beach.
454,Drop,Be careful not to drop your phone in the water.,Be careful not to drop your phone in the water.
455,Dull,The movie was so dull that I fell asleep halfway through.,The movie was so dull that I fell asleep halfway through.
456,Duration,The duration of the flight is approximately four hours.,The duration of the flight is approximately four hours.
457,Duty-free,The duty-free shop at the airport sells a variety of goods.,The duty-free shop at the airport sells a variety of goods.
458,Earn,He works hard to earn a living for his family.,He works hard to earn a living for his family.
459,Earnings,His earnings have increased since he started his own business.,His earnings have increased since he started his own business.
460,Economical,Buying in bulk is more economical in the long run.,Buying in bulk is more economical in the long run.
461,Economize,We need to economize and cut unnecessary expenses.,We need to economize and cut unnecessary expenses.
462,Economy,The global economy is experiencing a period of uncertainty.,The global economy is experiencing a period of uncertainty.
463,Effective,Regular exercise is effective in reducing stress levels.,Regular exercise is effective in reducing stress levels.
464,Effectively,She communicated her ideas effectively during the presentation.,She communicated her ideas effectively during the presentation.
465,Effectiveness,The effectiveness of the new drug has been proven in clinical trials.,The effectiveness of the new drug has been proven in clinical trials.
466,efficacy,The efficacy of the new drug has been proven in clinical trials.,The efficacy of the new drug has been proven in clinical trials.
467,Efficiency,The new software improved the efficiency of our workflow.,The new software improved the efficiency of our workflow.
468,gap,There is a significant gap between the rich and the poor in this country.,There is a significant gap between the rich and the poor in this country.
469,acceptted ,The board accepted the revised budget plan recognizing its importance ,The board accepted the revised budget plan recognizing its importance  (Ajout de 'acceptted ')
470,Accounted for,"The financial discrepancies were meticulously accounted for in the audit, providing a clear and accurate financial overview","The financial discrepancies were meticulously accounted for in the audit, providing a clear and accurate financial overview"
471,acted ,"The management team acted promptly to implement the new strategy, resulting in immediate improvements in operational efficiency.","The management team acted promptly to implement the new strategy, resulting in immediate improvements in operational efficiency."
472,Adapted,The company adapted its strategies to meet new market demands and improve efficiency,The company adapted its strategies to meet new market demands and improve efficiency
473,admired ,The innovative approach of the startup was admired by industry leaders for its creativity and effectiveness.,The innovative approach of the startup was admired by industry leaders for its creativity and effectiveness.
474,admitted ,The manager admitted that the project's initial budget was underestimated and promised to revise the financial plan,The manager admitted that the project's initial budget was underestimated and promised to revise the financial plan
475,Advertisements,The company launched multiple advertisements across various media to reach a broader audience,The company launched multiple advertisements across various media to reach a broader audience
476,Advised,I advised them to work harder to get a promotion ,I advised them to work harder to get a promotion 
477,Affected,The change in policy will affected everyone in the company.,The change in policy will affected everyone in the company.
478,aisles ,"The supermarket organized the aisles into clear sections for produce, dairy, and bakery items, making it easier for customers to find what they need.","The supermarket organized the aisles into clear sections for produce, dairy, and bakery items, making it easier for customers to find what they need."
479,Anticipated,We anticipated the market crash ,We anticipated the market crash 
480,Apology,an apology is a must have treat in the corporate world ,an apology is a must have treat in the corporate world 
481,Appliances,The store featured a range of energy-efficient appliances to attract environmentally conscious customers,The store featured a range of energy-efficient appliances to attract environmentally conscious customers
482,Applicants,The company interviewed several qualified applicants for the open position.,The company interviewed several qualified applicants for the open position.
483,Approved,The appropriation of funds was approved by the finance committee.,The appropriation of funds was approved by the finance committee.
484,Areas,They decided to share the areas rather than go to court.,They decided to share the areas rather than go to court.
485,Arguing ,they spent the last three years arguing about whose the real owner of the land ,they spent the last three years arguing about whose the real owner of the land 
486,Arranged,the HR deparetemnt arranged a party to celebrate the increase in turnover ,the HR deparetemnt arranged a party to celebrate the increase in turnover 
487,Arrangements,the arrangement made by the ceo was not suitable for everyone ,the arrangement made by the ceo was not suitable for everyone  (Ajout de 'Arrangements')
488,Authorized,"Only authorized personnel are allowed to access the secure data files, ensuring that sensitive information remains protected from unauthorized use.","Only authorized personnel are allowed to access the secure data files, ensuring that sensitive information remains protected from unauthorized use."
489,Assembled,"The team assembled the prototype, testing each component for quality.","The team assembled the prototype, testing each component for quality."
490,Assessment,The manager carries an assessment of the project's progress each week.,The manager carries an assessment of the project's progress each week.
491,Benefits,One of the benefits of working here is the flexible schedule.,One of the benefits of working here is the flexible schedule.
492,Assigned,The company's assigned the job to a new employer ,The company's assigned the job to a new employer 
493,Assumed,he assumed he will be fired after his mistake ,he assumed he will be fired after his mistake 
494,Boosted,The new marketing strategy boosted the  sales.,The new marketing strategy boosted the  sales.
495,Characterized,His actions are characterized by kindness and generosity.,His actions are characterized by kindness and generosity.
496,CompatibIlity,The software's compatibility with various operating systems ensures that users can access its features regardless of their device,The software's compatibility with various operating systems ensures that users can access its features regardless of their device
497,Compensation,"The company reviewed its compensation structure to ensure it was competitive and fair, offering adjustments to salaries and benefits based on market standards and employee performance.","The company reviewed its compensation structure to ensure it was competitive and fair, offering adjustments to salaries and benefits based on market standards and employee performance."
498,Complimented,She complimented heron her presentation skills.,She complimented heron her presentation skills.
499,Confirmed,have you confirmed your attendance at the meeting?,have you confirmed your attendance at the meeting?
500,Considered,We  considered all options before making a decision.,We  considered all options before making a decision.
501,Consulted,consulted with the legal team before proceeding.,consulted with the legal team before proceeding.
502,Continuing ,we are continuing our discussion after the break.,we are continuing our discussion after the break.
503,Elderly,The program provides assistance to elderly individuals living alone.,The program provides assistance to elderly individuals living alone.
504,Electrical,The electrical wiring in the building needs to be updated.,The electrical wiring in the building needs to be updated.
505,Elevator,Please take the elevator to the fifth floor.,Please take the elevator to the fifth floor.
506,Embark,They're planning to embark on a round-the-world trip next year.,They're planning to embark on a round-the-world trip next year.
507,Emergency,"In case of emergency, please dial 911.","In case of emergency, please dial 911."
508,Emphasize,I can't emphasize enough how important this is.,I can't emphasize enough how important this is.
509,Employ,The company plans to employ new staff next month.,The company plans to employ new staff next month.
510,Employee,All employees must attend the safety training session.,All employees must attend the safety training session. (Ajout de 'Employee')
511,Employer,The employer is responsible for providing a safe work environment.,The employer is responsible for providing a safe work environment.
512,Employment,Employment opportunities in the tech industry are on the rise.,Employment opportunities in the tech industry are on the rise.
513,Enable,The new software will enable us to streamline our workflow.,The new software will enable us to streamline our workflow.
514,Enclose,Please enclose a copy of your resume with your application.,Please enclose a copy of your resume with your application.
515,Encourage,I encourage you to pursue your dreams.,I encourage you to pursue your dreams.
516,Endurance,Long-distance runners need a lot of endurance to complete a marathon.,Long-distance runners need a lot of endurance to complete a marathon.
517,Endure,"Despite the challenges, she managed to endure and overcome them.","Despite the challenges, she managed to endure and overcome them."
518,Engineer,He's an engineer working for a multinational corporation.,He's an engineer working for a multinational corporation.
519,Engineering,She's studying engineering at university.,She's studying engineering at university.
520,Enhance,The company aims to enhance the customer experience.,The company aims to enhance the customer experience.
521,Ensure,We need to ensure that all safety regulations are followed.,We need to ensure that all safety regulations are followed.
522,Enterprise,Starting a business requires a lot of enterprise and dedication.,Starting a business requires a lot of enterprise and dedication.
523,Enthusiastic,She's always enthusiastic about trying new things.,She's always enthusiastic about trying new things.
524,Enthusiastically,They welcomed the idea of a team-building retreat enthusiastically.,They welcomed the idea of a team-building retreat enthusiastically.
525,Entitlement,Employees are entitled to a certain number of vacation days per year.,Employees are entitled to a certain number of vacation days per year. (Ajout de 'Entitlement')
526,Entrée,The main entrée of the evening was a delicious seafood dish.,The main entrée of the evening was a delicious seafood dish.
527,Environment,We need to protect the environment for future generations.,We need to protect the environment for future generations.
528,Environmental,The environmental impact of the project needs to be assessed.,The environmental impact of the project needs to be assessed.
529,Equivalent,This amount of money is roughly equivalent to what we spent last year.,This amount of money is roughly equivalent to what we spent last year.
530,Essential,Water is essential for all living organisms.,Water is essential for all living organisms.
531,Establish,The company aims to establish itself as a leader in sustainable practices.,The company aims to establish itself as a leader in sustainable practices.
532,establish,They plan to establish a new business next year.,They plan to establish a new business next year.
533,Estimate,Can you give me an estimate of how much the repairs will cost?,Can you give me an estimate of how much the repairs will cost?
534,Estimate,Can you give me an estimate of how much the repairs will cost?,Can you give me an estimate of how much the repairs will cost?
535,Etiquette,Knowing proper etiquette is important when attending formal events.,Knowing proper etiquette is important when attending formal events.
536,Evaluate,It's important to evaluate the success of the project objectively.,It's important to evaluate the success of the project objectively.
537,evaluating,The committee is currently evaluating the candidates for the job.,The committee is currently evaluating the candidates for the job.
538,Event,"The charity event raised over $10,000 for a good cause.","The charity event raised over $10,000 for a good cause."
539,Evidence,The police found new evidence that could lead to a breakthrough in the case.,The police found new evidence that could lead to a breakthrough in the case.
540,Evolve,Technology continues to evolve at a rapid pace.,Technology continues to evolve at a rapid pace.
541,Exact,Can you provide the exact location of the meeting?,Can you provide the exact location of the meeting?
542,Examination,He passed the entrance examination with flying colors.,He passed the entrance examination with flying colors.
543,Examine,The doctor will examine you now.,The doctor will examine you now.
544,Excel,She excels in math and science.,She excels in math and science. (Ajout de 'Excel')
545,Excellent,The service at the restaurant was excellent.,The service at the restaurant was excellent.
546,Excursion,They went on an excursion to explore the nearby caves.,They went on an excursion to explore the nearby caves.
547,Executive,The executive team met to discuss the company's quarterly earnings.,The executive team met to discuss the company's quarterly earnings.
548,Exhibit,The museum exhibits artifacts from ancient civilizations.,The museum exhibits artifacts from ancient civilizations. (Ajout de 'Exhibit')
549,Expand,The company plans to expand its operations overseas.,The company plans to expand its operations overseas.
550,Expansion,The expansion of the business into new markets was a success.,The expansion of the business into new markets was a success.
551,Expect,I expect you to be on time for the meeting.,I expect you to be on time for the meeting.
552,Expectation,The results exceeded our expectations.,The results exceeded our expectations. (Ajout de 'Expectation')
553,Expenditure,The government has increased its expenditure on healthcare.,The government has increased its expenditure on healthcare.
554,Expense,Traveling abroad can be quite an expense.,Traveling abroad can be quite an expense.
555,Expensive,The designer handbag was too expensive for my budget.,The designer handbag was too expensive for my budget.
556,Experience,She has years of experience in the field.,She has years of experience in the field.
557,Experienced,We're looking for an experienced candidate to fill the position.,We're looking for an experienced candidate to fill the position.
558,Experiment,Scientists often need to experiment to make new discoveries.,Scientists often need to experiment to make new discoveries.
559,Expiration,nan,nan (Ajout de 'Expiration')
560,Expiry,Please check the expiration date before consuming the product.,Please check the expiration date before consuming the product. (Ajout de 'Expiry')
561,Exploration,The exploration of space has led to many scientific discoveries.,The exploration of space has led to many scientific discoveries.
562,Explore,They decided to explore the possibility of opening a new branch.,They decided to explore the possibility of opening a new branch.
563,Express,You need to express your opinions clearly during the presentation.,You need to express your opinions clearly during the presentation.
564,Extend,We decided to extend our vacation by another week.,We decided to extend our vacation by another week.
565,Extension,The deadline has been extended by another week.,The deadline has been extended by another week. (Ajout de 'Extension')
566,External,The external factors influencing the market are beyond our control.,The external factors influencing the market are beyond our control.
567,Facilities,The hotel offers excellent facilities for business travelers.,The hotel offers excellent facilities for business travelers.
568,Facility,The new sports facility has state-of-the-art equipment for athletes to train.,The new sports facility has state-of-the-art equipment for athletes to train.
569,Factor,Price is just one factor to consider when making a decision.,Price is just one factor to consider when making a decision.
570,Factory,"The factory produces over 1,000 units per day.","The factory produces over 1,000 units per day."
571,Fad,That diet is just a fad; it won't last long.,That diet is just a fad; it won't last long.
572,Fail,"If you fail to plan, you plan to fail.","If you fail to plan, you plan to fail."
573,Failure,The project was a failure due to lack of funding.,The project was a failure due to lack of funding.
574,Fair,He's known for being fair and impartial in his decisions.,He's known for being fair and impartial in his decisions.
575,Fall through,"Unfortunately, our plans to expand overseas fell through.","Unfortunately, our plans to expand overseas fell through."
576,Fall to,It falls to the manager to make the final decision.,It falls to the manager to make the final decision.
577,Famed,The restaurant is famed for its delicious seafood dishes.,The restaurant is famed for its delicious seafood dishes.
578,Fare,The fare for the train ride was quite expensive.,The fare for the train ride was quite expensive.
579,Fault,The fault lies with the management for not addressing the issue sooner.,The fault lies with the management for not addressing the issue sooner.
580,Faulty,The alarm system was faulty and failed to go off during the break-in.,The alarm system was faulty and failed to go off during the break-in.
581,Favor,Can you do me a favor and pick up my dry cleaning?,Can you do me a favor and pick up my dry cleaning?
582,Fax,He sent the contract via fax for her to review.,He sent the contract via fax for her to review.
583,Feature,The new smartphone has a number of innovative features.,The new smartphone has a number of innovative features. (Ajout de 'Feature')
584,Fee,There's a small fee for using the ATM outside of the bank's network.,There's a small fee for using the ATM outside of the bank's network.
585,Feedback,We welcome your feedback on how we can improve our services.,We welcome your feedback on how we can improve our services.
586,Field,She's an expert in her field of study.,She's an expert in her field of study.
587,Figure,Can you provide a rough figure for the project budget?,Can you provide a rough figure for the project budget?
588,Figures,The quarterly financial report includes several figures that illustrate the company's revenue growth and profit margins.,The quarterly financial report includes several figures that illustrate the company's revenue growth and profit margins.
589,File,Please ensure that the project file is backed up and properly organized before the end of the day.,Please ensure that the project file is backed up and properly organized before the end of the day.
590,Fill out,You need to fill out this form before your appointment.,You need to fill out this form before your appointment.
591,Finance,He works in finance and specializes in investment banking.,He works in finance and specializes in investment banking.
592,finances,She's in charge of the company's finances.,She's in charge of the company's finances.
593,Financial,The company is in good financial health.,The company is in good financial health.
594,financially,They are financially stable and able to invest in their future.,They are financially stable and able to invest in their future.
595,financier,The financier backed the startup with a substantial investment.,The financier backed the startup with a substantial investment.
596,Firm,She works for a law firm in the city.,She works for a law firm in the city.
597,Fix,The repairman will fix the leaky faucet tomorrow.,The repairman will fix the leaky faucet tomorrow.
598,Flexible,"The job offers flexible hours, which is perfect for me.","The job offers flexible hours, which is perfect for me."
599,Flight,Their flight was delayed due to bad weather.,Their flight was delayed due to bad weather.
600,Flight attendant,The flight attendant served drinks and snacks to the passengers.,The flight attendant served drinks and snacks to the passengers.
601,Fluctuate,Prices fluctuate depending on supply and demand.,Prices fluctuate depending on supply and demand.
602,Fluctuation,There has been a fluctuation in the exchange rate recently.,There has been a fluctuation in the exchange rate recently.
603,fly-by-night,Be cautious when dealing with fly-by-night companies promising unrealistic returns.,Be cautious when dealing with fly-by-night companies promising unrealistic returns.
604,Focus,Please focus on the main objectives of the project.,Please focus on the main objectives of the project.
605,Focused,The team remained focused throughout the challenging deadline,The team remained focused throughout the challenging deadline
606,Fold,Fold the document along the dotted line before placing it in the envelope.,Fold the document along the dotted line before placing it in the envelope.
607,Folder,I saved the report in the designated folder on the shared drive,I saved the report in the designated folder on the shared drive
608,Force,"The company had to force changes in its strategy to adapt to market conditions.""","The company had to force changes in its strategy to adapt to market conditions."""
609,Forecast,The weather forecast predicts rain for the weekend.,The weather forecast predicts rain for the weekend.
610,forecasting,Weather forecasting is based on analysis of atmospheric conditions.,Weather forecasting is based on analysis of atmospheric conditions.
611,Foreign,"The company is expanding into foreign markets to increase its global presence.""","The company is expanding into foreign markets to increase its global presence."""
612,Forget,Don't forget to submit your expense report by the end of the day.,Don't forget to submit your expense report by the end of the day.
613,Forgetful,"He is sometimes forgetful about deadlines, so setting reminders helps.","He is sometimes forgetful about deadlines, so setting reminders helps."
614,Form,Please fill out the application form and submit it by email.,Please fill out the application form and submit it by email.
615,Forward,Please forward the email to the relevant department.,Please forward the email to the relevant department.
616,Founded,The company was founded in 1995 and has grown significantly since then,The company was founded in 1995 and has grown significantly since then
617,Frank,She gave a frank assessment of the project's challenges during the meeting.,She gave a frank assessment of the project's challenges during the meeting.
618,Frankly,"Frankly, I think the proposal needs more detailed analysis before approval","Frankly, I think the proposal needs more detailed analysis before approval"
619,frequently ,She frequently visits her parents on weekends.,She frequently visits her parents on weekends.
620,Front desk,You can ask for assistance at the front desk.,You can ask for assistance at the front desk.
621,Fuel,The company needs to fuel its vehicles before starting the long trip,The company needs to fuel its vehicles before starting the long trip
622,Fulfill,The team worked hard to fulfill all customer orders before the holiday.,The team worked hard to fulfill all customer orders before the holiday.
623,fulfill ,The company promises to fulfill all orders within 48 hours.,The company promises to fulfill all orders within 48 hours.
624,Function,The new software's main function is to streamline data entry,The new software's main function is to streamline data entry
625,Functional,The office is fully functional after the recent renovations.,The office is fully functional after the recent renovations.
626,Fund,The charity event aims to raise funds for the local hospital.,The charity event aims to raise funds for the local hospital. (Ajout de 'Fund')
627,Fundraising,The organization is planning a fundraising gala to support its new initiative,The organization is planning a fundraising gala to support its new initiative
628,Furniture,The office furniture needs to be replaced due to wear and tear,The office furniture needs to be replaced due to wear and tear
629,Further,We need to research further to understand the market trends.,We need to research further to understand the market trends.
630,Gather,Let's gather all the necessary documents before the meeting.,Let's gather all the necessary documents before the meeting.
631,Gesture,Sending a thank-you note is a nice gesture to show appreciation,Sending a thank-you note is a nice gesture to show appreciation
632,get by,"Despite financial difficulties, they manage to get by each month.","Despite financial difficulties, they manage to get by each month."
633,Get in touch,"If you have any questions, feel free to get in touch.","If you have any questions, feel free to get in touch."
634,get on,She gets on well with her colleagues at work.,She gets on well with her colleagues at work.
635,get through,She finally got through the difficult exam after months of studying.,She finally got through the difficult exam after months of studying.
636,Go ahead with,"After reviewing the proposal, the board decided to go ahead with the new marketing campaign","After reviewing the proposal, the board decided to go ahead with the new marketing campaign"
637,Go under,"Despite their best efforts, the company struggled financially and eventually had to go under.","Despite their best efforts, the company struggled financially and eventually had to go under."
638,Goal,"Achieving a 10% increase in sales by the end of the quarter is our primary goal for this year.""","Achieving a 10% increase in sales by the end of the quarter is our primary goal for this year."""
639,going places,"With her talent and hard work, she's definitely going places in her career.","With her talent and hard work, she's definitely going places in her career."
640,Goods,The store received a shipment of new goods today.,The store received a shipment of new goods today.
641,Gradually,The company is gradually expanding its operations into new markets.,The company is gradually expanding its operations into new markets.
642,Grievance,Employees should file a grievance if they have any concerns about workplace conditions,Employees should file a grievance if they have any concerns about workplace conditions
643,Grill,The manager will grill the candidate with detailed questions during the interview.,The manager will grill the candidate with detailed questions during the interview.
644,Growth,The company’s growth has been impressive over the past year,The company’s growth has been impressive over the past year
645,grudge,She held a grudge against him for years after the argument.,She held a grudge against him for years after the argument.
646,Guarantee,The product comes with a two-year guarantee for any defects,The product comes with a two-year guarantee for any defects
647,Guidelines,Follow the safety guidelines to ensure a safe working environment,Follow the safety guidelines to ensure a safe working environment
648,Haggle,Customers often haggle over prices at the local marke,Customers often haggle over prices at the local marke
649,Handle,She knows how to handle difficult situations with professionalism.,She knows how to handle difficult situations with professionalism.
650,Handy,This new tool is very handy for organizing files efficiently.,This new tool is very handy for organizing files efficiently.
651,Harbor,The ship docked at the harbor after a long journey.,The ship docked at the harbor after a long journey.
652,hard cash,They prefer to pay in hard cash rather than using credit cards.,They prefer to pay in hard cash rather than using credit cards.
653,hard labour,The prisoners were sentenced to hard labor for their crimes.,The prisoners were sentenced to hard labor for their crimes.
654,hard sell,The salesman used a hard sell approach to convince customers to buy the product.,The salesman used a hard sell approach to convince customers to buy the product.
655,hardship,The family endured many hardships during the war.,The family endured many hardships during the war. (Ajout de 'hardship')
656,Harmful,nan,nan (Ajout de 'Harmful')
657,hatred,His hatred for his rival was evident in his words.,His hatred for his rival was evident in his words.
658,Have,Do you have enough money to cover the expenses?,Do you have enough money to cover the expenses?
659,Hazardous,The chemicals are stored in a separate area because they are hazardous to handle,The chemicals are stored in a separate area because they are hazardous to handle
660,Head office,Our head office is located in the city center,Our head office is located in the city center
661,Head up,She will head up the new marketing team starting next month,She will head up the new marketing team starting next month
662,Headquarters,The company's headquarters is in New York.,The company's headquarters is in New York.
663,Hesitate,Don't hesitate to contact us if you have any questions.,Don't hesitate to contact us if you have any questions.
664,Hesitation,His hesitation was evident when he was asked to lead the project.,His hesitation was evident when he was asked to lead the project.
665,Hide,The sensitive documents should be hidden in a secure location,The sensitive documents should be hidden in a secure location (Ajout de 'Hide')
666,high flyer,She is considered a high flyer due to her rapid career advancement,She is considered a high flyer due to her rapid career advancement
667,Highlight,The presentation will highlight the key findings of the report,The presentation will highlight the key findings of the report
668,Highly,The new software is highly effective in improving productivity.,The new software is highly effective in improving productivity.
669,Hike,The company plans to hike salaries by 5% next year,The company plans to hike salaries by 5% next year
670,Hire,We need to hire a new team member to handle the increased workload.,We need to hire a new team member to handle the increased workload.
671,Hold,Please hold the line while I transfer your call to the appropriate department.,Please hold the line while I transfer your call to the appropriate department.
672,Hold up,The traffic jam held up the delivery by two hours.,The traffic jam held up the delivery by two hours.
673,Homepage,"""The homepage showcases the main features of the website.""","""The homepage showcases the main features of the website."""
674,Host,"""The company will host the annual conference next month.""","""The company will host the annual conference next month."""
675,Identification,dentification is required for facility access,dentification is required for facility access (Ajout de 'Identification')
676,Identify,The team will identify key areas for improvement,The team will identify key areas for improvement
677,Imaginative,The campaign was praised for its imaginative ideas.,The campaign was praised for its imaginative ideas.
678,Immediate,The team provided immediate support for the issue,The team provided immediate support for the issue
679,Immediately,Please report any problems immediately,Please report any problems immediately
680,Impact,The policy will have a major impact on productivity.,The policy will have a major impact on productivity.
681,impaired,His hearing is impaired due to years of exposure to loud noise.,His hearing is impaired due to years of exposure to loud noise.
682,Impatient,The manager was impatient with the delays,The manager was impatient with the delays
683,Implement,The company will implement a new CRM system,The company will implement a new CRM system
684,imply ,His tone seemed to imply that he was unhappy with the decision.,His tone seemed to imply that he was unhappy with the decision.
685,Impression,Her first impression of the company was very positive.,Her first impression of the company was very positive.
686,Improper,Using your phone during the meeting is considered improper behavior.,Using your phone during the meeting is considered improper behavior.
687,Improve,We need to find ways to improve our customer service.,We need to find ways to improve our customer service.
688,Improvement,There's been noticeable improvement in employee productivity since the new policy was implemented,There's been noticeable improvement in employee productivity since the new policy was implemented
689,Incentive,The company offers bonuses as an incentive for meeting sales targets,The company offers bonuses as an incentive for meeting sales targets
690,Inclined,She felt inclined to support the new initiative after learning more about its benefits.,She felt inclined to support the new initiative after learning more about its benefits.
691,Include,Please include all relevant details in your report.,Please include all relevant details in your report.
692,Inclusion,The inclusion of diverse perspectives in the team has enhanced creativity,The inclusion of diverse perspectives in the team has enhanced creativity
693,Income,Her primary source of income comes from freelance writing.,Her primary source of income comes from freelance writing.
694,Inconvenience,I apologize for the inconvenience caused by the delayed shipment,I apologize for the inconvenience caused by the delayed shipment
695,Increase,We plan to increase our marketing budget next quarter.,We plan to increase our marketing budget next quarter.
696,Indicate,Early signs indicate that the new strategy is working,Early signs indicate that the new strategy is working
697,Indication,An increase in sales is a strong indication of market demand.,An increase in sales is a strong indication of market demand.
698,Individual,Each individual will be assigned a specific task for the project.,Each individual will be assigned a specific task for the project.
699,Individually,The reports will be evaluated individually to assess performance.,The reports will be evaluated individually to assess performance.
700,Inexperienced,"Although she is inexperienced, she shows great potential.","Although she is inexperienced, she shows great potential."
701,Infer,"From the data, we can infer that sales will rise in the coming months","From the data, we can infer that sales will rise in the coming months"
702,Inflate,Be careful not to inflate the numbers in the financial report,Be careful not to inflate the numbers in the financial report
703,Inflation,Inflation has led to higher costs for raw materials,Inflation has led to higher costs for raw materials
704,Influence,Her recommendations had a significant influence on the final decision.,Her recommendations had a significant influence on the final decision.
705,Influential,He is an influential leader in the tech industry,He is an influential leader in the tech industry
706,Information,Please provide the necessary information for the application.,Please provide the necessary information for the application.
707,Input,Your input on the project will be valuable for its success.,Your input on the project will be valuable for its success.
708,Inquiry,We received an inquiry from a potential client about our services.,We received an inquiry from a potential client about our services.
709,Install,We need to install the new software by the end of the week.,We need to install the new software by the end of the week.
710,Installation,The installation of the new system is scheduled for next Monday,The installation of the new system is scheduled for next Monday
711,Insurance,Make sure you have adequate insurance coverage for the property,Make sure you have adequate insurance coverage for the property
712,Insure,We need to insure the equipment against potential damage.,We need to insure the equipment against potential damage.
713,Intend,I intend to submit the report by the end of the day,I intend to submit the report by the end of the day
714,Intention,Her intention was to improve the team's workflow.,Her intention was to improve the team's workflow.
715,Intently,He listened intently to the instructions before starting the task.,He listened intently to the instructions before starting the task.
716,Intern,She is working as an intern in the marketing department,She is working as an intern in the marketing department
717,Internal,The internal memo will be distributed to all employees.,The internal memo will be distributed to all employees.
718,International,The company is focusing on expanding its international market presence.,The company is focusing on expanding its international market presence.
719,Internship,She completed a six-month internship with the finance department.,She completed a six-month internship with the finance department.
720,Interrupt,Please do not interrupt while others are speaking.,Please do not interrupt while others are speaking.
721,Interview,He has a job interview scheduled for tomorrow morning,He has a job interview scheduled for tomorrow morning
722,Invaluable,Her experience has been invaluable to the success of the project.,Her experience has been invaluable to the success of the project.
723,Invent,He hopes to invent a new gadget that will revolutionize the industry.,He hopes to invent a new gadget that will revolutionize the industry.
724,Invention,The smartphone is one of the most significant inventions of the 21st century.,The smartphone is one of the most significant inventions of the 21st century. (Ajout de 'Invention')
725,Inventory,We need to conduct a thorough inventory of all office supplies.,We need to conduct a thorough inventory of all office supplies.
726,Invest,The company plans to invest in new technologies to stay competitive.,The company plans to invest in new technologies to stay competitive.
727,Investigate,The team will investigate the cause of the equipment failure.,The team will investigate the cause of the equipment failure.
728,Investigation,An internal investigation is underway to address the security breach.,An internal investigation is underway to address the security breach.
729,Investment,Real estate has proven to be a solid investment over the years.,Real estate has proven to be a solid investment over the years.
730,Invite,We would like to invite you to our annual company event.,We would like to invite you to our annual company event.
731,Invoice,Please send the invoice for the completed services by the end of the week.,Please send the invoice for the completed services by the end of the week.
732,involve,The project will involve collaboration between multiple departments.,The project will involve collaboration between multiple departments.
733,Irrelevant,Please remove any irrelevant information from the report.,Please remove any irrelevant information from the report.
734,Isolate,We need to isolate the problem to determine its cause,We need to isolate the problem to determine its cause
735,Issue,We need to address the issue of delayed deliveries,We need to address the issue of delayed deliveries
736,Item,Each item on the list must be checked for accuracy.,Each item on the list must be checked for accuracy.
737,Itemize,Please itemize all expenses in your expense report.,Please itemize all expenses in your expense report.
738,Itinerary,Here is the itinerary for the upcoming business trip.,Here is the itinerary for the upcoming business trip.
739,Jealous,He felt jealous of his colleague’s recent promotion.,He felt jealous of his colleague’s recent promotion.
740,Jeopardize,Failing to meet the deadline could jeopardize the project’s success.,Failing to meet the deadline could jeopardize the project’s success.
741,Jeopardy,The company's future is in jeopardy if the issues are not resolved.,The company's future is in jeopardy if the issues are not resolved.
742,Jobless,Many jobless individuals are seeking new opportunities in the current job market,Many jobless individuals are seeking new opportunities in the current job market
743,Join,Would you like to join us for the team-building event?,Would you like to join us for the team-building event?
744,Joint,The joint venture between the two companies aims to develop new technologies.,The joint venture between the two companies aims to develop new technologies.
745,Journal,She keeps a journal to track her daily progress and reflections.,She keeps a journal to track her daily progress and reflections.
746,Journey,The journey to establish the new branch was challenging but rewarding,The journey to establish the new branch was challenging but rewarding
747,Judge,The judge will announce the verdict at the end of the trial.,The judge will announce the verdict at the end of the trial.
748,Justice,The organization is committed to promoting social justice.,The organization is committed to promoting social justice.
749,Justification,He provided a detailed justification for the budget increase,He provided a detailed justification for the budget increase
750,Justify,You need to justify the additional expenses in your report.,You need to justify the additional expenses in your report.
751,Keen,She is keen to learn more about the new project.,She is keen to learn more about the new project.
752,Keep,Please keep all confidential documents in a secure location.,Please keep all confidential documents in a secure location.
753,keep,We need to keep track of all project milestones.,We need to keep track of all project milestones.
754,Knock,Please knock before entering the office.,Please knock before entering the office.
755,Know,I need to know the deadline for the project,I need to know the deadline for the project
756,Knowledge,Her extensive knowledge of the industry is a great asset to the team.,Her extensive knowledge of the industry is a great asset to the team.
757,Knowledgeable,He is very knowledgeable about the latest technology trends.,He is very knowledgeable about the latest technology trends.
758,Label,Make sure to label all files clearly for easy identification.,Make sure to label all files clearly for easy identification.
759,Labor,The project required significant labor to complete on time,The project required significant labor to complete on time
760,Lack,The team faced challenges due to a lack of resources.,The team faced challenges due to a lack of resources.
761,Landlord,The landlord agreed to fix the heating system promptly.,The landlord agreed to fix the heating system promptly.
762,Laptop,She uses her laptop for most of her work tasks,She uses her laptop for most of her work tasks
763,Launch,The company will launch the new product next month.,The company will launch the new product next month.
764,Law,The new regulations are based on recent changes in the law.,The new regulations are based on recent changes in the law.
765,Lay off,The company had to lay off several employees due to budget cuts,The company had to lay off several employees due to budget cuts
766,Leak,There was a leak in the system that compromised the data.,There was a leak in the system that compromised the data.
767,Lean,The company needs to lean on its strengths to stay competitive.,The company needs to lean on its strengths to stay competitive.
768,Lease,We decided to lease the office space for five years.,We decided to lease the office space for five years.
769,Leisure,He enjoys leisure activities like reading and hiking on weekends.,He enjoys leisure activities like reading and hiking on weekends.
770,Lend,Could you lend me your notes for the meeting?,Could you lend me your notes for the meeting?
771,Lengthy,"The review process was lengthy, but it was thorough.","The review process was lengthy, but it was thorough."
772,Level off,Sales figures are expected to level off after the initial surge.,Sales figures are expected to level off after the initial surge.
773,Liability,The company has a liability to ensure safe working conditions.,The company has a liability to ensure safe working conditions.
774,License,Ensure you have a valid license before operating the equipment.,Ensure you have a valid license before operating the equipment.
775,Licensing,The licensing process for the new software is straightforward.,The licensing process for the new software is straightforward.
776,Lie,Don’t lie about your qualifications on the resume.,Don’t lie about your qualifications on the resume.
777,Limited,The offer is available for a limited time only.,The offer is available for a limited time only.
778,Limousine,The client arrived at the event in a luxury limousine.,The client arrived at the event in a luxury limousine.
779,Line,Please stand in line to check in for your flight.,Please stand in line to check in for your flight.
780,List,I’ve created a list of items to purchase for the office.,I’ve created a list of items to purchase for the office.
781,Livestock,"The farm's livestock includes cattle, sheep, and chickens.","The farm's livestock includes cattle, sheep, and chickens."
782,Loan,They applied for a loan to finance the new business venture.,They applied for a loan to finance the new business venture.
783,Lobby,The company’s new headquarters has a spacious lobby that impresses all visitors.,The company’s new headquarters has a spacious lobby that impresses all visitors.
784,Local,We prefer to support local businesses whenever possible.,We prefer to support local businesses whenever possible.
785,Locate,The HR department is trying to locate the missing employee files.,The HR department is trying to locate the missing employee files.
786,Location,The retail store's prime location in the city center attracts a lot of foot traffic.,The retail store's prime location in the city center attracts a lot of foot traffic.
787,Log on,Employees need to log on to the company’s intranet daily to check for updates.,Employees need to log on to the company’s intranet daily to check for updates.
788,Log out,Please remember to log out of your account before leaving the office.,Please remember to log out of your account before leaving the office.
789,Look forward to,We look forward to meeting with the new clients next week.,We look forward to meeting with the new clients next week.
790,Look to,The company will look to expand its market share in the coming year.,The company will look to expand its market share in the coming year.
791,Loyal,Our loyal customers are the backbone of our business.,Our loyal customers are the backbone of our business.
792,Luggage,The business traveler packed his luggage carefully for the week-long conference.,The business traveler packed his luggage carefully for the week-long conference.
793,lukewarm,The new product received a ukewarm response from the focus group.,The new product received a ukewarm response from the focus group. (Ajout de 'lukewarm')
794,Luxurious,The brand is known for its luxurious products that cater to high-end clients.,The brand is known for its luxurious products that cater to high-end clients.
795,Luxury,Providing luxury services has always been at the heart of our business strategy.,Providing luxury services has always been at the heart of our business strategy.
796,Maintain,It’s essential to maintain strong relationships with our suppliers.,It’s essential to maintain strong relationships with our suppliers.
797,Maintenance,Regular maintenance of the company’s equipment is crucial to avoid downtime.,Regular maintenance of the company’s equipment is crucial to avoid downtime.
798,Major,The new policy change is a major shift in how we do business.,The new policy change is a major shift in how we do business.
799,making up,The marketing team is making up for the lost time by launching new campaigns.,The marketing team is making up for the lost time by launching new campaigns.
800,Manage,She has been promoted to manage the company’s international operations.,She has been promoted to manage the company’s international operations.
801,Managerial,He is attending a managerial training program to enhance his leadership skills.,He is attending a managerial training program to enhance his leadership skills.
802,Mandatory,Attending the annual meeting is mandatory for all department heads.,Attending the annual meeting is mandatory for all department heads.
803,Manufacture,"The factory has the capacity to manufacture over 10,000 units per month.","The factory has the capacity to manufacture over 10,000 units per month."
804,Manufacturing,The company is investing in advanced manufacturing technologies to boost productivity.,The company is investing in advanced manufacturing technologies to boost productivity.
805,Mark up,The retailer applied a 20% mark up to the cost of the product.,The retailer applied a 20% mark up to the cost of the product.
806,Market,Understanding the market is key to developing a successful business strategy.,Understanding the market is key to developing a successful business strategy.
807,Market research,Market research indicates that there is a growing demand for eco-friendly products.,Market research indicates that there is a growing demand for eco-friendly products.
808,Marketing,Effective marketing is crucial to the success of any product launch.,Effective marketing is crucial to the success of any product launch.
809,Matter,Quality customer service is a matter of priority for our business.,Quality customer service is a matter of priority for our business.
810,mean,The new tax law could mean higher costs for small businesses.,The new tax law could mean higher costs for small businesses.
811,Mechanic,The company employs a full-time mechanic to maintain its fleet of vehicles.,The company employs a full-time mechanic to maintain its fleet of vehicles.
812,Medic,A trained medic is always present on-site to ensure workplace safety.,A trained medic is always present on-site to ensure workplace safety.
813,Medical,The company offers comprehensive medical benefits to all employees.,The company offers comprehensive medical benefits to all employees.
814,Medication,Employees are advised to inform HR if they are on any long-term medication.,Employees are advised to inform HR if they are on any long-term medication.
815,Medicine,The pharmaceutical division is launching a new line of medicine next year.,The pharmaceutical division is launching a new line of medicine next year.
816,Meeting,The board meeting has been scheduled for 10 a.m. on Thursday.,The board meeting has been scheduled for 10 a.m. on Thursday.
817,Membership,The executive team has approved the company’s membership in the local business chamber.,The executive team has approved the company’s membership in the local business chamber.
818,Memo,A memo was sent out to all staff outlining the new office procedures.,A memo was sent out to all staff outlining the new office procedures.
819,Memorandum,The memorandum of understanding between the two companies was signed yesterday.,The memorandum of understanding between the two companies was signed yesterday.
820,Mention,Please make sure to mention our latest products during your sales pitch.,Please make sure to mention our latest products during your sales pitch.
821,Merchandise,The company’s new line of merchandise will be available online next month.,The company’s new line of merchandise will be available online next month.
822,Mere,The mere presence of a strong leader can inspire confidence in the team.,The mere presence of a strong leader can inspire confidence in the team.
823,Merge,The two companies plan to merge their operations to streamline services.,The two companies plan to merge their operations to streamline services.
824,Merger,The merger between the two tech giants was finalized last quarter.,The merger between the two tech giants was finalized last quarter.
825,Merger,Employees can claim mileage reimbursement for business-related travel.,Employees can claim mileage reimbursement for business-related travel. (Ajout de 'Merger')
826,Mileage,The company hit its target of earning a million dollars in revenue this quarter.,The company hit its target of earning a million dollars in revenue this quarter. (Ajout de 'Mileage')
827,Million,"The client seemed to mishear the details of our proposal, so we clarified the terms.","The client seemed to mishear the details of our proposal, so we clarified the terms. (Ajout de 'Million')"
828,Mishear,The advertisement was found to be misleading and had to be retracted.,The advertisement was found to be misleading and had to be retracted. (Ajout de 'Mishear')
829,Misleading,It’s important never to misrepresent the features of a product to customers.,It’s important never to misrepresent the features of a product to customers. (Ajout de 'Misleading')
830,Misrepresent,"The salesperson did not intend to misrepresent the product, but the customer felt deceived by the description.","The salesperson did not intend to misrepresent the product, but the customer felt deceived by the description."
831,Mix-up,A mix-up in the shipping department caused the wrong items to be delivered to the customer.,A mix-up in the shipping department caused the wrong items to be delivered to the customer.
832,Monitor,The security team will monitor the premises 24/7 to ensure safety.,The security team will monitor the premises 24/7 to ensure safety.
833,monitoring,Continuous monitoring of the stock market is essential for successful trading.,Continuous monitoring of the stock market is essential for successful trading.
834,Monument,The city unveiled a new monument to honor the fallen heroes of the war.,The city unveiled a new monument to honor the fallen heroes of the war.
835,Mortgage,They decided to take out a mortgage to buy their dream home.,They decided to take out a mortgage to buy their dream home.
836,Motivate,The coach used various strategies to motivate the team before the big game.,The coach used various strategies to motivate the team before the big game.
837,Motivation,Employee motivation is key to improving productivity in the workplace.,Employee motivation is key to improving productivity in the workplace.
838,Napkin,He carefully placed a napkin on his lap before beginning his meal.,He carefully placed a napkin on his lap before beginning his meal.
839,Narrow,The narrow road made it difficult for two cars to pass each other.,The narrow road made it difficult for two cars to pass each other.
840,Narrowing,The narrowing of the gap between the two competitors made the race more exciting.,The narrowing of the gap between the two competitors made the race more exciting.
841,Neighborhood,The neighborhood is known for its friendly residents and tree-lined streets.,The neighborhood is known for its friendly residents and tree-lined streets.
842,Network, Building a strong network of professional contacts is crucial for career advancement., Building a strong network of professional contacts is crucial for career advancement.
843,Nominate,The board will nominate three candidates for the position of CEO.,The board will nominate three candidates for the position of CEO.
844,Nomination,Her nomination for the award was announced at the annual gala.,Her nomination for the award was announced at the annual gala.
845,Notice,The employee submitted a notice of resignation to the HR department.,The employee submitted a notice of resignation to the HR department.
846,Notify,Please notify us immediately if there are any changes to your itinerary.,Please notify us immediately if there are any changes to your itinerary.
847,Objection,"The lawyer raised an objection during the trial, arguing that the evidence was inadmissible.","The lawyer raised an objection during the trial, arguing that the evidence was inadmissible."
848,Objective,The main objective of the project is to reduce costs by 20%.,The main objective of the project is to reduce costs by 20%.
849,Obligation,It is our obligation to provide accurate information to our clients.,It is our obligation to provide accurate information to our clients.
850,obligation ,It is our obligation to provide accurate information to our clients.,It is our obligation to provide accurate information to our clients.
851,Oblige,The manager felt obliged to extend the deadline due to the unforeseen circumstances.,The manager felt obliged to extend the deadline due to the unforeseen circumstances. (Ajout de 'Oblige')
852,Obtain,She worked hard to obtain her master’s degree in business administration.,She worked hard to obtain her master’s degree in business administration.
853,obtain ,You need to obtain a permit before starting the construction.,You need to obtain a permit before starting the construction.
854,Obviously,"Obviously, we need to review the contract before signing it.","Obviously, we need to review the contract before signing it."
855,Occupation,His occupation as an architect requires a great deal of creativity and precision.,His occupation as an architect requires a great deal of creativity and precision.
856,Occur,The error occurred because of a misunderstanding between the departments.,The error occurred because of a misunderstanding between the departments. (Ajout de 'Occur')
857,Offer,The company decided to offer a discount to attract new customers.,The company decided to offer a discount to attract new customers.
858,Officer,The compliance officer ensures that all regulatory requirements are met.,The compliance officer ensures that all regulatory requirements are met.
859,Official,The official report will be released to the public tomorrow.,The official report will be released to the public tomorrow.
860,Offset,The company planted trees to offset its carbon emissions.,The company planted trees to offset its carbon emissions.
861,Onward," From this day onward, all employees must clock in using the new system."," From this day onward, all employees must clock in using the new system."
862,Operate,The machine can operate at full capacity for eight hours without overheating.,The machine can operate at full capacity for eight hours without overheating.
863,Operation,"The operation was a success, and production increased by 15%.","The operation was a success, and production increased by 15%."
864,Opinion,"In my opinion, the new policy will benefit the company in the long run.","In my opinion, the new policy will benefit the company in the long run."
865,Opportunity,nan,nan (Ajout de 'Opportunity')
866,Optimistic,The team is optimistic about meeting their sales targets this quarter.,The team is optimistic about meeting their sales targets this quarter.
867,Order,Please place your order before the end of the day to ensure next-day delivery.,Please place your order before the end of the day to ensure next-day delivery.
868,Organization,The organization is known for its charitable work and community service.,The organization is known for its charitable work and community service.
869,Organize,We need to organize a meeting to discuss the upcoming project.,We need to organize a meeting to discuss the upcoming project.
870,Organized,"The event was well-organized, with everything running smoothly.","The event was well-organized, with everything running smoothly."
871,Original,The original manuscript was found in the library archives.,The original manuscript was found in the library archives.
872,Outlet,The company opened a new outlet in the downtown shopping district.,The company opened a new outlet in the downtown shopping district.
873,Outline,The presentation should include an outline of the project’s objectives and timeline.,The presentation should include an outline of the project’s objectives and timeline.
874,Outlook,The economic outlook for the next quarter is positive.,The economic outlook for the next quarter is positive.
875,Outsource ,The company decided to outsource its customer service operations to reduce costs.,The company decided to outsource its customer service operations to reduce costs.
876,Outstanding,The accountant found several outstanding invoices that needed to be paid.,The accountant found several outstanding invoices that needed to be paid.
877,Overall,"Overall, the project was a success, despite a few minor setbacks.","Overall, the project was a success, despite a few minor setbacks."
878,Overcrowded,"The subway was overcrowded during rush hour, making it difficult to board.","The subway was overcrowded during rush hour, making it difficult to board."
879,Overdraft,He was charged an overdraft fee for withdrawing more money than he had in his account.,He was charged an overdraft fee for withdrawing more money than he had in his account.
880,overdrew,She accidentally overdrew her account by making an unexpected purchase.,She accidentally overdrew her account by making an unexpected purchase.
881,overflowed,"The river overflowed its banks after the heavy rainfall, causing widespread flooding.","The river overflowed its banks after the heavy rainfall, causing widespread flooding."
882,overran,The project overran its budget due to unexpected costs.,The project overran its budget due to unexpected costs.
883,Overseas,The company is expanding its operations to several overseas markets.,The company is expanding its operations to several overseas markets.
884,Overtime,The employees worked overtime to complete the project by the deadline.,The employees worked overtime to complete the project by the deadline.
885,overtook,The new product quickly overtook the competition in market share.,The new product quickly overtook the competition in market share.
886,Overview,The report provides an overview of the company's performance over the last year.,The report provides an overview of the company's performance over the last year.
887,Owepackage,You still owe a package of deliverables to the client.,You still owe a package of deliverables to the client. (Ajout de 'Owepackage')
888,Package,The package was delivered to your office this morning.,The package was delivered to your office this morning.
889,Package tour,"The package tour included flights, accommodation, and guided excursions.","The package tour included flights, accommodation, and guided excursions."
890,Parcel,The parcel arrived a day earlier than expected.,The parcel arrived a day earlier than expected.
891,Parking lot,"The parking lot was full, so we had to park on the street.","The parking lot was full, so we had to park on the street."
892,Participant,Each participant in the workshop received a certificate of completion.,Each participant in the workshop received a certificate of completion.
893,Particularly,She was particularly interested in the seminar on digital marketing.,She was particularly interested in the seminar on digital marketing.
894,particulars,Please provide the particulars of the agreement in writing.,Please provide the particulars of the agreement in writing.
895,Party,The company hosted a party to celebrate its 50th anniversary.,The company hosted a party to celebrate its 50th anniversary.
896,Passenger,Each passenger must present a valid ticket before boarding the train.,Each passenger must present a valid ticket before boarding the train.
897,Patent,The inventor filed for a patent to protect his new design.,The inventor filed for a patent to protect his new design.
898,Patented,"The product was patented, preventing competitors from copying the design.","The product was patented, preventing competitors from copying the design."
899,Patience,Patience is key when dealing with difficult customers.,Patience is key when dealing with difficult customers.
900,Pay off,Hard work and dedication will eventually pay off.,Hard work and dedication will eventually pay off.
901,Payment,Please make the payment by the due date to avoid late fees.,Please make the payment by the due date to avoid late fees.
902,peculiarities,The peculiarities of the local market must be considered in our strategy.,The peculiarities of the local market must be considered in our strategy.
903,peg,The exchange rate was pegged to the dollar to stabilize the economy.,The exchange rate was pegged to the dollar to stabilize the economy. (Ajout de 'peg')
904,Perform,The musician will perform at the concert hall tonight.,The musician will perform at the concert hall tonight.
905,perform ,He was asked to perform several tasks outside his usual responsibilities.,He was asked to perform several tasks outside his usual responsibilities.
906,Performance,The company’s financial performance exceeded expectations this quarter.,The company’s financial performance exceeded expectations this quarter.
907,Permanent,She was offered a permanent position after completing her probationary period.,She was offered a permanent position after completing her probationary period.
908,Permission,You must obtain permission from the manager before taking time off.,You must obtain permission from the manager before taking time off.
909,Permit,The city issued a permit for the construction of the new building.,The city issued a permit for the construction of the new building.
910,Personal,She keeps her personal and professional life separate.,She keeps her personal and professional life separate.
911,Personalized,The company offers personalized service to each of its clients.,The company offers personalized service to each of its clients.
912,Personnel,The personnel department is responsible for hiring and training new employees.,The personnel department is responsible for hiring and training new employees.
913,Persuade,He managed to persuade the board to approve the new project.,He managed to persuade the board to approve the new project.
914,Pessimistic,The economist was pessimistic about the prospects for economic recovery.,The economist was pessimistic about the prospects for economic recovery.
915,Phase out,The company plans to phase out its older products to make room for new ones.,The company plans to phase out its older products to make room for new ones.
916,pick on,It's not fair to pick on someone just because they're different.,It's not fair to pick on someone just because they're different.
917,pick out,She helped her friend pick out a dress for the party.,She helped her friend pick out a dress for the party.
918,Pick up,Can you pick up the package from the post office on your way home?,Can you pick up the package from the post office on your way home?
919,Pick up the check,He generously offered to pick up the check at the restaurant.,He generously offered to pick up the check at the restaurant.
920,pick with,He always seems to pick with people who disagree with him.,He always seems to pick with people who disagree with him.
921,Plant,The company is opening a new manufacturing plant in the region.,The company is opening a new manufacturing plant in the region.
922,Platform,The new software platform will improve efficiency across the organization.,The new software platform will improve efficiency across the organization.
923,Pleasant, It was a pleasant surprise to see an old friend at the conference., It was a pleasant surprise to see an old friend at the conference.
924,Plow,The farmer used a tractor to plow the fields before planting crops.,The farmer used a tractor to plow the fields before planting crops.
925,Plug in, Make sure to plug in the device before turning it on., Make sure to plug in the device before turning it on.
926,Plumber, We had to call a plumber to fix the leaking pipe in the kitchen., We had to call a plumber to fix the leaking pipe in the kitchen.
927,Point,The speaker made an important point about the need for sustainable practices.,The speaker made an important point about the need for sustainable practices.
928,Pointless,Arguing with him is pointless because he never changes his mind.,Arguing with him is pointless because he never changes his mind.
929,Policy,The company’s new policy requires employees to wear ID badges at all times.,The company’s new policy requires employees to wear ID badges at all times.
930,Polite,"It’s important to be polite when dealing with customers, even in difficult situations.","It’s important to be polite when dealing with customers, even in difficult situations."
931,political,The political climate in the country is affecting business operations.,The political climate in the country is affecting business operations.
932,politically,The decision was made to avoid any politically sensitive issues.,The decision was made to avoid any politically sensitive issues.
933,Politician,The politician gave a speech on the importance of education reform.,The politician gave a speech on the importance of education reform.
934,politician, The politician was criticized for not keeping his campaign promises., The politician was criticized for not keeping his campaign promises.
935,Politics,Office politics can sometimes be as challenging as,Office politics can sometimes be as challenging as
936,Poll,The latest poll shows that the candidate is leading by a narrow margin.,The latest poll shows that the candidate is leading by a narrow margin.
937,Pollute,Factories that pollute the environment are subject to heavy fines.,Factories that pollute the environment are subject to heavy fines.
938,Popular,The new smartphone model is very popular among consumers.,The new smartphone model is very popular among consumers.
939,Popularity,The popularity of the product soared after the ad campaign.,The popularity of the product soared after the ad campaign.
940,Position,She was promoted to the position of marketing manager.,She was promoted to the position of marketing manager.
941,Postpone,The meeting was postponed until next week due to scheduling conflicts.,The meeting was postponed until next week due to scheduling conflicts. (Ajout de 'Postpone')
942,Postpone ,The postponement of the event disappointed many attendees.,The postponement of the event disappointed many attendees. (Ajout de 'Postpone ')
943,Postponement,The new market has great potential for growth.,The new market has great potential for growth. (Ajout de 'Postponement')
944,Potential,The power outage caused significant disruption to the manufacturing process.,The power outage caused significant disruption to the manufacturing process. (Ajout de 'Potential')
945,Power,The course offers practical advice for starting a small business.,The course offers practical advice for starting a small business. (Ajout de 'Power')
946,Practical,The solution was practically perfect for the problem at hand.,The solution was practically perfect for the problem at hand. (Ajout de 'Practical')
947,Practically,Analysts predict that the company’s profits will increase next year.,Analysts predict that the company’s profits will increase next year. (Ajout de 'Practically')
948,Predict,The outcome of the negotiation was predictable given the circumstances.,The outcome of the negotiation was predictable given the circumstances. (Ajout de 'Predict')
949,Predictable,I prefer to work in a quiet environment where I can concentrate.,I prefer to work in a quiet environment where I can concentrate. (Ajout de 'Predictable')
950,Prefer,Most customers prefer the new model over the old one.,Most customers prefer the new model over the old one.
951,prefer,"The position requires a degree in engineering, preferably with some experience.","The position requires a degree in engineering, preferably with some experience. (Ajout de 'prefer')"
952,preferably,She has a preference for working with international clients.,She has a preference for working with international clients. (Ajout de 'preferably')
953,Preference,The company’s preference is to hire candidates with relevant experience.,The company’s preference is to hire candidates with relevant experience.
954,preference,He is the preferred candidate for the job due to his extensive experience.,He is the preferred candidate for the job due to his extensive experience. (Ajout de 'preference')
955,preferred,Smoking is not allowed on the company premises.,Smoking is not allowed on the company premises. (Ajout de 'preferred')
956,Premises,It’s important to prepare thoroughly before the client meeting.,It’s important to prepare thoroughly before the client meeting. (Ajout de 'Premises')
957,Prepare,The CEO will present the annual report to the board of directors.,The CEO will present the annual report to the board of directors. (Ajout de 'Prepare')
958,Present,The presentation was well-received by the audience.,The presentation was well-received by the audience. (Ajout de 'Present')
959,Presentation,The press conference will be held at the main office tomorrow.,The press conference will be held at the main office tomorrow. (Ajout de 'Presentation')
960,Press,The new policy is designed to prevent fraud in the financial system.,The new policy is designed to prevent fraud in the financial system. (Ajout de 'Press')
961,Prevent,Prevention of data breaches is a top priority for the IT department.,Prevention of data breaches is a top priority for the IT department. (Ajout de 'Prevent')
962,Prevention,The price of the product was reduced to attract more customers.,The price of the product was reduced to attract more customers. (Ajout de 'Prevention')
963,Price,The painting was considered priceless due to its historical significance.,The painting was considered priceless due to its historical significance. (Ajout de 'Price')
964,Priceless,The experience of working with a mentor was priceless for her career.,The experience of working with a mentor was priceless for her career.
965,priceless,The company’s efforts are primarily focused on expanding into new markets.,The company’s efforts are primarily focused on expanding into new markets. (Ajout de 'priceless')
966,Primarily,The issue is primarily a matter of resource allocation.,The issue is primarily a matter of resource allocation.
967,primarily (adverb),The principal reason for the delay was a shortage of materials.,The principal reason for the delay was a shortage of materials. (Ajout de 'primarily (adverb)')
968,Principal,The company operates on the principle of honesty and integrity.,The company operates on the principle of honesty and integrity. (Ajout de 'Principal')
969,Principle,Ensuring customer satisfaction is our top priority.,Ensuring customer satisfaction is our top priority. (Ajout de 'Principle')
970,Priority,The project was given priority due to its importance to the company.,The project was given priority due to its importance to the company.
971,Priority,The meeting was held in private to discuss sensitive matters.,The meeting was held in private to discuss sensitive matters. (Ajout de 'Priority')
972,Private,The probability of success depends on several factors.,The probability of success depends on several factors. (Ajout de 'Private')
973,Probability,He will probably attend the conference if his schedule allows.,He will probably attend the conference if his schedule allows. (Ajout de 'Probability')
974,Probably,New employees must complete a probationary period before becoming permanent.,New employees must complete a probationary period before becoming permanent. (Ajout de 'Probably')
975,Probationary,"After receiving approval, the team will proceed with the project.","After receiving approval, the team will proceed with the project. (Ajout de 'Probationary')"
976,Proceed ,"The hiring process involves several stages, including interviews and background checks.","The hiring process involves several stages, including interviews and background checks. (Ajout de 'Proceed ')"
977,Process,The team had a productive meeting where several ideas were generated.,The team had a productive meeting where several ideas were generated. (Ajout de 'Process')
978,Productive,"She had a very productive day, completing all her tasks ahead of schedule.","She had a very productive day, completing all her tasks ahead of schedule."
979,productive (adjective),She chose medicine as her profession because of her passion for helping others.,She chose medicine as her profession because of her passion for helping others. (Ajout de 'productive (adjective)')
980,Profession,It’s important to maintain a professional attitude in the workplace.,It’s important to maintain a professional attitude in the workplace. (Ajout de 'Profession')
981,Professional,The company’s profile has risen since it was featured in a major business magazine.,The company’s profile has risen since it was featured in a major business magazine. (Ajout de 'Professional')
982,Profile,The company’s profit increased by 15% compared to last year.,The company’s profit increased by 15% compared to last year. (Ajout de 'Profile')
983,Profit,The profitability of the new product line is higher than expected.,The profitability of the new product line is higher than expected. (Ajout de 'Profit')
984,Profitability,The investment proved to be highly profitable within just a few months.,The investment proved to be highly profitable within just a few months. (Ajout de 'Profitability')
985,Profitable,The team made significant progress on the project this week.,The team made significant progress on the project this week. (Ajout de 'Profitable')
986,Progress,The progress of the construction project is being closely monitored.,The progress of the construction project is being closely monitored.
987,Progress,The company takes a progressive approach to employee development.,The company takes a progressive approach to employee development. (Ajout de 'Progress')
988,Progressive,The new law will prohibit smoking in all public places.,The new law will prohibit smoking in all public places. (Ajout de 'Progressive')
989,Prohibit,The company is planning a new project that will expand its market share.,The company is planning a new project that will expand its market share. (Ajout de 'Prohibit')
990,Project,The use of smartphones has proliferated rapidly in recent years.,The use of smartphones has proliferated rapidly in recent years. (Ajout de 'Project')
991,proliferated,He made a promise to deliver the project on time and within budget.,He made a promise to deliver the project on time and within budget. (Ajout de 'proliferated')
992,Promise,The company plans to promote its new product through an extensive advertising campaign.,The company plans to promote its new product through an extensive advertising campaign. (Ajout de 'Promise')
993,Promote,She was promoted to senior manager after just two years with the company.,She was promoted to senior manager after just two years with the company. (Ajout de 'Promote')
994,promoted,The promotion included a pay raise and additional responsibilities.,The promotion included a pay raise and additional responsibilities. (Ajout de 'promoted')
995,Promotion,The manager’s prompt response to the issue helped prevent further delays.,The manager’s prompt response to the issue helped prevent further delays. (Ajout de 'Promotion')
996,Prompt,The prompt delivery of the goods ensured customer satisfaction.,The prompt delivery of the goods ensured customer satisfaction.
997,Promptly,The issue was promptly addressed by the technical support team.,The issue was promptly addressed by the technical support team.
998,Properly,It’s important to follow the instructions properly to avoid any issues.,It’s important to follow the instructions properly to avoid any issues.
999,Property,The company owns a large property in the industrial area.,The company owns a large property in the industrial area.
1000,Prospect(s),The prospects for growth in this market are very promising.,The prospects for growth in this market are very promising. (Ajout de 'Prospect(s)')
1001,prospered,The business prospered after implementing the new marketing strategy.,The business prospered after implementing the new marketing strategy.
1002,Protect,It is crucial to protect sensitive information from unauthorized access.,It is crucial to protect sensitive information from unauthorized access.
1003,Protection,The protection of intellectual property is vital for innovation.,The protection of intellectual property is vital for innovation.
1004,Publicity,The new product launch received a lot of publicity in the media.,The new product launch received a lot of publicity in the media.
1005,Publicize,The company plans to publicize its new initiative through social media.,The company plans to publicize its new initiative through social media.
1006,Pull out, The investor decided to pull out of the project due to unforeseen risks., The investor decided to pull out of the project due to unforeseen risks.
1007,Purchase, She made a large purchase at the electronics store., She made a large purchase at the electronics store.
1008,Purchase,The company decided to purchase new equipment to increase production.,The company decided to purchase new equipment to increase production.
1009,Purpose,The main purpose of the meeting is to discuss the upcoming project.,The main purpose of the meeting is to discuss the upcoming project.
1010,Pursue,He decided to pursue a career in finance after completing his degree.,He decided to pursue a career in finance after completing his degree.
1011,put off,They had to put off the meeting until next week due to scheduling conflicts.,They had to put off the meeting until next week due to scheduling conflicts.
1012,Put together,The team worked hard to put together a comprehensive proposal.,The team worked hard to put together a comprehensive proposal.
1013,Put up,The company decided to put up a new billboard to advertise its services.,The company decided to put up a new billboard to advertise its services.
1014,put up,"They put up with a lot of challenges during the project, but the results were worth it.","They put up with a lot of challenges during the project, but the results were worth it."
1015,Qualification,His qualification in engineering makes him a strong candidate for the position.,His qualification in engineering makes him a strong candidate for the position.
1016,Qualifications,"The job requires specific qualifications, including a degree in accounting.","The job requires specific qualifications, including a degree in accounting."
1017,Qualify,She needs to qualify for the loan before she can purchase the house.,She needs to qualify for the loan before she can purchase the house.
1018,Qualify,The candidate did not qualify for the position due to a lack of experience.,The candidate did not qualify for the position due to a lack of experience.
1019,Quotation,The client requested a quotation for the renovation project.,The client requested a quotation for the renovation project.
1020,Quote,The sales team provided a quote for the cost of the new software.,The sales team provided a quote for the cost of the new software.
1021,Raise,The company decided to raise the salaries of its employees this year.,The company decided to raise the salaries of its employees this year.
1022,Raise money,The charity event was organized to raise money for local schools.,The charity event was organized to raise money for local schools.
1023,Range,The store offers a wide range of products to choose from.,The store offers a wide range of products to choose from.
1024,Range, The price range for these services varies depending on the client’s needs., The price range for these services varies depending on the client’s needs.
1025,Rare,It is rare to find such a unique piece of art in this gallery.,It is rare to find such a unique piece of art in this gallery.
1026,Rate,The interest rate on the loan was higher than expected.,The interest rate on the loan was higher than expected.
1027,Rational,The decision to expand was based on a rational analysis of the market.,The decision to expand was based on a rational analysis of the market.
1028,Raw materials,The factory imports raw materials from overseas to produce its goods.,The factory imports raw materials from overseas to produce its goods.
1029,Reach,The marketing campaign aims to reach a broader audience.,The marketing campaign aims to reach a broader audience.
1030,Realize,She didn’t realize the impact of her decision until much later.,She didn’t realize the impact of her decision until much later.
1031,realize ,He began to realize the importance of time management as deadlines approached.,He began to realize the importance of time management as deadlines approached.
1032,Rearrange, They decided to rearrange the office layout to improve workflow., They decided to rearrange the office layout to improve workflow.
1033,Reasonable,The company offered a reasonable price for the high-quality product.,The company offered a reasonable price for the high-quality product.
1034,Reasonably ,The project was completed reasonably within the allocated budget.,The project was completed reasonably within the allocated budget.
1035,Receipt,Please keep the receipt as proof of purchase.,Please keep the receipt as proof of purchase.
1036,Receive,We expect to receive the shipment by the end of the week.,We expect to receive the shipment by the end of the week.
1037,Recent,The recent changes in management have improved the company’s performance.,The recent changes in management have improved the company’s performance.
1038,Reception,The reception for the new employees was held in the main hall.,The reception for the new employees was held in the main hall.
1039,Reception desk,Please check in at the reception desk when you arrive.,Please check in at the reception desk when you arrive.
1040,Receptive,The team was receptive to the new ideas presented during the meeting.,The team was receptive to the new ideas presented during the meeting.
1041,Recipe,The chef shared his secret recipe for the restaurant’s signature dish.,The chef shared his secret recipe for the restaurant’s signature dish.
1042,Recognize,The company was recognized for its commitment to sustainability.,The company was recognized for its commitment to sustainability. (Ajout de 'Recognize')
1043,Recommend,I highly recommend this book to anyone interested in business strategy.,I highly recommend this book to anyone interested in business strategy.
1044,Recommendation,The board followed the recommendation to invest in new technology.,The board followed the recommendation to invest in new technology.
1045,Recruit,The company plans to recruit more staff to support its expansion.,The company plans to recruit more staff to support its expansion.
1046,Recruitment,The recruitment process is designed to identify the best candidates for the job.,The recruitment process is designed to identify the best candidates for the job.
1047,Reduce,The company implemented measures to reduce its carbon footprint.,The company implemented measures to reduce its carbon footprint.
1048,Reduction,The reduction in costs allowed the company to increase its profit margin.,The reduction in costs allowed the company to increase its profit margin.
1049,Redundant,"The position became redundant after the merger, and the employee was laid off.","The position became redundant after the merger, and the employee was laid off."
1050,Refrigerator,The refrigerator in the office kitchen needs to be replaced.,The refrigerator in the office kitchen needs to be replaced.
1051,Refund,The store offers a full refund if you are not satisfied with your purchase.,The store offers a full refund if you are not satisfied with your purchase.
1052,Refundable,The deposit is refundable if you cancel your booking within 24 hours.,The deposit is refundable if you cancel your booking within 24 hours.
1053,Refusal,His refusal to cooperate with the investigation raised suspicions.,His refusal to cooperate with the investigation raised suspicions.
1054,Refuse,She had to refuse the offer due to a conflict of interest.,She had to refuse the offer due to a conflict of interest.
1055,refuse ,They refuse to compromise on the quality of their products.,They refuse to compromise on the quality of their products.
1056,Regarding,I have some questions regarding the new project.,I have some questions regarding the new project.
1057,Regardless,The event will go ahead regardless of the weather conditions.,The event will go ahead regardless of the weather conditions.
1058,Regional,The company is expanding its operations to several regional markets.,The company is expanding its operations to several regional markets.
1059,Register,Please register for the conference by the end of the week.,Please register for the conference by the end of the week.
1060,Register,The cashier will register your payment at the checkout.,The cashier will register your payment at the checkout.
1061,register ,You need to register your details on the website to access the content.,You need to register your details on the website to access the content.
1062,Registration,The registration for the event closes tomorrow.,The registration for the event closes tomorrow.
1063,Regret,She expressed her regret for missing the important meeting.,She expressed her regret for missing the important meeting.
1064,Regular,He is a regular customer at the local coffee shop.,He is a regular customer at the local coffee shop.
1065,Regularly,The team meets regularly to discuss project updates.,The team meets regularly to discuss project updates.
1066,Regulate,The government introduced new laws to regulate the financial industry.,The government introduced new laws to regulate the financial industry.
1067,Rehearse,The team needs to rehearse the presentation before the client meeting.,The team needs to rehearse the presentation before the client meeting.
1068,Reject,The committee decided to reject the proposal due to budget constraints.,The committee decided to reject the proposal due to budget constraints.
1069,reject ,The manager may reject the application if it does not meet the criteria.,The manager may reject the application if it does not meet the criteria.
1070,Relax,It’s important to take some time to relax after a busy workweek.,It’s important to take some time to relax after a busy workweek.
1071,Relaxation,The company offers a relaxation area for employees to unwind during breaks.,The company offers a relaxation area for employees to unwind during breaks.
1072,Release,The company will release its new product line next month.,The company will release its new product line next month.
1073,Release,The release of the annual report was delayed by a week.,The release of the annual report was delayed by a week.
1074,Relevant,The information provided in the report is highly relevant to our current project.,The information provided in the report is highly relevant to our current project.
1075,Reliable,"The new software is fast and reliable, making it ideal for business use.","The new software is fast and reliable, making it ideal for business use."
1076,Remain,"Despite the challenges, the company remains committed to its mission.","Despite the challenges, the company remains committed to its mission. (Ajout de 'Remain')"
1077,remain,The final decision will remain confidential until it is announced publicly.,The final decision will remain confidential until it is announced publicly.
1078,Remarkable,The CEO’s remarkable leadership has been a key factor in the company’s success.,The CEO’s remarkable leadership has been a key factor in the company’s success.
1079,Remind,Please remind me to send the report by the end of the day.,Please remind me to send the report by the end of the day.
1080,Reminder,The email served as a reminder of the upcoming deadline.,The email served as a reminder of the upcoming deadline.
1081,Remittance,"The client’s remittance was received on time, and the project was approved.","The client’s remittance was received on time, and the project was approved."
1082,Remove,Please remove all personal items from your desk before the end of the day.,Please remove all personal items from your desk before the end of the day.
1083,Remuneration,The remuneration package includes a competitive salary and benefits.,The remuneration package includes a competitive salary and benefits.
1084,Renovate,The company plans to renovate its headquarters to create a more modern workspace.,The company plans to renovate its headquarters to create a more modern workspace.
1085,Renovation,The renovation of the office building is expected to take six months.,The renovation of the office building is expected to take six months.
1086,Rent,The company decided to rent office space in the downtown area.,The company decided to rent office space in the downtown area.
1087,Repair,The technician was called in to repair the faulty equipment.,The technician was called in to repair the faulty equipment.
1088,Repayment,The loan agreement includes a flexible repayment schedule.,The loan agreement includes a flexible repayment schedule.
1089,Repetitive,"The task was repetitive, but necessary for quality control.","The task was repetitive, but necessary for quality control."
1090,Replace,The company plans to replace the outdated computers with new ones.,The company plans to replace the outdated computers with new ones.
1091,Replacement,The replacement parts for the machinery were delivered yesterday.,The replacement parts for the machinery were delivered yesterday.
1092,Report,The manager asked for a detailed report on the project’s progress.,The manager asked for a detailed report on the project’s progress.
1093,reported,It was reported that the company’s profits had increased by 10% this quarter.,It was reported that the company’s profits had increased by 10% this quarter.
1094,reportedly,The CEO is reportedly planning to retire at the end of the year.,The CEO is reportedly planning to retire at the end of the year.
1095,reporter,The reporter covered the story of the company’s expansion into new markets.,The reporter covered the story of the company’s expansion into new markets.
1096,reporting,Accurate reporting is essential for maintaining transparency in financial matters.,Accurate reporting is essential for maintaining transparency in financial matters.
1097,Represent,The lawyer will represent the company in the legal proceedings.,The lawyer will represent the company in the legal proceedings.
1098,Representative,The sales representative will visit the client next week.,The sales representative will visit the client next week.
1099,reputation,The company has built a strong reputation for quality and reliability.,The company has built a strong reputation for quality and reliability.
1100,Request,The client made a request for additional information before signing the contract.,The client made a request for additional information before signing the contract.
1101,Require,The project will require additional resources to be completed on time.,The project will require additional resources to be completed on time.
1102,Require,"The job posting does not require a cover letter, but it is encouraged.","The job posting does not require a cover letter, but it is encouraged."
1103,require ,The new regulations require all employees to complete the training.,The new regulations require all employees to complete the training.
1104,Requirement,Meeting the requirement for the certification was challenging but rewarding.,Meeting the requirement for the certification was challenging but rewarding.
1105,Reschedule,We need to reschedule the meeting due to a conflict in the agenda.,We need to reschedule the meeting due to a conflict in the agenda.
1106,Rescue,The IT team worked hard to rescue the system after the unexpected crash.,The IT team worked hard to rescue the system after the unexpected crash.
1107,Resemble,The new office building will resemble the original design with modern updates.,The new office building will resemble the original design with modern updates.
1108,Reservation,I made a reservation for dinner at the restaurant for our business meeting.,I made a reservation for dinner at the restaurant for our business meeting.
1109,Reserve,Please reserve a conference room for the client presentation tomorrow.,Please reserve a conference room for the client presentation tomorrow.
1110,reserve,The hotel will reserve a room for you upon your arrival.,The hotel will reserve a room for you upon your arrival.
1111,Resign,The manager decided to resign from his position to pursue new opportunities.,The manager decided to resign from his position to pursue new opportunities.
1112,Resign,She submitted her resignation letter last week.,She submitted her resignation letter last week. (Ajout de 'Resign')
1113,Resist,It’s important to resist the urge to cut corners on quality to meet deadlines.,It’s important to resist the urge to cut corners on quality to meet deadlines.
1114,Resolve,The team worked together to resolve the issue quickly.,The team worked together to resolve the issue quickly.
1115,Resolve,His resolve to improve the company’s performance was commendable.,His resolve to improve the company’s performance was commendable.
1116,Respect,"It’s essential to respect your colleagues' opinions, even if you disagree.","It’s essential to respect your colleagues' opinions, even if you disagree."
1117,Respectable,The company has a respectable reputation in the industry.,The company has a respectable reputation in the industry.
1118,Respectful,Being respectful towards clients is key to building long-lasting relationships.,Being respectful towards clients is key to building long-lasting relationships.
1119,Respond,The customer service team will respond to your inquiry within 24 hours.,The customer service team will respond to your inquiry within 24 hours.
1120,Responsibility,It is your responsibility to ensure that the project is completed on time.,It is your responsibility to ensure that the project is completed on time.
1121,Responsible,The manager is responsible for overseeing the daily operations of the department.,The manager is responsible for overseeing the daily operations of the department.
1122,Restore,The IT department worked overnight to restore the company’s network after the outage.,The IT department worked overnight to restore the company’s network after the outage.
1123,Restructure,The company plans to restructure its operations to improve efficiency.,The company plans to restructure its operations to improve efficiency.
1124,Résumé,Please submit your résumé along with the application form.,Please submit your résumé along with the application form.
1125,Retail,The retail sector has seen significant growth in online sales over the past year.,The retail sector has seen significant growth in online sales over the past year.
1126,Retailers,Many retailers are offering discounts to attract customers during the holiday season.,Many retailers are offering discounts to attract customers during the holiday season.
1127,Retire,"After 30 years with the company, she plans to retire next month.","After 30 years with the company, she plans to retire next month."
1128,Retirement,He is looking forward to his retirement and spending more time with his family.,He is looking forward to his retirement and spending more time with his family.
1129,Return,The company expects a high return on investment from the new product line.,The company expects a high return on investment from the new product line.
1130,Review,Please review the report and provide feedback by the end of the week.,Please review the report and provide feedback by the end of the week.
1131,Reviews,The product received excellent reviews from customers.,The product received excellent reviews from customers.
1132,Revise,The author needs to revise the draft before submitting it for publication.,The author needs to revise the draft before submitting it for publication.
1133,Revised,The revised version of the contract was sent to the client for approval.,The revised version of the contract was sent to the client for approval.
1134,Right away,The manager asked the team to start working on the project right away.,The manager asked the team to start working on the project right away.
1135,Rip off,The customer felt the price was a rip off considering the poor quality of the product.,The customer felt the price was a rip off considering the poor quality of the product.
1136,Rival,The company’s main rival launched a similar product last month.,The company’s main rival launched a similar product last month.
1137,Roadside,They set up a roadside stand to sell their products to travelers.,They set up a roadside stand to sell their products to travelers.
1138,Roughly,The project will take roughly six months to complete.,The project will take roughly six months to complete.
1139,Round up,Let’s round up the team for a quick meeting before we proceed.,Let’s round up the team for a quick meeting before we proceed.
1140,Route,The delivery truck will take the most efficient route to ensure timely delivery.,The delivery truck will take the most efficient route to ensure timely delivery.
1141,Rule out,We can’t rule out the possibility of delays due to unforeseen circumstances.,We can’t rule out the possibility of delays due to unforeseen circumstances.
1142,Runway,The plane had to circle before landing as the runway was occupied.,The plane had to circle before landing as the runway was occupied.
1143,Salary,The new position comes with a competitive salary and benefits package.,The new position comes with a competitive salary and benefits package.
1144,Sale,The company is having a clearance sale to reduce inventory.,The company is having a clearance sale to reduce inventory.
1145,Salvage,The team managed to salvage the project despite the initial setbacks.,The team managed to salvage the project despite the initial setbacks.
1146,Sample,Please provide a sample of your previous work when applying for the job.,Please provide a sample of your previous work when applying for the job.
1147,Sample,The store offers free samples to customers to encourage them to try new products.,The store offers free samples to customers to encourage them to try new products. (Ajout de 'Sample')
1148,Satisfactory,The client found the results to be satisfactory and approved the final draft.,The client found the results to be satisfactory and approved the final draft.
1149,Satisfied,The customer was satisfied with the prompt service provided by the company.,The customer was satisfied with the prompt service provided by the company.
1150,Satisfy,The product must satisfy all safety requirements before it can be sold.,The product must satisfy all safety requirements before it can be sold.
1151,Save,The company implemented cost-saving measures to improve profitability.,The company implemented cost-saving measures to improve profitability. (Ajout de 'Save')
1152,Scene,The team arrived at the scene of the incident to assess the damage.,The team arrived at the scene of the incident to assess the damage.
1153,Scenery,The office has a beautiful view of the surrounding scenery.,The office has a beautiful view of the surrounding scenery.
1154,Schedule,The project manager will create a schedule to ensure timely completion of tasks.,The project manager will create a schedule to ensure timely completion of tasks.
1155,screening,The company conducted a thorough screening of applicants for the job.,The company conducted a thorough screening of applicants for the job.
1156,Scrutinize,The auditor will scrutinize the financial statements to ensure accuracy.,The auditor will scrutinize the financial statements to ensure accuracy.
1157,Search engine,The company optimized its website for better visibility on search engines.,The company optimized its website for better visibility on search engines.
1158,Secluded,The resort offers a secluded getaway for those seeking privacy and relaxation.,The resort offers a secluded getaway for those seeking privacy and relaxation.
1159,Secretarial, The secretarial staff is responsible for organizing meetings and managing communications., The secretarial staff is responsible for organizing meetings and managing communications.
1160,Secretary,The secretary arranged the schedule for the CEO’s upcoming meetings.,The secretary arranged the schedule for the CEO’s upcoming meetings.
1161,Select,Please select the appropriate option from the drop-down menu.,Please select the appropriate option from the drop-down menu.
1162,Selection,The store offers a wide selection of products to choose from.,The store offers a wide selection of products to choose from.
1163,selection,The selection process for the new position will include several rounds of interviews.,The selection process for the new position will include several rounds of interviews.
1164,Selective,The company is very selective in hiring new employees to ensure a high standard of quality.,The company is very selective in hiring new employees to ensure a high standard of quality.
1165,selective,They were selective about the materials used in the construction to ensure durability.,They were selective about the materials used in the construction to ensure durability.
1166,Sell off,The company decided to sell off its non-core assets to focus on its main business.,The company decided to sell off its non-core assets to focus on its main business.
1167,Seminar,The team attended a seminar on the latest trends in digital marketing.,The team attended a seminar on the latest trends in digital marketing.
1168,Senior,The senior management team met to discuss the company’s future strategy.,The senior management team met to discuss the company’s future strategy.
1169,Serious,The company is facing serious challenges in the current economic climate.,The company is facing serious challenges in the current economic climate.
1170,Service,The company offers excellent customer service to all its clients.,The company offers excellent customer service to all its clients.
1171,Session,The training session will cover new software features and updates.,The training session will cover new software features and updates.
1172,Settle,The company agreed to settle the dispute out of court.,The company agreed to settle the dispute out of court.
1173,Several, Several factors contributed to the success of the project., Several factors contributed to the success of the project.
1174,Shape,The team worked hard to shape the proposal to meet the client’s needs.,The team worked hard to shape the proposal to meet the client’s needs.
1175,Shares,The company issued new shares to raise capital for expansion.,The company issued new shares to raise capital for expansion.
1176,Sharp,The sharp increase in sales was a result of the successful marketing campaign.,The sharp increase in sales was a result of the successful marketing campaign.
1177,Shift,The company is planning to shift its focus to the digital market.,The company is planning to shift its focus to the digital market.
1178,Shine,The employee’s dedication to the project made them shine among their peers.,The employee’s dedication to the project made them shine among their peers.
1179,Shipment,The shipment of goods is expected to arrive by the end of the week.,The shipment of goods is expected to arrive by the end of the week.
1180,Shipping,The company offers free shipping on all orders over $50.,The company offers free shipping on all orders over $50.
1181,Shortage,The shortage of raw materials has delayed production.,The shortage of raw materials has delayed production.
1182,Shuttle,The hotel provides a shuttle service to and from the airport.,The hotel provides a shuttle service to and from the airport.
1183,Sightseeing,The company organized a sightseeing tour for the visiting clients.,The company organized a sightseeing tour for the visiting clients.
1184,Sign up,Employees are encouraged to sign up for the upcoming training sessions.,Employees are encouraged to sign up for the upcoming training sessions.
1185,Significant,The company made significant improvements to its customer service process.,The company made significant improvements to its customer service process.
1186,Simplify,The new software aims to simplify complex tasks for users.,The new software aims to simplify complex tasks for users.
1187,Situation,The manager assessed the situation before making a decision.,The manager assessed the situation before making a decision.
1188,slave driver,The team joked that their boss was a slave driver due to his high expectations.,The team joked that their boss was a slave driver due to his high expectations.
1189,Slump,The company experienced a slump in sales during the economic downturn.,The company experienced a slump in sales during the economic downturn.
1190,Software,The IT department is responsible for maintaining all company software.,The IT department is responsible for maintaining all company software.
1191,Solar,The company invested in solar energy to reduce its carbon footprint.,The company invested in solar energy to reduce its carbon footprint.
1192,Sold out,The event was so popular that tickets sold out within hours.,The event was so popular that tickets sold out within hours.
1193,Spacious,"The new office space is spacious and well-lit, making it ideal for creative work.","The new office space is spacious and well-lit, making it ideal for creative work."
1194,Spare part,The technician replaced the broken component with a spare part.,The technician replaced the broken component with a spare part.
1195,Spare time,He likes to read business books in his spare time to stay informed.,He likes to read business books in his spare time to stay informed.
1196,specialities,"The restaurant is known for its regional specialties, which attract food enthusiasts.","The restaurant is known for its regional specialties, which attract food enthusiasts. (Ajout de 'specialities')"
1197,Specialize,The firm decided to specialize in cybersecurity services to meet growing demand.,The firm decided to specialize in cybersecurity services to meet growing demand.
1198,Specialty,Their specialty is producing high-quality organic food products.,Their specialty is producing high-quality organic food products.
1199,specific,The client requested a specific design that meets their brand guidelines.,The client requested a specific design that meets their brand guidelines.
1200,Specification,The product was built according to the customer’s exact specifications.,The product was built according to the customer’s exact specifications. (Ajout de 'Specification')
1201,Specify,Please specify the exact date and time for the meeting.,Please specify the exact date and time for the meeting.
1202,Spectator,"The event attracted thousands of spectators, filling the stadium to capacity.","The event attracted thousands of spectators, filling the stadium to capacity. (Ajout de 'Spectator')"
1203,Stable,The company’s financial performance has remained stable despite market fluctuations.,The company’s financial performance has remained stable despite market fluctuations.
1204,Stadium,The new stadium will host major sporting events and concerts.,The new stadium will host major sporting events and concerts.
1205,Staff,The staff worked overtime to meet the project deadline.,The staff worked overtime to meet the project deadline.
1206,Stage,The project is currently in the planning stage.,The project is currently in the planning stage.
1207,Stapler,The office stapler needs to be replaced because it’s no longer working properly.,The office stapler needs to be replaced because it’s no longer working properly.
1208,Stare,He couldn’t help but stare at the impressive presentation displayed on the screen.,He couldn’t help but stare at the impressive presentation displayed on the screen.
1209,Starter,The company offers a starter package for new customers.,The company offers a starter package for new customers.
1210,Statement, The CEO issued a statement addressing the recent changes in the company., The CEO issued a statement addressing the recent changes in the company.
1211,Stationery,The company ordered new stationery with the updated logo.,The company ordered new stationery with the updated logo.
1212,stay,The team will stay late tonight to finish the report.,The team will stay late tonight to finish the report.
1213,Steep,The company faced a steep decline in sales during the economic downturn.,The company faced a steep decline in sales during the economic downturn.
1214,Step down,The CEO announced his decision to step down at the end of the year.,The CEO announced his decision to step down at the end of the year.
1215,stick,It’s important to stick to the budget to avoid overspending.,It’s important to stick to the budget to avoid overspending.
1216,stock,The store needs to reorder stock as the shelves are nearly empty.,The store needs to reorder stock as the shelves are nearly empty.
1217,Stock,The company’s stock price surged after the positive earnings report.,The company’s stock price surged after the positive earnings report.
1218,stock ,Please store these documents in the archive for future reference.,Please store these documents in the archive for future reference. (Ajout de 'stock ')
1219,store,"The company’s annual meeting took place during stormy weather, affecting attendance.","The company’s annual meeting took place during stormy weather, affecting attendance. (Ajout de 'store')"
1220,stormy, Relations between the two departments have been strained due to recent disagreements., Relations between the two departments have been strained due to recent disagreements. (Ajout de 'stormy')
1221,strained,The company is focusing on strategic partnerships to expand its market reach.,The company is focusing on strategic partnerships to expand its market reach. (Ajout de 'strained')
1222,Strategic,The marketing team is developing a new strategy to attract younger customers.,The marketing team is developing a new strategy to attract younger customers. (Ajout de 'Strategic')
1223,Strategy,The company aims to streamline its operations to reduce costs and improve efficiency.,The company aims to streamline its operations to reduce costs and improve efficiency. (Ajout de 'Strategy')
1224,Streamline,Workers went on strike to demand better working conditions.,Workers went on strike to demand better working conditions. (Ajout de 'Streamline')
1225,Strike,The creative team worked late in the studio to finish the ad campaign.,The creative team worked late in the studio to finish the ad campaign. (Ajout de 'Strike')
1226,Studio,The company decided to subcontract part of the project to a specialized firm.,The company decided to subcontract part of the project to a specialized firm. (Ajout de 'Studio')
1227,Subcontract,Please submit your expense reports by the end of the week.,Please submit your expense reports by the end of the week. (Ajout de 'Subcontract')
1228,Submit,Customers can subscribe to our newsletter for the latest updates and offers.,Customers can subscribe to our newsletter for the latest updates and offers. (Ajout de 'Submit')
1229,Subscribe,The magazine offers a monthly subscription at a discounted rate.,The magazine offers a monthly subscription at a discounted rate. (Ajout de 'Subscribe')
1230,Subscription,The company opened a new subsidiary to handle its international operations.,The company opened a new subsidiary to handle its international operations. (Ajout de 'Subscription')
1231,Subsidiary,"To calculate the net profit, subtract all the expenses from the total revenue.","To calculate the net profit, subtract all the expenses from the total revenue. (Ajout de 'Subsidiary')"
1232,Subtract, I suggest we explore other options before making a final decision., I suggest we explore other options before making a final decision. (Ajout de 'Subtract')
1233,Suggest, The consultant suggested several ways to improve operational efficiency., The consultant suggested several ways to improve operational efficiency. (Ajout de 'Suggest')
1234,suggested,He was suggesting that we reconsider our marketing strategy.,He was suggesting that we reconsider our marketing strategy. (Ajout de 'suggested')
1235,suggesting,Her suggestion to expand into new markets was well-received by the board.,Her suggestion to expand into new markets was well-received by the board. (Ajout de 'suggesting')
1236,Suggestion,The team appreciated the manager’s suggestion for improving workflow.,The team appreciated the manager’s suggestion for improving workflow.
1237,suggestion,The results of the survey are suggestive of a need for product improvement.,The results of the survey are suggestive of a need for product improvement. (Ajout de 'suggestion')
1238,suggestive,The new policy must suit the needs of both employees and management.,The new policy must suit the needs of both employees and management. (Ajout de 'suggestive')
1239,Suit,The candidate’s suitability for the role was evident from the interview.,The candidate’s suitability for the role was evident from the interview. (Ajout de 'Suit')
1240,Suitability,This software is suitable for small businesses looking to manage their finances.,This software is suitable for small businesses looking to manage their finances. (Ajout de 'Suitability')
1241,Suitable,The total sum of the contract was higher than initially estimated.,The total sum of the contract was higher than initially estimated. (Ajout de 'Suitable')
1242,Sum,The manager will supervise the team to ensure the project stays on track.,The manager will supervise the team to ensure the project stays on track. (Ajout de 'Sum')
1243,Supervise,The intern supervised the project under the guidance of the senior manager.,The intern supervised the project under the guidance of the senior manager. (Ajout de 'Supervise')
1244,supervised,She supervises a team of five analysts in the finance department.,She supervises a team of five analysts in the finance department. (Ajout de 'supervised')
1245,supervises,The project was completed successfully under the supervision of an experienced team leader.,The project was completed successfully under the supervision of an experienced team leader. (Ajout de 'supervises')
1246,Supervision,The supervisor conducted performance reviews for all team members.,The supervisor conducted performance reviews for all team members. (Ajout de 'Supervision')
1247,supervision,The company is negotiating a new contract with its main supplier.,The company is negotiating a new contract with its main supplier. (Ajout de 'supervision')
1248,Supervisor,"The demand for the product has outstripped supply, leading to shortages.","The demand for the product has outstripped supply, leading to shortages. (Ajout de 'Supervisor')"
1249,supervisor,The vendor will supply the necessary equipment for the event.,The vendor will supply the necessary equipment for the event. (Ajout de 'supervisor')
1250,Supplier,The price of goods is often determined by the balance of supply and demand.,The price of goods is often determined by the balance of supply and demand. (Ajout de 'Supplier')
1251,Supply,The company provides excellent technical support to its customers.,The company provides excellent technical support to its customers. (Ajout de 'Supply')
1252,supply,He has been a strong supporter of the company’s growth initiatives.,He has been a strong supporter of the company’s growth initiatives. (Ajout de 'supply')
1253,Supply and demand,The surrounding area has seen significant development in recent years.,The surrounding area has seen significant development in recent years. (Ajout de 'Supply and demand')
1254,Support,The auditor found several suspicious transactions during the review.,The auditor found several suspicious transactions during the review. (Ajout de 'Support')
1255,Supporter,The switchboard operator directed the calls to the appropriate departments.,The switchboard operator directed the calls to the appropriate departments. (Ajout de 'Supporter')
1256,Surrounding,"The company took a systematic approach to address the issue, ensuring no details were overlooked.","The company took a systematic approach to address the issue, ensuring no details were overlooked. (Ajout de 'Surrounding')"
1257,Suspicious,The company took out a loan to finance its expansion plans.,The company took out a loan to finance its expansion plans. (Ajout de 'Suspicious')
1258,Switchboard,Employees are encouraged to take part in the company’s volunteer programs.,Employees are encouraged to take part in the company’s volunteer programs. (Ajout de 'Switchboard')
1259,Systematic,She was invited to take part in the roundtable discussion on industry trends.,She was invited to take part in the roundtable discussion on industry trends. (Ajout de 'Systematic')
1260,Take out,The company’s board approved the takeover of a smaller competitor.,The company’s board approved the takeover of a smaller competitor. (Ajout de 'Take out')
1261,Take part in,The marketing campaign aims to target young professionals.,The marketing campaign aims to target young professionals. (Ajout de 'Take part in')
1262,Take part in,The new tax policy will have significant implications for small businesses.,The new tax policy will have significant implications for small businesses. (Ajout de 'Take part in')
1263,Takeover,The company is seeking candidates with strong technical skills for the IT department.,The company is seeking candidates with strong technical skills for the IT department. (Ajout de 'Takeover')
1264,Target,The technician repaired the malfunctioning equipment quickly.,The technician repaired the malfunctioning equipment quickly. (Ajout de 'Target')
1265,Tax,His telling remark about the project’s challenges helped the team to reassess their strategy.,His telling remark about the project’s challenges helped the team to reassess their strategy. (Ajout de 'Tax')
1266,Technical,The company hired temporary staff to handle the holiday rush.,The company hired temporary staff to handle the holiday rush. (Ajout de 'Technical')
1267,Technician,The tenant signed a lease agreement for the commercial property.,The tenant signed a lease agreement for the commercial property. (Ajout de 'Technician')
1268,telling,The company decided to terminate the contract due to non-compliance.,The company decided to terminate the contract due to non-compliance. (Ajout de 'telling')
1269,Temporary,The team faced terrible weather conditions during the site visit.,The team faced terrible weather conditions during the site visit. (Ajout de 'Temporary')
1270,Tenant,The sales team did a terrific job exceeding their quarterly targets.,The sales team did a terrific job exceeding their quarterly targets. (Ajout de 'Tenant')
1271,Terminate,Managing the cash-flow of a company is critical to its financial health.,Managing the cash-flow of a company is critical to its financial health. (Ajout de 'Terminate')
1272,Terrible,"The economic situation has improved, leading to increased consumer spending.","The economic situation has improved, leading to increased consumer spending. (Ajout de 'Terrible')"
1273,Terrific,The economic slowdown affected the company’s revenue in the last quarter.,The economic slowdown affected the company’s revenue in the last quarter. (Ajout de 'Terrific')
1274,The cash-flow of a company,The Gross Domestic Product of the country grew by 3% last year.,The Gross Domestic Product of the country grew by 3% last year.
1275,The economic situation,The rise in household spending indicates increased consumer confidence.,The rise in household spending indicates increased consumer confidence.
1276,The economic slowdown,The merger of two companies created a stronger entity in the market.,The merger of two companies created a stronger entity in the market.
1277,The Gross Domestic Product,The short-term outlook for the industry remains uncertain.,The short-term outlook for the industry remains uncertain.
1278,The household spending,The company is focusing on the SMB market to drive growth in its software sales.,The company is focusing on the SMB market to drive growth in its software sales.
1279,The merger of two companies,The theoretical framework provided a solid basis for the research.,The theoretical framework provided a solid basis for the research.
1280,The short-term outlook,His business theory has influenced many successful entrepreneurs.,His business theory has influenced many successful entrepreneurs. (Ajout de 'The short-term outlook')
1281,The SMB market,The management’s strategic thinking led to the company’s rapid growth.,The management’s strategic thinking led to the company’s rapid growth.
1282,Theoretical,The team conducted a thorough analysis before making the final decision.,The team conducted a thorough analysis before making the final decision. (Ajout de 'Theoretical')
1283,Theory,It’s important to keep your workspace tidy to maintain productivity.,It’s important to keep your workspace tidy to maintain productivity. (Ajout de 'Theory')
1284,thinking,The manager gave the new hire a helpful tip on how to manage their workload.,The manager gave the new hire a helpful tip on how to manage their workload. (Ajout de 'thinking')
1285,Thorough,The instructor took the time to break down the complex process into simple steps.,The instructor took the time to break down the complex process into simple steps. (Ajout de 'Thorough')
1286,Tidy, The team worked hard to close the deal before the end of the quarter., The team worked hard to close the deal before the end of the quarter. (Ajout de 'Tidy')
1287,Tip,The analyst had to crunch the numbers to determine the project’s profitability.,The analyst had to crunch the numbers to determine the project’s profitability. (Ajout de 'Tip')
1288,To break down,The company had to face several challenges during the product launch.,The company had to face several challenges during the product launch.
1289,To close,The team decided to focus on improving customer satisfaction.,The team decided to focus on improving customer satisfaction.
1290,To crunch,The presentation will highlight the key benefits of the new product.,The presentation will highlight the key benefits of the new product. (Ajout de 'To crunch')
1291,To face,The company plans to implement new software to improve efficiency.,The company plans to implement new software to improve efficiency.
1292,To focus on,The company invested in training programs to improve employee skills.,The company invested in training programs to improve employee skills.
1293,To highlight,The CEO’s goal is to make the company a leader in the industry.,The CEO’s goal is to make the company a leader in the industry.
1294,To implement,The company’s strategy is to penetrate new markets in Asia.,The company’s strategy is to penetrate new markets in Asia.
1295,To improve,nan,nan (Ajout de 'To improve')
1296,To make,nan,nan (Ajout de 'To make')
1297,To penetrate,nan,nan (Ajout de 'To penetrate')
1298,To put forward,She decided to put forward a new proposal at the team meeting.,She decided to put forward a new proposal at the team meeting.
1299,To run,He was chosen to run the marketing campaign for the new product launch.,He was chosen to run the marketing campaign for the new product launch.
1300,to say,It’s difficult to say how the market will react to the changes.,It’s difficult to say how the market will react to the changes.
1301,to speak,The CEO will speak at the conference about the company's future plans.,The CEO will speak at the conference about the company's future plans.
1302,to tell,I need to tell you about the new policies that have been implemented.,I need to tell you about the new policies that have been implemented.
1303,To weigh,We need to weigh the pros and cons before making a final decision.,We need to weigh the pros and cons before making a final decision.
1304,took off,The company’s new product line really took off in the last quarter.,The company’s new product line really took off in the last quarter.
1305,Tour,The executive tour of the manufacturing facility will start at 10 AM.,The executive tour of the manufacturing facility will start at 10 AM.
1306,Tourism,The city relies heavily on tourism for its economic growth.,The city relies heavily on tourism for its economic growth.
1307,Tourist,The local attractions are popular with both tourists and residents.,The local attractions are popular with both tourists and residents. (Ajout de 'Tourist')
1308,Towel,Please make sure to pack a towel for the business trip to the beach resort.,Please make sure to pack a towel for the business trip to the beach resort.
1309,Tower,The new office tower will be completed by the end of the year.,The new office tower will be completed by the end of the year.
1310,Track,The project manager will track the progress of the development team.,The project manager will track the progress of the development team.
1311,Trade,The company engages in international trade to expand its market reach.,The company engages in international trade to expand its market reach.
1312,Tradition,It is a tradition to hold an annual company picnic for employees and their families.,It is a tradition to hold an annual company picnic for employees and their families.
1313,Traffic,Heavy traffic in the area caused a delay in the delivery schedule.,Heavy traffic in the area caused a delay in the delivery schedule.
1314,Training,The new employees will undergo intensive training before starting their roles.,The new employees will undergo intensive training before starting their roles.
1315,Transfer,He requested a transfer to the company’s branch in New York.,He requested a transfer to the company’s branch in New York.
1316,Transform,The company aims to transform its operations through digital innovation.,The company aims to transform its operations through digital innovation.
1317,Transformation,The transformation of the brand’s image has been well-received by customers.,The transformation of the brand’s image has been well-received by customers.
1318,Transit,Public transit options have improved significantly in the past year.,Public transit options have improved significantly in the past year.
1319,Transportation,Efficient transportation is crucial for the timely delivery of goods.,Efficient transportation is crucial for the timely delivery of goods.
1320,Tremendous,The company experienced tremendous growth after launching its new product.,The company experienced tremendous growth after launching its new product.
1321,Trend,Keeping up with the latest trends is essential for staying competitive in the market.,Keeping up with the latest trends is essential for staying competitive in the market. (Ajout de 'Trend')
1322,Trial,The new software is currently in the trial phase before its official release.,The new software is currently in the trial phase before its official release.
1323,Triumph,The project’s successful completion was a triumph for the entire team.,The project’s successful completion was a triumph for the entire team.
1324,Trust,Building trust with clients is vital for maintaining long-term business relationships.,Building trust with clients is vital for maintaining long-term business relationships.
1325,Turnover,The company’s turnover increased significantly due to the new sales strategy.,The company’s turnover increased significantly due to the new sales strategy.
1326,Turnover,Employee turnover has decreased since the introduction of the new benefits package.,Employee turnover has decreased since the introduction of the new benefits package.
1327,Unconditional,The contract includes an unconditional guarantee on all products.,The contract includes an unconditional guarantee on all products.
1328,Understand,It’s important to understand the market dynamics before launching a new product.,It’s important to understand the market dynamics before launching a new product.
1329,Unfavorable,The report highlighted several unfavorable market conditions.,The report highlighted several unfavorable market conditions.
1330,unfortunately,"Unfortunately, the shipment was delayed due to unforeseen circumstances.","Unfortunately, the shipment was delayed due to unforeseen circumstances."
1331,uniform,All employees are required to wear a uniform while on duty.,All employees are required to wear a uniform while on duty.
1332,unspoiled,The resort is located in an unspoiled area of natural beauty.,The resort is located in an unspoiled area of natural beauty.
1333,unwrap,Please unwrap the package carefully to avoid damaging the contents.,Please unwrap the package carefully to avoid damaging the contents.
1334,upcoming,The upcoming conference will provide valuable networking opportunities.,The upcoming conference will provide valuable networking opportunities.
1335,update,The IT department will update the software to improve security.,The IT department will update the software to improve security.
1336,upgrade,We plan to upgrade our facilities to accommodate the growing team.,We plan to upgrade our facilities to accommodate the growing team.
1337,Upmarket,The new product is targeted at the upmarket segment of consumers.,The new product is targeted at the upmarket segment of consumers.
1338,upset,The unexpected news upset the planned schedule for the project.,The unexpected news upset the planned schedule for the project.
1339,upstairs,The meeting will be held upstairs in the conference room.,The meeting will be held upstairs in the conference room.
1340,utility bill,The company’s utility bill has increased due to higher energy consumption.,The company’s utility bill has increased due to higher energy consumption.
1341,utmost,The team exercised the utmost care in handling the sensitive data.,The team exercised the utmost care in handling the sensitive data.
1342,utterly,"The project was utterly successful, exceeding all expectations.","The project was utterly successful, exceeding all expectations."
1343,vacancy,There is a vacancy in the accounting department that needs to be filled.,There is a vacancy in the accounting department that needs to be filled.
1344,vacant,The vacant office space will be leased to a new tenant soon.,The vacant office space will be leased to a new tenant soon.
1345,vacation,Employees are encouraged to take a vacation to recharge and avoid burnout.,Employees are encouraged to take a vacation to recharge and avoid burnout.
1346,vaccination,The company provides vaccination services to ensure employee health.,The company provides vaccination services to ensure employee health.
1347,validating,The process of validating the data is crucial for accurate reporting.,The process of validating the data is crucial for accurate reporting.
1348,valuable,The insights from the market research proved to be highly valuable.,The insights from the market research proved to be highly valuable.
1349,valuables,Please keep your valuables secure while at the conference.,Please keep your valuables secure while at the conference.
1350,valuing,Valuing employee feedback is essential for improving workplace culture.,Valuing employee feedback is essential for improving workplace culture.
1351,varied,The company’s product line is varied to cater to different customer needs.,The company’s product line is varied to cater to different customer needs.
1352,variety,The store offers a wide variety of products to choose from.,The store offers a wide variety of products to choose from.
1353,various,We have conducted surveys with various customer segments to gather insights.,We have conducted surveys with various customer segments to gather insights.
1354,vendor,The vendor will deliver the supplies by the end of the week.,The vendor will deliver the supplies by the end of the week.
1355,venture,The company is exploring a new venture into the tech industry.,The company is exploring a new venture into the tech industry.
1356,venue,The seminar will be held at a downtown venue with ample space.,The seminar will be held at a downtown venue with ample space.
1357,vindicating,The successful outcome of the trial was vindicating for the legal team.,The successful outcome of the trial was vindicating for the legal team.
1358,virus,The company implemented new security measures to protect against computer viruses.,The company implemented new security measures to protect against computer viruses. (Ajout de 'virus')
1359,vital,Communication is vital for the success of any project.,Communication is vital for the success of any project.
1360,wage,The employees’ wages are reviewed annually to ensure competitiveness.,The employees’ wages are reviewed annually to ensure competitiveness. (Ajout de 'wage')
1361,walkway,The new walkway in the office provides a more efficient route between departments.,The new walkway in the office provides a more efficient route between departments.
1362,warehouse,The warehouse is stocked with inventory ready for distribution.,The warehouse is stocked with inventory ready for distribution.
1363,warming,The company is taking steps to address global warming by reducing its carbon footprint.,The company is taking steps to address global warming by reducing its carbon footprint.
1364,warn,The supervisor will warn employees about upcoming changes in company policy.,The supervisor will warn employees about upcoming changes in company policy.
1365,warning,The warning signs were clearly posted to ensure safety.,The warning signs were clearly posted to ensure safety.
1366,warrant,The warranty covers any defects in the product for one year.,The warranty covers any defects in the product for one year. (Ajout de 'warrant')
1367,warranty,The warranty policy guarantees repairs for any manufacturing defects.,The warranty policy guarantees repairs for any manufacturing defects.
1368,wastage,The company is working to reduce wastage in the production process.,The company is working to reduce wastage in the production process.
1369,waterproof,The new packaging is waterproof to protect the contents during shipping.,The new packaging is waterproof to protect the contents during shipping.
1370,wealth, The company’s wealth of experience in the industry is a key asset., The company’s wealth of experience in the industry is a key asset.
1371,website, The company’s website has been redesigned for a better user experience., The company’s website has been redesigned for a better user experience.
1372,weight, The weight of the shipment affects the cost of transportation., The weight of the shipment affects the cost of transportation.
1373,welfare,The company provides welfare programs to support employees’ well-being.,The company provides welfare programs to support employees’ well-being.
1374,wholesale,The retailer purchases goods at wholesale prices to resell at a profit.,The retailer purchases goods at wholesale prices to resell at a profit.
1375,win,The team worked hard to win the contract against strong competition.,The team worked hard to win the contract against strong competition.
1376,Withdraw,He decided to withdraw his application after receiving another offer.,He decided to withdraw his application after receiving another offer.
1377,withdraw,The company will withdraw from the partnership due to conflicting interests.,The company will withdraw from the partnership due to conflicting interests.
1378,withdrawal,The withdrawal of the investment will be processed next week.,The withdrawal of the investment will be processed next week.
1379,without a hitch,The event went off without a hitch thanks to meticulous planning.,The event went off without a hitch thanks to meticulous planning.
1380,wood, The furniture is crafted from high-quality wood to ensure durability., The furniture is crafted from high-quality wood to ensure durability.
1381,workplace, The workplace environment is designed to be both productive and comfortable., The workplace environment is designed to be both productive and comfortable.
1382,workshop,The team attended a workshop on leadership development.,The team attended a workshop on leadership development.
1383,worth,The new software is worth the investment due to its advanced features.,The new software is worth the investment due to its advanced features.
1384,worthless,The outdated equipment was deemed worthless and was disposed of.,The outdated equipment was deemed worthless and was disposed of.
1385,wrap,Please wrap the gifts carefully before sending them out.,Please wrap the gifts carefully before sending them out.
1386,Write off,The company decided to write off the bad debt as uncollectible.,The company decided to write off the bad debt as uncollectible.
1387,X-ray, An X-ray of the equipment revealed a critical flaw that needed addressing., An X-ray of the equipment revealed a critical flaw that needed addressing.
1388,yearly,The company conducts yearly performance reviews for all employees.,The company conducts yearly performance reviews for all employees.
1389,Yield,The new marketing strategy is expected to yield significant returns.,The new marketing strategy is expected to yield significant returns.
1390,yield,The investment yielded a high return over the last five years.,The investment yielded a high return over the last five years. (Ajout de 'yield')
1391,youth,Youth: The company sponsors programs that support youth entrepreneurship.,Youth: The company sponsors programs that support youth entrepreneurship.
1392,zero,he project budget was set at zero cost due to sponsorships.,he project budget was set at zero cost due to sponsorships.
1393,zone,new zoning regulations will affect the company’s expansion plans.,new zoning regulations will affect the company’s expansion plans. (Ajout de 'zone')
