Numero,Mot,example sentence (facile),Corrected Sentence,Indicateur
1,Bankrupt,"After several years of financial struggles, the company finally went bankrupt. / The police raided the illegal gambling den and busted the operation.",The concept of Bankrupt is widely used in various contexts.,Non modifié
2,bearish market,The bearish market led to widespread selling of stocks.,The bearish market led to widespread selling of stocks.,Non modifié
3,bullish market,Investors are optimistic about the future prospects in the bullish market.,Investors are optimistic about the future prospects in the bullish market.,Non modifié
4,cautious forecast,The company's cautious forecast reflected uncertainty in the market.,The company's cautious forecast reflected uncertainty in the market.,Non modifié
5,lasting upturn,The economy experienced a lasting upturn after several years of stagnation.,The economy experienced a lasting upturn after several years of stagnation.,Non modifié
6,lease,They signed a lease for the office space for five years.,They signed a lease for the office space for five years.,Non modifié
7,rent,The monthly rent for the apartment was due on the first of each month.,The monthly rent for the apartment was due on the first of each month.,Non modifié
8,risky decision,Investing in the volatile stock market is a risky decision.,Investing in the volatile stock market is a risky decision.,Non modifié
9,share,He owns shares in several technology companies.,He owns shares in several technology companies.,Modifié
10,subsidized sector,The government invested in renewable energy as part of its efforts to support the subsidized sector.,The government invested in renewable energy as part of its efforts to support the subsidized sector.,Non modifié
11,temporary fall,The company experienced a temporary fall in turnover due to the economic downturn.,The company experienced a temporary fall in turnover due to the economic downturn.,Non modifié
12,trade imbalance,The trade imbalance widened due to increased imports of foreign goods.,The trade imbalance widened due to increased imports of foreign goods.,Non modifié
13,turn-key project,They hired a contractor to handle the turn-key project from start to finish.,They hired a contractor to handle the turn-key project from start to finish.,Non modifié
14,Ability,His ability to learn quickly impressed the teacher.,His ability to learn quickly impressed the teacher.,Non modifié
15,Abroad,She's studying abroad for a semester.,She's studying abroad for a semester.,Non modifié
16,Absolutely,I absolutely agree with your assessment.,I absolutely agree with your assessment.,Non modifié
17,Accept,The company will accept applications until the end of the month.,The company will accept applications until the end of the month.,Non modifié
18,Access,Employees have access to the building using their ID cards.,Employees have access to the building using their ID cards.,Non modifié
19,Accessible,The new website is more accessible for users with disabilities.,The new website is more accessible for users with disabilities.,Non modifié
20,Accident,"I'm sorry, but the delay was caused by an accident on the road.","I'm sorry, but the delay was caused by an accident on the road.",Non modifié
21,Accommodate,The hotel can accommodate up to 200 guests.,The hotel can accommodate up to 200 guests.,Non modifié
22,Accommodation,The accommodation for the trip was arranged in advance.,The accommodation for the trip was arranged in advance.,Non modifié
23,Accomplish,"With hard work, you can accomplish anything you set your mind to.","With hard work, you can accomplish anything you set your mind to.",Non modifié
24,Accomplishment,Graduating from university was her greatest accomplishment.,Graduating from university was her greatest accomplishment.,Non modifié
25,According,"According to the schedule, the meeting starts at 10 AM.","According to the schedule, the meeting starts at 10 AM.",Non modifié
26,Accordingly,We've adjusted our plans accordingly.,We've adjusted our plans accordingly.,Non modifié
27,Account for,Can you account for all the missing inventory?,Can you account for all the missing inventory?,Non modifié
28,Accounting,She has a degree in accounting and works for a large firm.,She has a degree in accounting and works for a large firm.,Non modifié
29,Accurate,The measurements need to be accurate for the experiment to succeed.,The measurements need to be accurate for the experiment to succeed.,Non modifié
30,Achieve,"With determination, you can achieve your goals.","With determination, you can achieve your goals.",Non modifié
31,acknowledge,She acknowledged her mistake and apologized.,Acknowledge is important because she acknowledged her mistake and apologized.,Modifié
32,Acquire,The company plans to acquire several smaller firms.,The company plans to acquire several smaller firms.,Non modifié
33,Act,He'll act as the mediator in the negotiation.,He'll act as the mediator in the negotiation.,Non modifié
34,Actually,"Actually, I wasn't aware of the changes","Actually, I wasn't aware of the changes",Non modifié
35,Adapt,You need to adapt to different working environments.,You need to adapt to different working environments.,Non modifié
36,Adapter,The adapter allows you to connect different devices.,The adapter allows you to connect different devices.,Non modifié
37,Add up,I need to add up all the expenses to see if we stayed within the budget.,I need to add up all the expenses to see if we stayed within the budget.,Non modifié
38,Additional,We've made some additional changes to the plan.,We've made some additional changes to the plan.,Non modifié
39,Address,The mayor will address the citizens' concerns in his speech.,The mayor will address the citizens' concerns in his speech.,Non modifié
40,Adequate,The supplies should be adequate for the project.,The supplies should be adequate for the project.,Non modifié
41,Adjust,You'll need to adjust the settings for optimal performance.,You'll need to adjust the settings for optimal performance.,Non modifié
42,Adjustment,We made an adjustment to the schedule to accommodate everyone.,We made an adjustment to the schedule to accommodate everyone.,Non modifié
43,Administration,He works in administration at the university.,He works in administration at the university.,Non modifié
44,Admire,I admire your dedication to your work.,I admire your dedication to your work.,Non modifié
45,Admit,He was reluctant to admit his mistake.,He was reluctant to admit his mistake.,Non modifié
46,Admittance,The admittance fee covers entry to all attractions.,The admittance fee covers entry to all attractions.,Non modifié
47,Advance,I'll need to pay in advance to secure my booking.,I'll need to pay in advance to secure my booking.,Non modifié
48,Advanced,The new technology is more advanced than the previous model.,The new technology is more advanced than the previous model.,Non modifié
49,Advantage,One advantage of living in the city is the convenience.,One advantage of living in the city is the convenience.,Non modifié
50,Advantageous,The deal was advantageous for both parties.,The deal was advantageous for both parties.,Non modifié
51,Advertise,The company plans to advertise its new product on social media.,The company plans to advertise its new product on social media.,Non modifié
52,Advertisement,The advertisement for the new smartphone is very catchy.,The advertisement for the new smartphone is very catchy.,Non modifié
53,Advice,Can you give me some advice on how to improve my resume?,Can you give me some advice on how to improve my resume?,Non modifié
54,Advise,I advise you to take the job offer; it's a great opportunity.,I advise you to take the job offer; it's a great opportunity.,Non modifié
55,Affect,The change in policy will affect everyone in the company.,The change in policy will affect everyone in the company.,Non modifié
56,Afford,I can't afford to go on vacation this year.,I can't afford to go on vacation this year.,Non modifié
57,Affordable,The rent for the apartment is very affordable.,The rent for the apartment is very affordable.,Non modifié
58,Agency,The travel agency helped us plan our trip.,The travel agency helped us plan our trip.,Non modifié
59,Agenda,I'll need to check my agenda to see if I'm available on that date.,I'll need to check my agenda to see if I'm available on that date.,Non modifié
60,Agree,he stakeholders agree that the proposed approach is the best way forward.,he stakeholders agree that the proposed approach is the best way forward.,Non modifié
61,Agreeable,.She's always agreeable to new ideas.,.She's always agreeable to new ideas.,Non modifié
62,Agreement,We reached an agreement after lengthy negotiations,We reached an agreement after lengthy negotiations,Non modifié
63,Agricultural,The region is known for its agricultural products.,The region is known for its agricultural products.,Non modifié
64,Aid,The government provided aid to the flood victims.,The government provided aid to the flood victims.,Non modifié
65,Aim,Our aim is to provide excellent customer service.,Our aim is to provide excellent customer service.,Non modifié
66,Airline,Which airline are you flying with?,Which airline are you flying with?,Non modifié
67,Aisle,Please keep the aisle clear during the flight.,Please keep the aisle clear during the flight.,Non modifié
68,Alarm,"The fire alarm went off, and we had to evacuate the building.","The fire alarm went off, and we had to evacuate the building.",Non modifié
69,Allow,The rules allow for a certain level of flexibility.,The rules allow for a certain level of flexibility.,Non modifié
70,Alternative,The management team proposed an alternative strategy to cut costs without compromising the quality of our products.,The management team proposed an alternative strategy to cut costs without compromising the quality of our products.,Non modifié
71,Ambitious,She's very ambitious and has big plans for her career.,She's very ambitious and has big plans for her career.,Non modifié
72,Amend,We'll need to amend the contract before it's finalized.,We'll need to amend the contract before it's finalized.,Non modifié
73,amicable,They reached an amicable agreement after negotiations.,They reached an amicable agreement after negotiations.,Non modifié
74,Amount,Can you tell me the exact amount of money we have left?,Can you tell me the exact amount of money we have left?,Non modifié
75,Amusing,The comedian's jokes were amusing and kept the audience entertained.,The comedian's jokes were amusing and kept the audience entertained.,Non modifié
76,acute lack of new offices,"An acute lack of new offices has hindered the company's expansion plans, forcing them to seek temporary solutions.","An acute lack of new offices has hindered the company's expansion plans, forcing them to seek temporary solutions.",Non modifié
77,uncertainty on the given figures,We conducted a thorough analysis of the data.,We conducted a thorough analysis of the data.,Non modifié
78,Analysis,"The city is facing an acute lack of new offices, which is driving up rental prices.","Analysis is important because the city is facing an acute lack of new offices, which is driving up rental prices.",Modifié
79,Analyze,"There is some uncertainty on the given figures, so we need to analyze our calculations.","There is some uncertainty on the given figures, so we need to analyze our calculations.",Non modifié
80,Announcement,The company's announcement about the new product launch excited everyone.,The company's announcement about the new product launch excited everyone.,Non modifié
81,Annoying,The constant noise from the construction site was very annoying.,The constant noise from the construction site was very annoying.,Non modifié
82,Annual,We have an annual meeting every December to discuss our progress.,We have an annual meeting every December to discuss our progress.,Non modifié
83,Anticipate,We anticipate a significant increase in sales next quarter.,We anticipate a significant increase in sales next quarter.,Non modifié
84,Anxious,She felt anxious before her job interview.,She felt anxious before her job interview.,Non modifié
85,Apologize,I apologize for the mistake in your order.,I apologize for the mistake in your order.,Non modifié
86,Appeal,The charity made a heartfelt appeal for donations.,The charity made a heartfelt appeal for donations.,Non modifié
87,Appetizer,We enjoyed a delicious appetizer before the main course.,We enjoyed a delicious appetizer before the main course.,Non modifié
88,Appliance,The new kitchen appliance made cooking much easier.,The new kitchen appliance made cooking much easier.,Non modifié
89,Applicant,The applicant was well-qualified for the position.,The applicant was well-qualified for the position.,Non modifié
90,Application,She submitted her application for the scholarship.,She submitted her application for the scholarship.,Non modifié
91,Apply,You need to apply for the permit before starting the project.,You need to apply for the permit before starting the project.,Non modifié
92,Appointment,They appointed her as the new head of the department.,Appointment is important because they appointed her as the new head of the department.,Modifié
93,appraisal,I have an appointment with the dentist tomorrow morning.,Appraisal is important because i have an appointment with the dentist tomorrow morning.,Modifié
94,appraise,There's been an appreciable improvement in his performance.,Appraise is important because there's been an appreciable improvement in his performance.,Modifié
95,Appreciable,The performance appraisal is conducted annually.,Appreciable is important because the performance appraisal is conducted annually.,Modifié
96,Appreciate,The real estate agent will appraise the house before listing it for sale.,Appreciate is important because the real estate agent will appraise the house before listing it for sale.,Modifié
97,Appreciation,I really appreciate all your help with the project.,Appreciation is important because i really appreciate all your help with the project.,Modifié
98,Appreciative,She was very appreciative of the support she received.,She was very appreciative of the support she received.,Non modifié
99,Apprentice,The company hired an apprentice to learn and gain hands-on experience in the field,The company hired an apprentice to learn and gain hands-on experience in the field,Non modifié
100,Approach,He started as an apprentice and worked his way up to manager.,Approach is important because he started as an apprentice and worked his way up to manager.,Modifié
101,Appropriate,Our approach to customer service sets us apart from our competitors.,Appropriate is important because our approach to customer service sets us apart from our competitors.,Modifié
102,appropriation,Wearing jeans might not be appropriate for a formal event.,Appropriation is important because wearing jeans might not be appropriate for a formal event.,Modifié
103,approval,The project cannot proceed until we receive final approval from the board,The project cannot proceed until we receive final approval from the board,Non modifié
104,Approve,The board approved the new project proposal after a thorough review.,The board approved the new project proposal after a thorough review.,Modifié
105,Approximate,The proposal received unanimous approval from the board.,The concept of Approximate is widely used in various contexts.,Modifié
106,Arbitrate,Can you give me an approximate time of arrival?,Arbitrate plays a role in can you give me an approximate time of arrival?.,Modifié
107,Area,They decided to arbitrate the dispute rather than go to court.,Area is important because they decided to arbitrate the dispute rather than go to court.,Modifié
108,Argue,The park covers a large area of land.,Argue is important because the park covers a large area of land.,Modifié
109,Argument,"We argue sometimes, but it never lasts long.","Argument is important because we argue sometimes, but it never lasts long.",Modifié
110,Arrange,There was a heated argument during the meeting.,Arrange is important because there was a heated argument during the meeting.,Modifié
111,Arrangement,I'll arrange for someone to pick you up from the airport.,Arrangement is important because i'll arrange for someone to pick you up from the airport.,Modifié
112,asking,We need to make some arrangements for the upcoming event.,Asking is important because we need to make some arrangements for the upcoming event.,Modifié
113,Assemble,nan,The concept of Assemble is widely used in various contexts.,Modifié
114,Assess,She was asking about the availability of the product.,Assess is important because she was asking about the availability of the product.,Modifié
115,Assets,We need to assess the situation before making a decision.,Assets is important because we need to assess the situation before making a decision.,Modifié
116,Assign,The company's assets include property and equipment.,Assign is important because the company's assets include property and equipment.,Modifié
117,Assume,I'll assign someone to help you with the project.,Assume is important because i'll assign someone to help you with the project.,Modifié
118,Assurance,Let's not assume anything until we have all the facts.,Assurance is important because let's not assume anything until we have all the facts.,Modifié
119,Attach,Please attach your resume to the job application.,Please attach your resume to the job application.,Non modifié
120,Attachment,The manager gave her assurance that the issue would be resolved promptly.,Attachment is important because the manager gave her assurance that the issue would be resolved promptly.,Modifié
121,Attend,The email included an attachment with the meeting agenda.,Attend is important because the email included an attachment with the meeting agenda.,Modifié
122,Attendance,nan,The concept of Attendance is widely used in various contexts.,Modifié
123,Attentively,She listened attentively to the speaker's presentation.,She listened attentively to the speaker's presentation.,Non modifié
124,Attract,The new marketing campaign is designed to attract younger customers.,The new marketing campaign is designed to attract younger customers.,Non modifié
125,Audience,The speaker captivated the audience with his PITCH,The speaker captivated the audience with his PITCH,Non modifié
126,Audit,The company undergoes an annual audit to ensure compliance.,The company undergoes an annual audit to ensure compliance.,Non modifié
127,Authority,The police have the authority to enforce the law.,The police have the authority to enforce the law.,Non modifié
128,Authorize,I need to authorize the payment before it can be processed.,I need to authorize the payment before it can be processed.,Non modifié
129,Availability,"The availability of tickets is limited, so book early.","The availability of tickets is limited, so book early.",Non modifié
130,Available,Is this item available in other colors?,Is this item available in other colors?,Non modifié
131,Avoid,Try to avoid making unnecessary noise during the presentation.,Try to avoid making unnecessary noise during the presentation.,Non modifié
132,Awareness,The campaign aimed to raise awareness about environmental issues among the audience.,The campaign aimed to raise awareness about environmental issues among the audience.,Non modifié
133,Awkward,"It was an awkward situation, and nobody knew what to say.","It was an awkward situation, and nobody knew what to say.",Non modifié
134,Background,What's your background in marketing?,What's your background in marketing?,Non modifié
135,Backpack,Don't forget to pack your backpack for the trip.,Don't forget to pack your backpack for the trip.,Non modifié
136,Baggage claim,You can collect your luggage at the baggage claim area.,You can collect your luggage at the baggage claim area.,Non modifié
137,Balance,It's important to maintain a balance between work and personal life.,It's important to maintain a balance between work and personal life.,Non modifié
138,Balance sheet,"The company published its annual balance sheet, showing its financial assets and liabilities",The concept of Balance sheet is widely used in various contexts.,Non modifié
139,Bank,The bank approved the loan application after a thorough review of the applicant’s financial history.,The concept of Bank is widely used in various contexts.,Non modifié
140,Bankruptcy,The company declared bankruptcy last year.,The company declared bankruptcy last year.,Non modifié
141,bar,The barcode on the product makes it easy to scan at checkout.,The barcode on the product makes it easy to scan at checkout.,Modifié
142,Barcode,She held onto the bar to support herself during the exercise.,Barcode is important because she held onto the bar to support herself during the exercise.,Modifié
143,Bargain,I managed to find a bargain at the flea market.,I managed to find a bargain at the flea market.,Non modifié
144,Basic,The course covers all the basic principles of accounting.,The course covers all the basic principles of accounting.,Non modifié
145,Beat off,The team managed to beat off their competitors and win the championship.,The team managed to beat off their competitors and win the championship.,Non modifié
146,Behave,The children were told to behave during the school trip.,The children were told to behave during the school trip.,Non modifié
147,Belongings,Don't forget to collect all your belongings before you leave the hotel.,Don't forget to collect all your belongings before you leave the hotel.,Non modifié
148,Beneficial,Regular exercise is beneficial for both physical and mental health.,Regular exercise is beneficial for both physical and mental health.,Non modifié
149,Benefit,The new software update is designed to benefit users by improving system performance and enhancing overall security.,The new software update is designed to benefit users by improving system performance and enhancing overall security.,Non modifié
150,Beverage,Would you like a hot or cold beverage with your meal?,Would you like a hot or cold beverage with your meal?,Non modifié
151,Bid,The company placed a bid for the construction project.,The company placed a bid for the construction project.,Non modifié
152,Bill,Can you please pay the electricity bill this month?,Can you please pay the electricity bill this month?,Non modifié
153,Binder,The documents are organized neatly in the binder.,The documents are organized neatly in the binder.,Non modifié
154,Blanket,She covered herself with a warm blanket while watching TV.,She covered herself with a warm blanket while watching TV.,Non modifié
155,Block,"There's a roadblock ahead, so we'll need to find an alternative route.","There's a roadblock ahead, so we'll need to find an alternative route.",Modifié
156,Board,The passengers are now boarding the plane.,The passengers are now boarding the plane.,Modifié
157,Boarding pass,Don't forget to bring your boarding pass to the airport.,Don't forget to bring your boarding pass to the airport.,Non modifié
158,Boardroom,The meeting will take place in the boardroom on the top floor.,The meeting will take place in the boardroom on the top floor.,Non modifié
159,Boast,He likes to boast about his accomplishments.,He likes to boast about his accomplishments.,Non modifié
160,Book,I'll book a table for two at the restaurant for tonight.,I'll book a table for two at the restaurant for tonight.,Non modifié
161,Booking,booking a hotel room in advance is important to ensure safety,booking a hotel room in advance is important to ensure safety,Non modifié
162,Boost,The new marketing strategy helped boost sales.,The new marketing strategy helped boost sales.,Non modifié
163,Bored,I'm feeling bored; let's do something fun.,I'm feeling bored; let's do something fun.,Non modifié
164,Borrow,I had to borrow some money from my friend to pay for the repairs.,I had to borrow some money from my friend to pay for the repairs.,Non modifié
165,Bother,Don't bother about the dishes; I'll take care of them.,Don't bother about the dishes; I'll take care of them.,Non modifié
166,Bottom line,The bottom line is that we need to increase our revenue.,The bottom line is that we need to increase our revenue.,Non modifié
167,Branch,The company plans to open a new branch in the city center.,The company plans to open a new branch in the city center.,Non modifié
168,Branch out,The company plans to branch out into new markets next year.,The company plans to branch out into new markets next year.,Non modifié
169,Brand,Nike is a well-known brand for sports apparel.,Nike is a well-known brand for sports apparel.,Non modifié
170,Break down,Can you break down the costs for me?,Can you break down the costs for me?,Non modifié
171,Break into,It's difficult to break into the competitive fashion industry.,It's difficult to break into the competitive fashion industry.,Non modifié
172,Briefcase,He carries all his important documents in a leather briefcase.,He carries all his important documents in a leather briefcase.,Non modifié
173,Briefing,The manager gave us a briefing on the new project.,The manager gave us a briefing on the new project.,Non modifié
174,Bring forward,Let's bring forward the meeting to accommodate everyone's schedule.,Let's bring forward the meeting to accommodate everyone's schedule.,Non modifié
175,Bring out,The new recipe book will bring out the chef in everyone.,The new recipe book will bring out the chef in everyone.,Non modifié
176,Bring up,I need to bring up an important issue during the staff meeting.,I need to bring up an important issue during the staff meeting.,Non modifié
177,Broadcast,The news was broadcast live on television.,The news was broadcast live on television.,Non modifié
178,Broaden,Traveling can broaden your horizons and open your mind to new cultures.,Traveling can broaden your horizons and open your mind to new cultures.,Non modifié
179,Browser,Which internet browser do you prefer to use?,Which internet browser do you prefer to use?,Non modifié
180,Brush,She brushed her hair before leaving the house.,She brushed her hair before leaving the house.,Modifié
181,Budget,We need to adjust our budget to handle the buildup of maintenance costs.,The concept of Budget is widely used in various contexts.,Non modifié
182,Build up,The company set a budget for the buildup of new office supplies.,Build up is important because the company set a budget for the buildup of new office supplies.,Modifié
183,Bulletin,The company sends out a weekly bulletin to all employees.,The company sends out a weekly bulletin to all employees.,Non modifié
184,Burn out,Working long hours without breaks can cause employees to burn out quickly.,Working long hours without breaks can cause employees to burn out quickly.,Non modifié
185,Bust,"After several years of financial struggles, the company finally went bankrupt. / The police raided the illegal gambling den and busted the operation.",The concept of Bust is widely used in various contexts.,Modifié
186,Buy out,The larger company decided to buy out its smaller competitor to expand its market share.,The larger company decided to buy out its smaller competitor to expand its market share.,Non modifié
187,Cabin crew,The cabin crew will assist you with any questions during the flight.,The cabin crew will assist you with any questions during the flight.,Non modifié
188,Cafeteria,The office cafeteria serves a variety of meals for lunch.,The office cafeteria serves a variety of meals for lunch.,Non modifié
189,Calculate,Let me calculate how much we'll need for the trip.,Let me calculate how much we'll need for the trip.,Non modifié
190,Calculation,The calculation shows that we're still within budget.,The calculation shows that we're still within budget.,Non modifié
191,Calculator,Do you have a calculator I can borrow for the exam?,Do you have a calculator I can borrow for the exam?,Non modifié
192,Call off,"Due to the weather, we have to call off the outdoor event.","Due to the weather, we have to call off the outdoor event.",Non modifié
193,Campaign,The charity launched a fundraising campaign to build a new school.,The charity launched a fundraising campaign to build a new school.,Non modifié
194,Cancel,I need to cancel my subscription to the magazine.,I need to cancel my subscription to the magazine.,Non modifié
195,Cancellation,The cancellation of the event disappointed many attendees.,The cancellation of the event disappointed many attendees.,Non modifié
196,Candidacy,His candidacy for the presidency was announced last week.,His candidacy for the presidency was announced last week.,Non modifié
197,Candidate,There are several candidates running for mayor in the upcoming election.,There are several candidates running for mayor in the upcoming election.,Modifié
198,candidates,Several candidates have emerged as potential successors to the CEO.,Several candidates have emerged as potential successors to the CEO.,Non modifié
199,candidature,Her candidature for the position was well-received by the selection committee.,Her candidature for the position was well-received by the selection committee.,Non modifié
200,Capacity,The venue has a capacity of 500 people.,The venue has a capacity of 500 people.,Non modifié
201,Capital,London is the capital city of England.,London is the capital city of England.,Non modifié
202,Career,She's had a successful career in finance.,The concept of Career is widely used in various contexts.,Non modifié
203,Careless,Don't be careless with the company's confidential information.,Don't be careless with the company's confidential information.,Non modifié
204,Carry out,We need to carry out a thorough investigation before reaching any conclusions.,We need to carry out a thorough investigation before reaching any conclusions.,Non modifié
205,Cash,I'll need to withdraw some cash from the ATM.,I'll need to withdraw some cash from the ATM.,Non modifié
206,Cashier,The cashier rang up my groceries at the supermarket.,The cashier rang up my groceries at the supermarket.,Non modifié
207,Catch on,The new trend seems to be catching on quickly.,The new trend seems to be catching on quickly.,Non modifié
208,Cause,The heavy rainfall was the cause of the flooding.,The heavy rainfall was the cause of the flooding.,Non modifié
209,Cautious,He's very cautious when it comes to making decisions.,He's very cautious when it comes to making decisions.,Non modifié
210,Celebrate,We're going out to celebrate my sister's birthday tonight.,We're going out to celebrate my sister's birthday tonight.,Non modifié
211,Celebration,The town holds an annual celebration to mark its founding.,The town holds an annual celebration to mark its founding.,Non modifié
212,Cell phone,Please remember to turn off your cell phone during the meeting.,Please remember to turn off your cell phone during the meeting.,Non modifié
213,Certificate,She received a certificate of achievement for her outstanding performance.,She received a certificate of achievement for her outstanding performance.,Non modifié
214,Certification,The course offers certification in project management.,The course offers certification in project management.,Non modifié
215,Chain,The company operates a chain of restaurants across the country.,The company operates a chain of restaurants across the country.,Non modifié
216,Chain store,Walmart is a well-known chain store.,Walmart is a well-known chain store.,Non modifié
217,Chair,Please take a seat in the chair next to mine.,Please take a seat in the chair next to mine.,Non modifié
218,Chairman,The chairman of the board will lead the meeting.,The chairman of the board will lead the meeting.,Non modifié
219,Chairperson,The chairperson will introduce the guest speaker.,The chairperson will introduce the guest speaker.,Non modifié
220,Characteristic,One characteristic of successful entrepreneurs is resilience.,One characteristic of successful entrepreneurs is resilience.,Non modifié
221,Characterize,The report will characterize the market trends by highlighting key growth areas and emerging opportunities,The report will characterize the market trends by highlighting key growth areas and emerging opportunities,Non modifié
222,Charge,What's the charge for using the gym facilities?,What's the charge for using the gym facilities?,Non modifié
223,Charity,The charity provides support for homeless people.,The charity provides support for homeless people.,Non modifié
224,Cheap,The store offers cheap prices on a wide range of products.,The store offers cheap prices on a wide range of products.,Non modifié
225,Check in,You can check in online before your flight.,You can check in online before your flight.,Non modifié
226,Check out,Don't forget to check out of the hotel before you leave.,Don't forget to check out of the hotel before you leave.,Non modifié
227,Chef,The chef prepared a delicious three-course meal.,The chef prepared a delicious three-course meal.,Non modifié
228,choice,She had to make a difficult choice between the two job offers.,She had to make a difficult choice between the two job offers.,Non modifié
229,chosen,The chosen candidate will be offered the job.,The chosen candidate will be offered the job.,Non modifié
230,Circumstances,"Given the circumstances, I think we made the right decision.","Given the circumstances, I think we made the right decision.",Non modifié
231,Claim,She filed a claim with her insurance company after the accident.,She filed a claim with her insurance company after the accident.,Non modifié
232,Claimant,The claimant was awarded compensation for the damages.,The claimant was awarded compensation for the damages.,Non modifié
233,Classification,The classification of the documents makes it easier to find what you need.,The classification of the documents makes it easier to find what you need.,Non modifié
234,Classify,We need to classify the items before we can proceed.,We need to classify the items before we can proceed.,Non modifié
235,Clerk,The clerk at the store was very helpful.,The clerk at the store was very helpful.,Non modifié
236,Client,Our main client is a multinational corporation.,Our main client is a multinational corporation.,Non modifié
237,Climate,The climate in this region is perfect for growing grapes.,The climate in this region is perfect for growing grapes.,Non modifié
238,close,They have a close friendship that has lasted for years.,They have a close friendship that has lasted for years.,Non modifié
239,Closure,The closure of the factory will affect many local families.,The closure of the factory will affect many local families.,Non modifié
240,Coach,The coach gave the team a pep talk before the game.,The coach gave the team a pep talk before the game.,Non modifié
241,Code,The programmer wrote the code for the new software.,The programmer wrote the code for the new software.,Non modifié
242,Collect,Don't forget to collect your tickets from the box office.,Don't forget to collect your tickets from the box office.,Non modifié
243,come on,"Come on, we're going to be late if we don't leave now.","Come on, we're going to be late if we don't leave now.",Non modifié
244,Commence,The meeting will commence in ten minutes.,The meeting will commence in ten minutes.,Non modifié
245,Commission,The salesperson earns a commission for every product sold.,The salesperson earns a commission for every product sold.,Non modifié
246,Commit,He promised to commit to the project fully.,He promised to commit to the project fully.,Non modifié
247,Committee,The committee meets every month to discuss important issues.,The committee meets every month to discuss important issues.,Non modifié
248,Commodity,Oil is a valuable commodity that is traded on the global market.,Oil is a valuable commodity that is traded on the global market.,Non modifié
249,Common,It's common for people to feel nervous before a job interview.,It's common for people to feel nervous before a job interview.,Non modifié
250,Commonly,The company commonly holds team-building activities.,The company commonly holds team-building activities.,Non modifié
251,Commute,She has a long commute to work every day.,She has a long commute to work every day.,Non modifié
252,Commuter,The train was packed with commuters heading into the city.,The train was packed with commuters heading into the city.,Modifié
253,Company,Our company specializes in software development.,Our company specializes in software development.,Non modifié
254,Comparable,Their performance is comparable to that of professional athletes.,Their performance is comparable to that of professional athletes.,Non modifié
255,Compare,Let's compare the prices before making a decision.,Let's compare the prices before making a decision.,Non modifié
256,Compatible,The new software is compatible with most operating systems.,The new software is compatible with most operating systems.,Non modifié
257,Compensate,The company will compensate employees for any overtime worked.,The company will compensate employees for any overtime worked.,Non modifié
258,Competent,She's a competent manager who knows how to lead her team effectively.,She's a competent manager who knows how to lead her team effectively.,Non modifié
259,Competition,The competition in the market is fierce.,The competition in the market is fierce.,Non modifié
260,Competitive,The company must stay competitive to survive in this industry.,The company must stay competitive to survive in this industry.,Non modifié
261,Competitor,Our main competitor just released a new product.,Our main competitor just released a new product.,Non modifié
262,Complain,"If you have any issues, feel free to complain to customer service.","If you have any issues, feel free to complain to customer service.",Non modifié
263,Complaint,He filed a formal complaint with HR about his coworker's behavior.,He filed a formal complaint with HR about his coworker's behavior.,Non modifié
264,Complete,Please complete the form and return it to our office.,Please complete the form and return it to our office.,Non modifié
265,Complex,The situation is more complex than we initially thought.,The situation is more complex than we initially thought.,Non modifié
266,Complexity,The complexity of the issue requires careful consideration.,The complexity of the issue requires careful consideration.,Non modifié
267,Compliment,She received a compliment on her presentation skills.,She received a compliment on her presentation skills.,Non modifié
268,Complimentary,The hotel offers complimentary breakfast to guests.,The hotel offers complimentary breakfast to guests.,Non modifié
269,Comply,All employees must comply with company policies.,All employees must comply with company policies.,Non modifié
270,Comprehensive,The report provides a comprehensive analysis of the market trends.,The report provides a comprehensive analysis of the market trends.,Non modifié
271,Compromise,Both sides had to compromise to reach a settlement.,Both sides had to compromise to reach a settlement.,Non modifié
272,Compulsory,Attendance at the meeting is compulsory for all staff.,Attendance at the meeting is compulsory for all staff.,Non modifié
273,Concede,He had to concede defeat after losing the election.,He had to concede defeat after losing the election.,Non modifié
274,Concern,The safety of our employees is our primary concern.,The safety of our employees is our primary concern.,Non modifié
275,Conclude,Let's conclude the meeting with a summary of our decisions.,Let's conclude the meeting with a summary of our decisions.,Non modifié
276,Conclusion,"In conclusion, I believe we've made significant progress.","In conclusion, I believe we've made significant progress.",Non modifié
277,Concourse,The concourse at the airport was bustling with travelers.,The concourse at the airport was bustling with travelers.,Non modifié
278,Condition,The car is in excellent condition for its age.,The car is in excellent condition for its age.,Non modifié
279,Conduct,Employees are expected to conduct themselves professionally at all times.,Employees are expected to conduct themselves professionally at all times.,Non modifié
280,Conference,The annual conference attracts professionals from around the world.,The annual conference attracts professionals from around the world.,Non modifié
281,confess,He confessed his love for her.,Confess is important because he confessed his love for her.,Modifié
282,Confirm,Can you confirm your attendance at the meeting?,Can you confirm your attendance at the meeting?,Non modifié
283,Confirmation,We'll send you a confirmation email once your booking is complete.,We'll send you a confirmation email once your booking is complete.,Non modifié
284,Confusion,There seems to be some confusion about the schedule.,There seems to be some confusion about the schedule.,Non modifié
285,Connect,The Wi-Fi network allows you to connect to the internet.,The Wi-Fi network allows you to connect to the internet.,Non modifié
286,Connection,The connection between the two devices is secure.,The connection between the two devices is secure.,Non modifié
287,Consequence,The consequences of climate change are becoming increasingly severe.,The consequences of climate change are becoming increasingly severe.,Modifié
288,Consider,We need to consider all options before making a decision.,We need to consider all options before making a decision.,Non modifié
289,Considerable,There has been a considerable increase in sales this quarter.,There has been a considerable increase in sales this quarter.,Non modifié
290,considering,"Considering his lack of experience, he did a good job on the project.","Considering his lack of experience, he did a good job on the project.",Non modifié
291,Consignment,The consignment of goods arrived at the warehouse yesterday.,The consignment of goods arrived at the warehouse yesterday.,Non modifié
292,Consist,The report consists of three main sections.,The report consists of three main sections.,Modifié
293,Consistent,Her performance has been consistent throughout the year.,Her performance has been consistent throughout the year.,Non modifié
294,Consistently,He consistently delivers high-quality work on time.,He consistently delivers high-quality work on time.,Non modifié
295,Constant,There's been a constant stream of customers all day.,There's been a constant stream of customers all day.,Non modifié
296,Constantly,The price of goods is constantly changing due to market fluctuations.,The price of goods is constantly changing due to market fluctuations.,Non modifié
297,Construction,The construction of the new office building is almost complete.,The construction of the new office building is almost complete.,Non modifié
298,Consult,We'll need to consult with the legal team before proceeding.,We'll need to consult with the legal team before proceeding.,Non modifié
299,Consultant,The company hired a consultant to advise on marketing strategy.,The company hired a consultant to advise on marketing strategy.,Non modifié
300,Consume,It's important to consume a balanced diet for good health.,It's important to consume a balanced diet for good health.,Non modifié
301,Consumer,Consumer demand for eco-friendly products is increasing.,Consumer demand for eco-friendly products is increasing.,Non modifié
302,Contain,The box contains all the necessary components for assembly.,The box contains all the necessary components for assembly.,Modifié
303,Container,The shipment arrived in a large container.,The shipment arrived in a large container.,Non modifié
304,Continual,The company strives for continual improvement in its products.,The company strives for continual improvement in its products.,Non modifié
305,Continuation,The continuation of the project depends on securing additional funding.,The continuation of the project depends on securing additional funding.,Non modifié
306,Continue,Let's continue our discussion after the break.,Let's continue our discussion after the break.,Non modifié
307,Contract out,We decided to contract out the IT services to a specialized firm.,We decided to contract out the IT services to a specialized firm.,Non modifié
308,Contribute,Employees are encouraged to contribute ideas for improvement.,Employees are encouraged to contribute ideas for improvement.,Non modifié
309,Contribution,Your contribution to the team has been invaluable.,Your contribution to the team has been invaluable.,Non modifié
310,Control,The manager needs to maintain control over the project.,The manager needs to maintain control over the project.,Non modifié
311,Control panel,The control panel allows you to adjust various settings.,The control panel allows you to adjust various settings.,Non modifié
312,Convenient,The location of the hotel is convenient for exploring the city.,The location of the hotel is convenient for exploring the city.,Non modifié
313,Conveniently,The store is conveniently located next to the train station.,The store is conveniently located next to the train station.,Non modifié
314,Convince,I'll try to convince him to join us for dinner.,I'll try to convince him to join us for dinner.,Non modifié
315,Convincing,Her argument was convincing enough to persuade the jury.,Her argument was convincing enough to persuade the jury.,Non modifié
316,cool,The weather turned cool in the evening.,The weather turned cool in the evening.,Non modifié
317,Core business,Our core business is manufacturing electronic components for the automotive industry.,Our core business is manufacturing electronic components for the automotive industry.,Non modifié
318,Corporate,The corporate office is located downtown.,The corporate office is located downtown.,Non modifié
319,Corporation,The corporation operates in several countries worldwide.,The corporation operates in several countries worldwide.,Non modifié
320,corrupted,The government was accused of corrupted practices.,The government was accused of corrupted practices.,Non modifié
321,Cost,The cost of living in this city is quite high.,The cost of living in this city is quite high.,Non modifié
322,cost-effective,Investing in energy-efficient appliances can be cost-effective in the long run.,Investing in energy-efficient appliances can be cost-effective in the long run.,Non modifié
323,costly,Repairing the car was more costly than buying a new one.,Repairing the car was more costly than buying a new one.,Non modifié
324,Counter,You can find the sugar on the counter next to the coffee machine.,You can find the sugar on the counter next to the coffee machine.,Non modifié
325,Courier,The courier delivered the package to my doorstep.,The courier delivered the package to my doorstep.,Non modifié
326,Cover,The insurance policy should cover any damages caused by the accident.,The insurance policy should cover any damages caused by the accident.,Non modifié
327,Cover letter,Don't forget to attach your cover letter when applying for the job.,Don't forget to attach your cover letter when applying for the job.,Non modifié
328,Coverage,The insurance policy provides coverage for medical expenses.,The insurance policy provides coverage for medical expenses.,Non modifié
329,Coworker,My coworker and I are collaborating on a new project.,My coworker and I are collaborating on a new project.,Non modifié
330,Crash,The computer crashed while I was in the middle of an important task.,The computer crashed while I was in the middle of an important task.,Modifié
331,Credentials,She presented her credentials at the job interview.,She presented her credentials at the job interview.,Non modifié
332,Credit,You can pay by credit card or cash.,You can pay by credit card or cash.,Non modifié
333,Criteria,Applicants must meet specific criteria to be considered for the job.,Applicants must meet specific criteria to be considered for the job.,Non modifié
334,Critical,The situation is critical; we need to act fast.,The situation is critical; we need to act fast.,Non modifié
335,Criticize,It's not polite to criticize others in public.,It's not polite to criticize others in public.,Non modifié
336,Crowd,The crowd cheered loudly as the team scored a goal.,The crowd cheered loudly as the team scored a goal.,Non modifié
337,Crowded,The train was crowded during rush hour.,The train was crowded during rush hour.,Non modifié
338,Crucial,It's crucial that we meet the deadline.,It's crucial that we meet the deadline.,Non modifié
339,Cruise,They went on a cruise around the Mediterranean.,They went on a cruise around the Mediterranean.,Non modifié
340,Currency,The currency in this country is the euro.,The currency in this country is the euro.,Non modifié
341,Current,What's the current status of the project?,What's the current status of the project?,Non modifié
342,Currently,"Currently, I'm studying for my exams.","Currently, I'm studying for my exams.",Non modifié
343,Custom,The furniture was custom-made to fit the space perfectly.,The furniture was custom-made to fit the space perfectly.,Non modifié
344,Customer,Our company values customer satisfaction above all else.,Our company values customer satisfaction above all else.,Non modifié
345,Customize,You can customize your smartphone with different themes.,You can customize your smartphone with different themes.,Non modifié
346,Customs,You'll need to declare any goods at customs when entering the country.,You'll need to declare any goods at customs when entering the country.,Non modifié
347,Cut back,We need to cut back on our expenses if we want to save money.,We need to cut back on our expenses if we want to save money.,Non modifié
348,Cutting edge,The company is known for its cutting-edge technology.,The company is known for its cutting-edge technology.,Non modifié
349,Cycle,The life cycle of a butterfly is fascinating.,The life cycle of a butterfly is fascinating.,Non modifié
350,Daily,He reads the newspaper daily to stay informed.,He reads the newspaper daily to stay informed.,Non modifié
351,Damage,The storm caused extensive damage to the property.,The storm caused extensive damage to the property.,Non modifié
352,Deadline,We need to meet the deadline by the end of the week.,We need to meet the deadline by the end of the week.,Non modifié
353,Deal,They negotiated a deal that was mutually beneficial.,They negotiated a deal that was mutually beneficial.,Non modifié
354,Deal with,I'll deal with the customer complaints as soon as possible.,I'll deal with the customer complaints as soon as possible.,Non modifié
355,Debit,You can pay by debit card or credit card.,You can pay by debit card or credit card.,Non modifié
356,Debt,He's struggling to pay off his student debt.,He's struggling to pay off his student debt.,Non modifié
357,Decision,We need to make a decision soon.,We need to make a decision soon.,Non modifié
358,declare,He declared his intention to run for mayor.,Declare is important because he declared his intention to run for mayor.,Modifié
359,decline,He declined the invitation to the party.,Decline is important because he declined the invitation to the party.,Modifié
360,Decorate,She likes to decorate her house with colorful artwork.,She likes to decorate her house with colorful artwork.,Non modifié
361,Decrease,The price of the product has decreased since last month.,The price of the product has decreased since last month.,Modifié
362,Dedicate,She decided to dedicate herself fully to her studies.,She decided to dedicate herself fully to her studies.,Non modifié
363,Deduct,You can deduct business expenses from your taxable income.,You can deduct business expenses from your taxable income.,Non modifié
364,Defect,The manufacturer will replace any product with a defect.,The manufacturer will replace any product with a defect.,Non modifié
365,Defective,The toy was returned to the store because it was defective.,The toy was returned to the store because it was defective.,Non modifié
366,Definite,We'll need a definite answer by tomorrow.,We'll need a definite answer by tomorrow.,Non modifié
367,Definitely,I'm definitely going to the concert tonight.,I'm definitely going to the concert tonight.,Non modifié
368,Degree,He earned a degree in computer science from a prestigious university.,He earned a degree in computer science from a prestigious university.,Non modifié
369,Delay,The flight has been delayed due to bad weather.,The flight has been delayed due to bad weather.,Modifié
370,Delete,Please delete the unnecessary files from the system.,Please delete the unnecessary files from the system.,Non modifié
371,Delight,It was a delight to meet you.,It was a delight to meet you.,Non modifié
372,Delighted,She was delighted with the gift.,She was delighted with the gift.,Non modifié
373,Deliver,The courier will deliver the package tomorrow.,The courier will deliver the package tomorrow.,Non modifié
374,Delivery,The delivery of the goods was delayed due to bad weather.,The delivery of the goods was delayed due to bad weather.,Non modifié
375,Demand,There's a high demand for organic produce.,There's a high demand for organic produce.,Non modifié
376,Demanding,"The job can be demanding at times, but it's also rewarding.","The job can be demanding at times, but it's also rewarding.",Non modifié
377,Demonstrate,Let me demonstrate how to use the software.,Let me demonstrate how to use the software.,Non modifié
378,Depart,The flight is scheduled to depart at 9 a.m.,The flight is scheduled to depart at 9 a.m.,Non modifié
379,Department,The sales department is responsible for generating revenue.,The sales department is responsible for generating revenue.,Non modifié
380,Departure,The departure of the flight was delayed by two hours.,The departure of the flight was delayed by two hours.,Non modifié
381,Depend on,Your success will depend on your dedication and hard work.,Your success will depend on your dedication and hard work.,Non modifié
382,dependable,You can always count on him; he's very dependable.,You can always count on him; he's very dependable.,Non modifié
383,dependably,The system has functioned dependably for years.,The system has functioned dependably for years.,Non modifié
384,Dependence,Many countries have a dependence on fossil fuels.,Many countries have a dependence on fossil fuels.,Non modifié
385,dependent,Children are dependent on their parents for care and guidance.,Children are dependent on their parents for care and guidance.,Non modifié
386,depending,The success of the project will vary depending on funding.,The success of the project will vary depending on funding.,Non modifié
387,Deposit,You'll need to make a deposit to secure your reservation.,You'll need to make a deposit to secure your reservation.,Non modifié
388,Description,Can you provide a brief description of the problem?,Can you provide a brief description of the problem?,Non modifié
389,Design,She studied design at university and now works for a fashion company.,She studied design at university and now works for a fashion company.,Non modifié
390,Designate,The room was designated as a quiet study area.,The room was designated as a quiet study area.,Modifié
391,Desperate,He was desperate to find a job after being unemployed for months.,He was desperate to find a job after being unemployed for months.,Non modifié
392,Dessert,"I'll have the cheesecake for dessert, please.","I'll have the cheesecake for dessert, please.",Non modifié
393,Destination,Our destination is a remote village in the mountains.,Our destination is a remote village in the mountains.,Non modifié
394,Detail,The report includes every detail of the project.,The report includes every detail of the project.,Non modifié
395,Detailed,She provided a detailed explanation of the process.,She provided a detailed explanation of the process.,Non modifié
396,Detect,The alarm system is designed to detect any intruders.,The alarm system is designed to detect any intruders.,Non modifié
397,Deterioration,The deterioration of the building was evident from the cracks in the walls.,The deterioration of the building was evident from the cracks in the walls.,Non modifié
398,Determine,A thorough investigation is needed to determine the cause of the fire.,A thorough investigation is needed to determine the cause of the fire.,Non modifié
399,Determined,She's determined to achieve her goals no matter what.,She's determined to achieve her goals no matter what.,Non modifié
400,Develop,The company plans to develop new products for the international market.,The company plans to develop new products for the international market.,Non modifié
401,Developer,He's a software developer working on the latest mobile app.,He's a software developer working on the latest mobile app.,Non modifié
402,Development,The development of renewable energy sources is essential for a sustainable future.,The development of renewable energy sources is essential for a sustainable future.,Non modifié
403,Device,The new device is compatible with both Android and iOS.,The new device is compatible with both Android and iOS.,Non modifié
404,Diagnose,The doctor will diagnose the cause of your symptoms.,The doctor will diagnose the cause of your symptoms.,Non modifié
405,Differential,The differential between the two products is minimal.,The differential between the two products is minimal.,Non modifié
406,Director,She's the director of marketing for the company.,She's the director of marketing for the company.,Non modifié
407,Disagree,It's okay to disagree; healthy debate can lead to better solutions.,It's okay to disagree; healthy debate can lead to better solutions.,Non modifié
408,Disagreement,There was a disagreement about how to proceed with the project.,There was a disagreement about how to proceed with the project.,Non modifié
409,disallow,The referee disallowed the goal due to a foul.,Disallow is important because the referee disallowed the goal due to a foul.,Modifié
410,Disappointing,The results of the experiment were disappointing.,The results of the experiment were disappointing.,Non modifié
411,Disconnect,The sudden power outage caused the computer to disconnect from the network.,The sudden power outage caused the computer to disconnect from the network.,Non modifié
412,Discount,The store is offering a discount on all items this weekend.,The store is offering a discount on all items this weekend.,Non modifié
413,Discrepancy,There seems to be a discrepancy between the two reports.,There seems to be a discrepancy between the two reports.,Non modifié
414,Discrimination,The company has a zero-tolerance policy for discrimination.,The company has a zero-tolerance policy for discrimination.,Non modifié
415,Discuss,Let's discuss the details of the proposal at the meeting.,Let's discuss the details of the proposal at the meeting.,Non modifié
416,Discussion,"The discussion lasted for hours, but we finally reached a decision.","The discussion lasted for hours, but we finally reached a decision.",Non modifié
417,Dish,I ordered the seafood dish for dinner.,I ordered the seafood dish for dinner.,Non modifié
418,Dismiss,The judge decided to dismiss the case due to lack of evidence.,The judge decided to dismiss the case due to lack of evidence.,Non modifié
419,Dismissive,He gave a dismissive wave of his hand and walked away.,He gave a dismissive wave of his hand and walked away.,Non modifié
420,Display,The museum has a display of ancient artifacts.,The museum has a display of ancient artifacts.,Non modifié
421,Disposable,Please use the disposable gloves when handling the chemicals.,Please use the disposable gloves when handling the chemicals.,Non modifié
422,Dispose,You can dispose of the packaging in the recycling bin.,You can dispose of the packaging in the recycling bin.,Non modifié
423,Dispute,The two parties are in a dispute over land ownership.,The two parties are in a dispute over land ownership.,Non modifié
424,disrupted,The flight schedule was disrupted due to bad weather.,The flight schedule was disrupted due to bad weather.,Non modifié
425,Disruption,The construction work caused a disruption to traffic in the area.,The construction work caused a disruption to traffic in the area.,Non modifié
426,dissatisfaction,There was widespread dissatisfaction with the government's policies.,There was widespread dissatisfaction with the government's policies.,Non modifié
427,Distinctive,The design of the building is distinctive and unique.,The design of the building is distinctive and unique.,Non modifié
428,Distinguish,It's important to distinguish between fact and opinion.,It's important to distinguish between fact and opinion.,Non modifié
429,Distribute,Volunteers will distribute food to those in need.,Volunteers will distribute food to those in need.,Non modifié
430,Distribution,The distribution of wealth is uneven in many countries.,The distribution of wealth is uneven in many countries.,Non modifié
431,Dividend,Shareholders received a dividend payment at the end of the year.,Shareholders received a dividend payment at the end of the year.,Non modifié
432,Document,Make sure to document all your expenses for reimbursement.,Make sure to document all your expenses for reimbursement.,Non modifié
433,documentary,She watched a documentary about wildlife conservation.,She watched a documentary about wildlife conservation.,Non modifié
434,documented,The findings of the study are well-documented in the research paper.,The findings of the study are well-documented in the research paper.,Non modifié
435,documenting,He spent the afternoon documenting the archaeological finds.,He spent the afternoon documenting the archaeological finds.,Non modifié
436,documents,Make sure to keep all important documents in a safe place.,Make sure to keep all important documents in a safe place.,Non modifié
437,Domestic,Domestic violence is a serious issue that affects families worldwide.,Domestic violence is a serious issue that affects families worldwide.,Non modifié
438,Donate,I donated all my old clothes to charity.,I donated all my old clothes to charity.,Modifié
439,Donation,Thank you for your generous donation to the school.,Thank you for your generous donation to the school.,Non modifié
440,Double,The company doubled its profits in the last quarter.,The company doubled its profits in the last quarter.,Modifié
441,Down payment,We had to make a down payment of 20% on the house.,We had to make a down payment of 20% on the house.,Non modifié
442,Download,You can download the app for free from the app store.,You can download the app for free from the app store.,Non modifié
443,Downmarket,This brand is trying to move upmarket with its latest collection.,Downmarket is important because this brand is trying to move upmarket with its latest collection.,Modifié
444,Downsize,The company had to downsize due to financial difficulties.,The concept of Downsize is widely used in various contexts.,Non modifié
445,Downturn,The economic downturn led to widespread job losses.,The economic downturn led to widespread job losses.,Non modifié
446,Downward,The graph shows a downward trend in sales.,The graph shows a downward trend in sales.,Non modifié
447,Dramatic,There was a dramatic increase in temperature overnight.,There was a dramatic increase in temperature overnight.,Non modifié
448,Drastic,The company made a drastic decision to restructure the organization.,The company made a drastic decision to restructure the organization.,Non modifié
449,Drastically,The price of oil has dropped drastically in the last month.,The price of oil has dropped drastically in the last month.,Non modifié
450,Draw,She likes to draw in her spare time.,She likes to draw in her spare time.,Non modifié
451,Draw up,The lawyers will draw up a contract outlining the terms of the agreement.,The lawyers will draw up a contract outlining the terms of the agreement.,Non modifié
452,Drawer,The key to the file cabinet is in the top drawer.,The key to the file cabinet is in the top drawer.,Non modifié
453,Drive,It's about a two-hour drive from here to the beach.,It's about a two-hour drive from here to the beach.,Non modifié
454,Drop,Be careful not to drop your phone in the water.,Be careful not to drop your phone in the water.,Non modifié
455,Dull,The movie was so dull that I fell asleep halfway through.,The movie was so dull that I fell asleep halfway through.,Non modifié
456,Duration,The duration of the flight is approximately four hours.,The duration of the flight is approximately four hours.,Non modifié
457,Duty-free,The duty-free shop at the airport sells a variety of goods.,The duty-free shop at the airport sells a variety of goods.,Non modifié
458,Earn,He works hard to earn a living for his family.,He works hard to earn a living for his family.,Non modifié
459,Earnings,His earnings have increased since he started his own business.,His earnings have increased since he started his own business.,Non modifié
460,Economical,Buying in bulk is more economical in the long run.,Buying in bulk is more economical in the long run.,Non modifié
461,Economize,We need to economize and cut unnecessary expenses.,We need to economize and cut unnecessary expenses.,Non modifié
462,Economy,The global economy is experiencing a period of uncertainty.,The global economy is experiencing a period of uncertainty.,Non modifié
463,Effective,Regular exercise is effective in reducing stress levels.,Regular exercise is effective in reducing stress levels.,Non modifié
464,Effectively,She communicated her ideas effectively during the presentation.,She communicated her ideas effectively during the presentation.,Non modifié
465,Effectiveness,The effectiveness of the new drug has been proven in clinical trials.,The effectiveness of the new drug has been proven in clinical trials.,Non modifié
466,efficacy,The efficacy of the new drug has been proven in clinical trials.,The efficacy of the new drug has been proven in clinical trials.,Non modifié
467,Efficiency,The new software improved the efficiency of our workflow.,The new software improved the efficiency of our workflow.,Non modifié
468,gap,There is a significant gap between the rich and the poor in this country.,There is a significant gap between the rich and the poor in this country.,Non modifié
469,acceptted,The board accepted the revised budget plan recognizing its importance,Acceptted plays a role in the board accepted the revised budget plan recognizing its importance .,Modifié
470,Accounted for,"The financial discrepancies were meticulously accounted for in the audit, providing a clear and accurate financial overview",The concept of Accounted for is widely used in various contexts.,Non modifié
471,acted,"The management team acted promptly to implement the new strategy, resulting in immediate improvements in operational efficiency.","The management team acted promptly to implement the new strategy, resulting in immediate improvements in operational efficiency.",Non modifié
472,Adapted,The company adapted its strategies to meet new market demands and improve efficiency,The company adapted its strategies to meet new market demands and improve efficiency,Non modifié
473,admired,The innovative approach of the startup was admired by industry leaders for its creativity and effectiveness.,The innovative approach of the startup was admired by industry leaders for its creativity and effectiveness.,Non modifié
474,admitted,The manager admitted that the project's initial budget was underestimated and promised to revise the financial plan,The concept of admitted is widely used in various contexts.,Non modifié
475,Advertisements,The company launched multiple advertisements across various media to reach a broader audience,The company launched multiple advertisements across various media to reach a broader audience,Non modifié
476,Advised,I advised them to work harder to get a promotion,I advised them to work harder to get a promotion,Non modifié
477,Affected,The change in policy will affected everyone in the company.,The change in policy will affected everyone in the company.,Non modifié
478,aisles,"The supermarket organized the aisles into clear sections for produce, dairy, and bakery items, making it easier for customers to find what they need.","The supermarket organized the aisles into clear sections for produce, dairy, and bakery items, making it easier for customers to find what they need.",Non modifié
479,Anticipated,We anticipated the market crash,We anticipated the market crash,Non modifié
480,Apology,an apology is a must have treat in the corporate world,an apology is a must have treat in the corporate world,Non modifié
481,Appliances,The store featured a range of energy-efficient appliances to attract environmentally conscious customers,The store featured a range of energy-efficient appliances to attract environmentally conscious customers,Non modifié
482,Applicants,The company interviewed several qualified applicants for the open position.,The company interviewed several qualified applicants for the open position.,Non modifié
483,Approved,The appropriation of funds was approved by the finance committee.,The concept of Approved is widely used in various contexts.,Non modifié
484,Areas,They decided to share the areas rather than go to court.,They decided to share the areas rather than go to court.,Non modifié
485,Arguing,they spent the last three years arguing about whose the real owner of the land,they spent the last three years arguing about whose the real owner of the land,Non modifié
486,Arranged,the HR deparetemnt arranged a party to celebrate the increase in turnover,the HR deparetemnt arranged a party to celebrate the increase in turnover,Non modifié
487,Arrangements,the arrangement made by the ceo was not suitable for everyone,Arrangements plays a role in the arrangement made by the ceo was not suitable for everyone .,Modifié
488,Authorized,"Only authorized personnel are allowed to access the secure data files, ensuring that sensitive information remains protected from unauthorized use.","Only authorized personnel are allowed to access the secure data files, ensuring that sensitive information remains protected from unauthorized use.",Non modifié
489,Assembled,"The team assembled the prototype, testing each component for quality.","The team assembled the prototype, testing each component for quality.",Non modifié
490,Assessment,The manager carries an assessment of the project's progress each week.,The manager carries an assessment of the project's progress each week.,Non modifié
491,Benefits,One of the benefits of working here is the flexible schedule.,One of the benefits of working here is the flexible schedule.,Non modifié
492,Assigned,The company's assigned the job to a new employer,The company's assigned the job to a new employer,Non modifié
493,Assumed,he assumed he will be fired after his mistake,he assumed he will be fired after his mistake,Non modifié
494,Boosted,The new marketing strategy boosted the sales.,The new marketing strategy boosted the sales.,Non modifié
495,Characterized,His actions are characterized by kindness and generosity.,His actions are characterized by kindness and generosity.,Non modifié
496,CompatibIlity,The software's compatibility with various operating systems ensures that users can access its features regardless of their device,The software's compatibility with various operating systems ensures that users can access its features regardless of their device,Non modifié
497,Compensation,"The company reviewed its compensation structure to ensure it was competitive and fair, offering adjustments to salaries and benefits based on market standards and employee performance.","The company reviewed its compensation structure to ensure it was competitive and fair, offering adjustments to salaries and benefits based on market standards and employee performance.",Non modifié
498,Complimented,She complimented heron her presentation skills.,She complimented heron her presentation skills.,Non modifié
499,Confirmed,have you confirmed your attendance at the meeting?,have you confirmed your attendance at the meeting?,Non modifié
500,Considered,We considered all options before making a decision.,We considered all options before making a decision.,Non modifié
501,Consulted,consulted with the legal team before proceeding.,consulted with the legal team before proceeding.,Non modifié
502,Continuing,we are continuing our discussion after the break.,we are continuing our discussion after the break.,Non modifié
503,Elderly,The program provides assistance to elderly individuals living alone.,The program provides assistance to elderly individuals living alone.,Non modifié
504,Electrical,The electrical wiring in the building needs to be updated.,The electrical wiring in the building needs to be updated.,Non modifié
505,Elevator,Please take the elevator to the fifth floor.,Please take the elevator to the fifth floor.,Non modifié
506,Embark,They're planning to embark on a round-the-world trip next year.,They're planning to embark on a round-the-world trip next year.,Non modifié
507,Emergency,"In case of emergency, please dial 911.","In case of emergency, please dial 911.",Non modifié
508,Emphasize,I can't emphasize enough how important this is.,I can't emphasize enough how important this is.,Non modifié
509,Employ,The company plans to employ new staff next month.,The company plans to employ new staff next month.,Non modifié
510,Employee,All employees must attend the safety training session.,All employees must attend the safety training session.,Modifié
511,Employer,The employer is responsible for providing a safe work environment.,The employer is responsible for providing a safe work environment.,Non modifié
512,Employment,Employment opportunities in the tech industry are on the rise.,Employment opportunities in the tech industry are on the rise.,Non modifié
513,Enable,The new software will enable us to streamline our workflow.,The new software will enable us to streamline our workflow.,Non modifié
514,Enclose,Please enclose a copy of your resume with your application.,Please enclose a copy of your resume with your application.,Non modifié
515,Encourage,I encourage you to pursue your dreams.,I encourage you to pursue your dreams.,Non modifié
516,Endurance,Long-distance runners need a lot of endurance to complete a marathon.,Long-distance runners need a lot of endurance to complete a marathon.,Non modifié
517,Endure,"Despite the challenges, she managed to endure and overcome them.","Despite the challenges, she managed to endure and overcome them.",Non modifié
518,Engineer,He's an engineer working for a multinational corporation.,He's an engineer working for a multinational corporation.,Non modifié
519,Engineering,She's studying engineering at university.,She's studying engineering at university.,Non modifié
520,Enhance,The company aims to enhance the customer experience.,The company aims to enhance the customer experience.,Non modifié
521,Ensure,We need to ensure that all safety regulations are followed.,We need to ensure that all safety regulations are followed.,Non modifié
522,Enterprise,Starting a business requires a lot of enterprise and dedication.,Starting a business requires a lot of enterprise and dedication.,Non modifié
523,Enthusiastic,She's always enthusiastic about trying new things.,She's always enthusiastic about trying new things.,Non modifié
524,Enthusiastically,They welcomed the idea of a team-building retreat enthusiastically.,They welcomed the idea of a team-building retreat enthusiastically.,Non modifié
525,Entitlement,Employees are entitled to a certain number of vacation days per year.,Entitlement is important because employees are entitled to a certain number of vacation days per year.,Modifié
526,Entrée,The main entrée of the evening was a delicious seafood dish.,The main entrée of the evening was a delicious seafood dish.,Non modifié
527,Environment,We need to protect the environment for future generations.,We need to protect the environment for future generations.,Non modifié
528,Environmental,The environmental impact of the project needs to be assessed.,The environmental impact of the project needs to be assessed.,Non modifié
529,Equivalent,This amount of money is roughly equivalent to what we spent last year.,This amount of money is roughly equivalent to what we spent last year.,Non modifié
530,Essential,Water is essential for all living organisms.,Water is essential for all living organisms.,Non modifié
531,Establish,The company aims to establish itself as a leader in sustainable practices.,The company aims to establish itself as a leader in sustainable practices.,Non modifié
532,establish,They plan to establish a new business next year.,They plan to establish a new business next year.,Non modifié
533,Estimate,Can you give me an estimate of how much the repairs will cost?,Can you give me an estimate of how much the repairs will cost?,Non modifié
534,Estimate,Can you give me an estimate of how much the repairs will cost?,Can you give me an estimate of how much the repairs will cost?,Non modifié
535,Etiquette,Knowing proper etiquette is important when attending formal events.,Knowing proper etiquette is important when attending formal events.,Non modifié
536,Evaluate,It's important to evaluate the success of the project objectively.,It's important to evaluate the success of the project objectively.,Non modifié
537,evaluating,The committee is currently evaluating the candidates for the job.,The committee is currently evaluating the candidates for the job.,Non modifié
538,Event,"The charity event raised over $10,000 for a good cause.","The charity event raised over $10,000 for a good cause.",Non modifié
539,Evidence,The police found new evidence that could lead to a breakthrough in the case.,The police found new evidence that could lead to a breakthrough in the case.,Non modifié
540,Evolve,Technology continues to evolve at a rapid pace.,Technology continues to evolve at a rapid pace.,Non modifié
541,Exact,Can you provide the exact location of the meeting?,Can you provide the exact location of the meeting?,Non modifié
542,Examination,He passed the entrance examination with flying colors.,He passed the entrance examination with flying colors.,Non modifié
543,Examine,The doctor will examine you now.,The doctor will examine you now.,Non modifié
544,Excel,She excels in math and science.,She excels in math and science.,Modifié
545,Excellent,The service at the restaurant was excellent.,The service at the restaurant was excellent.,Non modifié
546,Excursion,They went on an excursion to explore the nearby caves.,They went on an excursion to explore the nearby caves.,Non modifié
547,Executive,The executive team met to discuss the company's quarterly earnings.,The executive team met to discuss the company's quarterly earnings.,Non modifié
548,Exhibit,The museum exhibits artifacts from ancient civilizations.,The museum exhibits artifacts from ancient civilizations.,Modifié
549,Expand,The company plans to expand its operations overseas.,The company plans to expand its operations overseas.,Non modifié
550,Expansion,The expansion of the business into new markets was a success.,The expansion of the business into new markets was a success.,Non modifié
551,Expect,I expect you to be on time for the meeting.,I expect you to be on time for the meeting.,Non modifié
552,Expectation,The results exceeded our expectations.,The results exceeded our expectations.,Modifié
553,Expenditure,The government has increased its expenditure on healthcare.,The government has increased its expenditure on healthcare.,Non modifié
554,Expense,Traveling abroad can be quite an expense.,Traveling abroad can be quite an expense.,Non modifié
555,Expensive,The designer handbag was too expensive for my budget.,The designer handbag was too expensive for my budget.,Non modifié
556,Experience,She has years of experience in the field.,She has years of experience in the field.,Non modifié
557,Experienced,We're looking for an experienced candidate to fill the position.,We're looking for an experienced candidate to fill the position.,Non modifié
558,Experiment,Scientists often need to experiment to make new discoveries.,Scientists often need to experiment to make new discoveries.,Non modifié
559,Expiration,nan,The concept of Expiration is widely used in various contexts.,Modifié
560,Expiry,Please check the expiration date before consuming the product.,Expiry is important because please check the expiration date before consuming the product.,Modifié
561,Exploration,The exploration of space has led to many scientific discoveries.,The exploration of space has led to many scientific discoveries.,Non modifié
562,Explore,They decided to explore the possibility of opening a new branch.,They decided to explore the possibility of opening a new branch.,Non modifié
563,Express,You need to express your opinions clearly during the presentation.,You need to express your opinions clearly during the presentation.,Non modifié
564,Extend,We decided to extend our vacation by another week.,We decided to extend our vacation by another week.,Non modifié
565,Extension,The deadline has been extended by another week.,Extension is important because the deadline has been extended by another week.,Modifié
566,External,The external factors influencing the market are beyond our control.,The external factors influencing the market are beyond our control.,Non modifié
567,Facilities,The hotel offers excellent facilities for business travelers.,The hotel offers excellent facilities for business travelers.,Non modifié
568,Facility,The new sports facility has state-of-the-art equipment for athletes to train.,The new sports facility has state-of-the-art equipment for athletes to train.,Non modifié
569,Factor,Price is just one factor to consider when making a decision.,Price is just one factor to consider when making a decision.,Non modifié
570,Factory,"The factory produces over 1,000 units per day.","The factory produces over 1,000 units per day.",Non modifié
571,Fad,That diet is just a fad; it won't last long.,That diet is just a fad; it won't last long.,Non modifié
572,Fail,"If you fail to plan, you plan to fail.","If you fail to plan, you plan to fail.",Non modifié
573,Failure,The project was a failure due to lack of funding.,The project was a failure due to lack of funding.,Non modifié
574,Fair,He's known for being fair and impartial in his decisions.,He's known for being fair and impartial in his decisions.,Non modifié
575,Fall through,"Unfortunately, our plans to expand overseas fell through.","Unfortunately, our plans to expand overseas fell through.",Non modifié
576,Fall to,It falls to the manager to make the final decision.,It falls to the manager to make the final decision.,Non modifié
577,Famed,The restaurant is famed for its delicious seafood dishes.,The restaurant is famed for its delicious seafood dishes.,Non modifié
578,Fare,The fare for the train ride was quite expensive.,The fare for the train ride was quite expensive.,Non modifié
579,Fault,The fault lies with the management for not addressing the issue sooner.,The fault lies with the management for not addressing the issue sooner.,Non modifié
580,Faulty,The alarm system was faulty and failed to go off during the break-in.,The alarm system was faulty and failed to go off during the break-in.,Non modifié
581,Favor,Can you do me a favor and pick up my dry cleaning?,Can you do me a favor and pick up my dry cleaning?,Non modifié
582,Fax,He sent the contract via fax for her to review.,He sent the contract via fax for her to review.,Non modifié
583,Feature,The new smartphone has a number of innovative features.,The new smartphone has a number of innovative features.,Modifié
584,Fee,There's a small fee for using the ATM outside of the bank's network.,There's a small fee for using the ATM outside of the bank's network.,Non modifié
585,Feedback,We welcome your feedback on how we can improve our services.,We welcome your feedback on how we can improve our services.,Non modifié
586,Field,She's an expert in her field of study.,She's an expert in her field of study.,Non modifié
587,Figure,Can you provide a rough figure for the project budget?,Can you provide a rough figure for the project budget?,Non modifié
588,Figures,The quarterly financial report includes several figures that illustrate the company's revenue growth and profit margins.,The concept of Figures is widely used in various contexts.,Non modifié
589,File,Please ensure that the project file is backed up and properly organized before the end of the day.,Please ensure that the project file is backed up and properly organized before the end of the day.,Non modifié
590,Fill out,You need to fill out this form before your appointment.,You need to fill out this form before your appointment.,Non modifié
591,Finance,He works in finance and specializes in investment banking.,The concept of Finance is widely used in various contexts.,Non modifié
592,finances,She's in charge of the company's finances.,The concept of finances is widely used in various contexts.,Non modifié
593,Financial,The company is in good financial health.,The concept of Financial is widely used in various contexts.,Non modifié
594,financially,They are financially stable and able to invest in their future.,The concept of financially is widely used in various contexts.,Non modifié
595,financier,The financier backed the startup with a substantial investment.,The concept of financier is widely used in various contexts.,Non modifié
596,Firm,She works for a law firm in the city.,She works for a law firm in the city.,Non modifié
597,Fix,The repairman will fix the leaky faucet tomorrow.,The repairman will fix the leaky faucet tomorrow.,Non modifié
598,Flexible,"The job offers flexible hours, which is perfect for me.","The job offers flexible hours, which is perfect for me.",Non modifié
599,Flight,Their flight was delayed due to bad weather.,Their flight was delayed due to bad weather.,Non modifié
600,Flight attendant,The flight attendant served drinks and snacks to the passengers.,The flight attendant served drinks and snacks to the passengers.,Non modifié
601,Fluctuate,Prices fluctuate depending on supply and demand.,Prices fluctuate depending on supply and demand.,Non modifié
602,Fluctuation,There has been a fluctuation in the exchange rate recently.,There has been a fluctuation in the exchange rate recently.,Non modifié
603,fly-by-night,Be cautious when dealing with fly-by-night companies promising unrealistic returns.,Be cautious when dealing with fly-by-night companies promising unrealistic returns.,Non modifié
604,Focus,Please focus on the main objectives of the project.,Please focus on the main objectives of the project.,Non modifié
605,Focused,The team remained focused throughout the challenging deadline,The team remained focused throughout the challenging deadline,Non modifié
606,Fold,Fold the document along the dotted line before placing it in the envelope.,Fold the document along the dotted line before placing it in the envelope.,Non modifié
607,Folder,I saved the report in the designated folder on the shared drive,I saved the report in the designated folder on the shared drive,Non modifié
608,Force,"The company had to force changes in its strategy to adapt to market conditions.""","The company had to force changes in its strategy to adapt to market conditions.""",Non modifié
609,Forecast,The weather forecast predicts rain for the weekend.,The weather forecast predicts rain for the weekend.,Non modifié
610,forecasting,Weather forecasting is based on analysis of atmospheric conditions.,Weather forecasting is based on analysis of atmospheric conditions.,Non modifié
611,Foreign,"The company is expanding into foreign markets to increase its global presence.""","The company is expanding into foreign markets to increase its global presence.""",Non modifié
612,Forget,Don't forget to submit your expense report by the end of the day.,Don't forget to submit your expense report by the end of the day.,Non modifié
613,Forgetful,"He is sometimes forgetful about deadlines, so setting reminders helps.","He is sometimes forgetful about deadlines, so setting reminders helps.",Non modifié
614,Form,Please fill out the application form and submit it by email.,Please fill out the application form and submit it by email.,Non modifié
615,Forward,Please forward the email to the relevant department.,Please forward the email to the relevant department.,Non modifié
616,Founded,The company was founded in 1995 and has grown significantly since then,The company was founded in 1995 and has grown significantly since then,Non modifié
617,Frank,She gave a frank assessment of the project's challenges during the meeting.,She gave a frank assessment of the project's challenges during the meeting.,Non modifié
618,Frankly,"Frankly, I think the proposal needs more detailed analysis before approval","Frankly, I think the proposal needs more detailed analysis before approval",Non modifié
619,frequently,She frequently visits her parents on weekends.,She frequently visits her parents on weekends.,Non modifié
620,Front desk,You can ask for assistance at the front desk.,You can ask for assistance at the front desk.,Non modifié
621,Fuel,The company needs to fuel its vehicles before starting the long trip,The company needs to fuel its vehicles before starting the long trip,Non modifié
622,Fulfill,The team worked hard to fulfill all customer orders before the holiday.,The team worked hard to fulfill all customer orders before the holiday.,Non modifié
623,fulfill,The company promises to fulfill all orders within 48 hours.,The company promises to fulfill all orders within 48 hours.,Non modifié
624,Function,The new software's main function is to streamline data entry,The new software's main function is to streamline data entry,Non modifié
625,Functional,The office is fully functional after the recent renovations.,The office is fully functional after the recent renovations.,Non modifié
626,Fund,The charity event aims to raise funds for the local hospital.,The charity event aims to raise funds for the local hospital.,Modifié
627,Fundraising,The organization is planning a fundraising gala to support its new initiative,The organization is planning a fundraising gala to support its new initiative,Non modifié
628,Furniture,The office furniture needs to be replaced due to wear and tear,The office furniture needs to be replaced due to wear and tear,Non modifié
629,Further,We need to research further to understand the market trends.,We need to research further to understand the market trends.,Non modifié
630,Gather,Let's gather all the necessary documents before the meeting.,Let's gather all the necessary documents before the meeting.,Non modifié
631,Gesture,Sending a thank-you note is a nice gesture to show appreciation,Sending a thank-you note is a nice gesture to show appreciation,Non modifié
632,get by,"Despite financial difficulties, they manage to get by each month.",The concept of get by is widely used in various contexts.,Non modifié
633,Get in touch,"If you have any questions, feel free to get in touch.","If you have any questions, feel free to get in touch.",Non modifié
634,get on,She gets on well with her colleagues at work.,She gets on well with her colleagues at work.,Non modifié
635,get through,She finally got through the difficult exam after months of studying.,She finally got through the difficult exam after months of studying.,Non modifié
636,Go ahead with,"After reviewing the proposal, the board decided to go ahead with the new marketing campaign","After reviewing the proposal, the board decided to go ahead with the new marketing campaign",Non modifié
637,Go under,"Despite their best efforts, the company struggled financially and eventually had to go under.",The concept of Go under is widely used in various contexts.,Non modifié
638,Goal,"Achieving a 10% increase in sales by the end of the quarter is our primary goal for this year.""","Achieving a 10% increase in sales by the end of the quarter is our primary goal for this year.""",Non modifié
639,going places,"With her talent and hard work, she's definitely going places in her career.","With her talent and hard work, she's definitely going places in her career.",Non modifié
640,Goods,The store received a shipment of new goods today.,The store received a shipment of new goods today.,Non modifié
641,Gradually,The company is gradually expanding its operations into new markets.,The company is gradually expanding its operations into new markets.,Non modifié
642,Grievance,Employees should file a grievance if they have any concerns about workplace conditions,Employees should file a grievance if they have any concerns about workplace conditions,Non modifié
643,Grill,The manager will grill the candidate with detailed questions during the interview.,The manager will grill the candidate with detailed questions during the interview.,Non modifié
644,Growth,The company’s growth has been impressive over the past year,The company’s growth has been impressive over the past year,Non modifié
645,grudge,She held a grudge against him for years after the argument.,She held a grudge against him for years after the argument.,Non modifié
646,Guarantee,The product comes with a two-year guarantee for any defects,The product comes with a two-year guarantee for any defects,Non modifié
647,Guidelines,Follow the safety guidelines to ensure a safe working environment,Follow the safety guidelines to ensure a safe working environment,Non modifié
648,Haggle,Customers often haggle over prices at the local marke,Customers often haggle over prices at the local marke,Non modifié
649,Handle,She knows how to handle difficult situations with professionalism.,She knows how to handle difficult situations with professionalism.,Non modifié
650,Handy,This new tool is very handy for organizing files efficiently.,This new tool is very handy for organizing files efficiently.,Non modifié
651,Harbor,The ship docked at the harbor after a long journey.,The ship docked at the harbor after a long journey.,Non modifié
652,hard cash,They prefer to pay in hard cash rather than using credit cards.,They prefer to pay in hard cash rather than using credit cards.,Non modifié
653,hard labour,The prisoners were sentenced to hard labor for their crimes.,The prisoners were sentenced to hard labor for their crimes.,Non modifié
654,hard sell,The salesman used a hard sell approach to convince customers to buy the product.,The salesman used a hard sell approach to convince customers to buy the product.,Non modifié
655,hardship,The family endured many hardships during the war.,The family endured many hardships during the war.,Modifié
656,Harmful,nan,The concept of Harmful is widely used in various contexts.,Modifié
657,hatred,His hatred for his rival was evident in his words.,His hatred for his rival was evident in his words.,Non modifié
658,Have,Do you have enough money to cover the expenses?,Do you have enough money to cover the expenses?,Non modifié
659,Hazardous,The chemicals are stored in a separate area because they are hazardous to handle,The chemicals are stored in a separate area because they are hazardous to handle,Non modifié
660,Head office,Our head office is located in the city center,Our head office is located in the city center,Non modifié
661,Head up,She will head up the new marketing team starting next month,She will head up the new marketing team starting next month,Non modifié
662,Headquarters,The company's headquarters is in New York.,The company's headquarters is in New York.,Non modifié
663,Hesitate,Don't hesitate to contact us if you have any questions.,Don't hesitate to contact us if you have any questions.,Non modifié
664,Hesitation,His hesitation was evident when he was asked to lead the project.,His hesitation was evident when he was asked to lead the project.,Non modifié
665,Hide,The sensitive documents should be hidden in a secure location,Hide plays a role in the sensitive documents should be hidden in a secure location.,Modifié
666,high flyer,She is considered a high flyer due to her rapid career advancement,She is considered a high flyer due to her rapid career advancement,Non modifié
667,Highlight,The presentation will highlight the key findings of the report,The presentation will highlight the key findings of the report,Non modifié
668,Highly,The new software is highly effective in improving productivity.,The new software is highly effective in improving productivity.,Non modifié
669,Hike,The company plans to hike salaries by 5% next year,The company plans to hike salaries by 5% next year,Non modifié
670,Hire,We need to hire a new team member to handle the increased workload.,We need to hire a new team member to handle the increased workload.,Non modifié
671,Hold,Please hold the line while I transfer your call to the appropriate department.,Please hold the line while I transfer your call to the appropriate department.,Non modifié
672,Hold up,The traffic jam held up the delivery by two hours.,The traffic jam held up the delivery by two hours.,Non modifié
673,Homepage,"""The homepage showcases the main features of the website.""","""The homepage showcases the main features of the website.""",Non modifié
674,Host,"""The company will host the annual conference next month.""","""The company will host the annual conference next month.""",Non modifié
675,Identification,dentification is required for facility access,Identification plays a role in dentification is required for facility access.,Modifié
676,Identify,The team will identify key areas for improvement,The team will identify key areas for improvement,Non modifié
677,Imaginative,The campaign was praised for its imaginative ideas.,The campaign was praised for its imaginative ideas.,Non modifié
678,Immediate,The team provided immediate support for the issue,The team provided immediate support for the issue,Non modifié
679,Immediately,Please report any problems immediately,Please report any problems immediately,Non modifié
680,Impact,The policy will have a major impact on productivity.,The policy will have a major impact on productivity.,Non modifié
681,impaired,His hearing is impaired due to years of exposure to loud noise.,His hearing is impaired due to years of exposure to loud noise.,Non modifié
682,Impatient,The manager was impatient with the delays,The manager was impatient with the delays,Non modifié
683,Implement,The company will implement a new CRM system,The company will implement a new CRM system,Non modifié
684,imply,His tone seemed to imply that he was unhappy with the decision.,His tone seemed to imply that he was unhappy with the decision.,Non modifié
685,Impression,Her first impression of the company was very positive.,Her first impression of the company was very positive.,Non modifié
686,Improper,Using your phone during the meeting is considered improper behavior.,Using your phone during the meeting is considered improper behavior.,Non modifié
687,Improve,We need to find ways to improve our customer service.,We need to find ways to improve our customer service.,Non modifié
688,Improvement,There's been noticeable improvement in employee productivity since the new policy was implemented,There's been noticeable improvement in employee productivity since the new policy was implemented,Non modifié
689,Incentive,The company offers bonuses as an incentive for meeting sales targets,The company offers bonuses as an incentive for meeting sales targets,Non modifié
690,Inclined,She felt inclined to support the new initiative after learning more about its benefits.,She felt inclined to support the new initiative after learning more about its benefits.,Non modifié
691,Include,Please include all relevant details in your report.,Please include all relevant details in your report.,Non modifié
692,Inclusion,The inclusion of diverse perspectives in the team has enhanced creativity,The inclusion of diverse perspectives in the team has enhanced creativity,Non modifié
693,Income,Her primary source of income comes from freelance writing.,Her primary source of income comes from freelance writing.,Non modifié
694,Inconvenience,I apologize for the inconvenience caused by the delayed shipment,I apologize for the inconvenience caused by the delayed shipment,Non modifié
695,Increase,We plan to increase our marketing budget next quarter.,We plan to increase our marketing budget next quarter.,Non modifié
696,Indicate,Early signs indicate that the new strategy is working,Early signs indicate that the new strategy is working,Non modifié
697,Indication,An increase in sales is a strong indication of market demand.,An increase in sales is a strong indication of market demand.,Non modifié
698,Individual,Each individual will be assigned a specific task for the project.,Each individual will be assigned a specific task for the project.,Non modifié
699,Individually,The reports will be evaluated individually to assess performance.,The reports will be evaluated individually to assess performance.,Non modifié
700,Inexperienced,"Although she is inexperienced, she shows great potential.","Although she is inexperienced, she shows great potential.",Non modifié
701,Infer,"From the data, we can infer that sales will rise in the coming months","From the data, we can infer that sales will rise in the coming months",Non modifié
702,Inflate,Be careful not to inflate the numbers in the financial report,The concept of Inflate is widely used in various contexts.,Non modifié
703,Inflation,Inflation has led to higher costs for raw materials,Inflation has led to higher costs for raw materials,Non modifié
704,Influence,Her recommendations had a significant influence on the final decision.,Her recommendations had a significant influence on the final decision.,Non modifié
705,Influential,He is an influential leader in the tech industry,He is an influential leader in the tech industry,Non modifié
706,Information,Please provide the necessary information for the application.,Please provide the necessary information for the application.,Non modifié
707,Input,Your input on the project will be valuable for its success.,Your input on the project will be valuable for its success.,Non modifié
708,Inquiry,We received an inquiry from a potential client about our services.,We received an inquiry from a potential client about our services.,Non modifié
709,Install,We need to install the new software by the end of the week.,We need to install the new software by the end of the week.,Non modifié
710,Installation,The installation of the new system is scheduled for next Monday,The installation of the new system is scheduled for next Monday,Non modifié
711,Insurance,Make sure you have adequate insurance coverage for the property,Make sure you have adequate insurance coverage for the property,Non modifié
712,Insure,We need to insure the equipment against potential damage.,We need to insure the equipment against potential damage.,Non modifié
713,Intend,I intend to submit the report by the end of the day,I intend to submit the report by the end of the day,Non modifié
714,Intention,Her intention was to improve the team's workflow.,Her intention was to improve the team's workflow.,Non modifié
715,Intently,He listened intently to the instructions before starting the task.,He listened intently to the instructions before starting the task.,Non modifié
716,Intern,She is working as an intern in the marketing department,She is working as an intern in the marketing department,Non modifié
717,Internal,The internal memo will be distributed to all employees.,The internal memo will be distributed to all employees.,Non modifié
718,International,The company is focusing on expanding its international market presence.,The company is focusing on expanding its international market presence.,Non modifié
719,Internship,She completed a six-month internship with the finance department.,The concept of Internship is widely used in various contexts.,Non modifié
720,Interrupt,Please do not interrupt while others are speaking.,Please do not interrupt while others are speaking.,Non modifié
721,Interview,He has a job interview scheduled for tomorrow morning,He has a job interview scheduled for tomorrow morning,Non modifié
722,Invaluable,Her experience has been invaluable to the success of the project.,Her experience has been invaluable to the success of the project.,Non modifié
723,Invent,He hopes to invent a new gadget that will revolutionize the industry.,He hopes to invent a new gadget that will revolutionize the industry.,Non modifié
724,Invention,The smartphone is one of the most significant inventions of the 21st century.,The smartphone is one of the most significant inventions of the 21st century.,Modifié
725,Inventory,We need to conduct a thorough inventory of all office supplies.,We need to conduct a thorough inventory of all office supplies.,Non modifié
726,Invest,The company plans to invest in new technologies to stay competitive.,The company plans to invest in new technologies to stay competitive.,Non modifié
727,Investigate,The team will investigate the cause of the equipment failure.,The team will investigate the cause of the equipment failure.,Non modifié
728,Investigation,An internal investigation is underway to address the security breach.,An internal investigation is underway to address the security breach.,Non modifié
729,Investment,Real estate has proven to be a solid investment over the years.,Real estate has proven to be a solid investment over the years.,Non modifié
730,Invite,We would like to invite you to our annual company event.,We would like to invite you to our annual company event.,Non modifié
731,Invoice,Please send the invoice for the completed services by the end of the week.,Please send the invoice for the completed services by the end of the week.,Non modifié
732,involve,The project will involve collaboration between multiple departments.,The project will involve collaboration between multiple departments.,Non modifié
733,Irrelevant,Please remove any irrelevant information from the report.,Please remove any irrelevant information from the report.,Non modifié
734,Isolate,We need to isolate the problem to determine its cause,We need to isolate the problem to determine its cause,Non modifié
735,Issue,We need to address the issue of delayed deliveries,We need to address the issue of delayed deliveries,Non modifié
736,Item,Each item on the list must be checked for accuracy.,Each item on the list must be checked for accuracy.,Non modifié
737,Itemize,Please itemize all expenses in your expense report.,Please itemize all expenses in your expense report.,Non modifié
738,Itinerary,Here is the itinerary for the upcoming business trip.,Here is the itinerary for the upcoming business trip.,Non modifié
739,Jealous,He felt jealous of his colleague’s recent promotion.,He felt jealous of his colleague’s recent promotion.,Non modifié
740,Jeopardize,Failing to meet the deadline could jeopardize the project’s success.,Failing to meet the deadline could jeopardize the project’s success.,Non modifié
741,Jeopardy,The company's future is in jeopardy if the issues are not resolved.,The company's future is in jeopardy if the issues are not resolved.,Non modifié
742,Jobless,Many jobless individuals are seeking new opportunities in the current job market,Many jobless individuals are seeking new opportunities in the current job market,Non modifié
743,Join,Would you like to join us for the team-building event?,Would you like to join us for the team-building event?,Non modifié
744,Joint,The joint venture between the two companies aims to develop new technologies.,The joint venture between the two companies aims to develop new technologies.,Non modifié
745,Journal,She keeps a journal to track her daily progress and reflections.,She keeps a journal to track her daily progress and reflections.,Non modifié
746,Journey,The journey to establish the new branch was challenging but rewarding,The journey to establish the new branch was challenging but rewarding,Non modifié
747,Judge,The judge will announce the verdict at the end of the trial.,The judge will announce the verdict at the end of the trial.,Non modifié
748,Justice,The organization is committed to promoting social justice.,The organization is committed to promoting social justice.,Non modifié
749,Justification,He provided a detailed justification for the budget increase,He provided a detailed justification for the budget increase,Non modifié
750,Justify,You need to justify the additional expenses in your report.,You need to justify the additional expenses in your report.,Non modifié
751,Keen,She is keen to learn more about the new project.,She is keen to learn more about the new project.,Non modifié
752,Keep,Please keep all confidential documents in a secure location.,Please keep all confidential documents in a secure location.,Non modifié
753,keep,We need to keep track of all project milestones.,We need to keep track of all project milestones.,Non modifié
754,Knock,Please knock before entering the office.,Please knock before entering the office.,Non modifié
755,Know,I need to know the deadline for the project,I need to know the deadline for the project,Non modifié
756,Knowledge,Her extensive knowledge of the industry is a great asset to the team.,Her extensive knowledge of the industry is a great asset to the team.,Non modifié
757,Knowledgeable,He is very knowledgeable about the latest technology trends.,He is very knowledgeable about the latest technology trends.,Non modifié
758,Label,Make sure to label all files clearly for easy identification.,Make sure to label all files clearly for easy identification.,Non modifié
759,Labor,The project required significant labor to complete on time,The project required significant labor to complete on time,Non modifié
760,Lack,The team faced challenges due to a lack of resources.,The team faced challenges due to a lack of resources.,Non modifié
761,Landlord,The landlord agreed to fix the heating system promptly.,The landlord agreed to fix the heating system promptly.,Non modifié
762,Laptop,She uses her laptop for most of her work tasks,She uses her laptop for most of her work tasks,Non modifié
763,Launch,The company will launch the new product next month.,The company will launch the new product next month.,Non modifié
764,Law,The new regulations are based on recent changes in the law.,The new regulations are based on recent changes in the law.,Non modifié
765,Lay off,The company had to lay off several employees due to budget cuts,The company had to lay off several employees due to budget cuts,Non modifié
766,Leak,There was a leak in the system that compromised the data.,There was a leak in the system that compromised the data.,Non modifié
767,Lean,The company needs to lean on its strengths to stay competitive.,The company needs to lean on its strengths to stay competitive.,Non modifié
768,Lease,We decided to lease the office space for five years.,We decided to lease the office space for five years.,Non modifié
769,Leisure,He enjoys leisure activities like reading and hiking on weekends.,He enjoys leisure activities like reading and hiking on weekends.,Non modifié
770,Lend,Could you lend me your notes for the meeting?,Could you lend me your notes for the meeting?,Non modifié
771,Lengthy,"The review process was lengthy, but it was thorough.","The review process was lengthy, but it was thorough.",Non modifié
772,Level off,Sales figures are expected to level off after the initial surge.,Sales figures are expected to level off after the initial surge.,Non modifié
773,Liability,The company has a liability to ensure safe working conditions.,The company has a liability to ensure safe working conditions.,Non modifié
774,License,Ensure you have a valid license before operating the equipment.,Ensure you have a valid license before operating the equipment.,Non modifié
775,Licensing,The licensing process for the new software is straightforward.,The licensing process for the new software is straightforward.,Non modifié
776,Lie,Don’t lie about your qualifications on the resume.,Don’t lie about your qualifications on the resume.,Non modifié
777,Limited,The offer is available for a limited time only.,The offer is available for a limited time only.,Non modifié
778,Limousine,The client arrived at the event in a luxury limousine.,The client arrived at the event in a luxury limousine.,Non modifié
779,Line,Please stand in line to check in for your flight.,Please stand in line to check in for your flight.,Non modifié
780,List,I’ve created a list of items to purchase for the office.,I’ve created a list of items to purchase for the office.,Non modifié
781,Livestock,"The farm's livestock includes cattle, sheep, and chickens.","The farm's livestock includes cattle, sheep, and chickens.",Non modifié
782,Loan,They applied for a loan to finance the new business venture.,The concept of Loan is widely used in various contexts.,Non modifié
783,Lobby,The company’s new headquarters has a spacious lobby that impresses all visitors.,The company’s new headquarters has a spacious lobby that impresses all visitors.,Non modifié
784,Local,We prefer to support local businesses whenever possible.,We prefer to support local businesses whenever possible.,Non modifié
785,Locate,The HR department is trying to locate the missing employee files.,The HR department is trying to locate the missing employee files.,Non modifié
786,Location,The retail store's prime location in the city center attracts a lot of foot traffic.,The retail store's prime location in the city center attracts a lot of foot traffic.,Non modifié
787,Log on,Employees need to log on to the company’s intranet daily to check for updates.,Employees need to log on to the company’s intranet daily to check for updates.,Non modifié
788,Log out,Please remember to log out of your account before leaving the office.,Please remember to log out of your account before leaving the office.,Non modifié
789,Look forward to,We look forward to meeting with the new clients next week.,We look forward to meeting with the new clients next week.,Non modifié
790,Look to,The company will look to expand its market share in the coming year.,The company will look to expand its market share in the coming year.,Non modifié
791,Loyal,Our loyal customers are the backbone of our business.,Our loyal customers are the backbone of our business.,Non modifié
792,Luggage,The business traveler packed his luggage carefully for the week-long conference.,The business traveler packed his luggage carefully for the week-long conference.,Non modifié
793,lukewarm,The new product received a ukewarm response from the focus group.,Lukewarm is important because the new product received a ukewarm response from the focus group.,Modifié
794,Luxurious,The brand is known for its luxurious products that cater to high-end clients.,The brand is known for its luxurious products that cater to high-end clients.,Non modifié
795,Luxury,Providing luxury services has always been at the heart of our business strategy.,Providing luxury services has always been at the heart of our business strategy.,Non modifié
796,Maintain,It’s essential to maintain strong relationships with our suppliers.,It’s essential to maintain strong relationships with our suppliers.,Non modifié
797,Maintenance,Regular maintenance of the company’s equipment is crucial to avoid downtime.,The concept of Maintenance is widely used in various contexts.,Non modifié
798,Major,The new policy change is a major shift in how we do business.,The new policy change is a major shift in how we do business.,Non modifié
799,making up,The marketing team is making up for the lost time by launching new campaigns.,The marketing team is making up for the lost time by launching new campaigns.,Non modifié
800,Manage,She has been promoted to manage the company’s international operations.,She has been promoted to manage the company’s international operations.,Non modifié
801,Managerial,He is attending a managerial training program to enhance his leadership skills.,He is attending a managerial training program to enhance his leadership skills.,Non modifié
802,Mandatory,Attending the annual meeting is mandatory for all department heads.,Attending the annual meeting is mandatory for all department heads.,Non modifié
803,Manufacture,"The factory has the capacity to manufacture over 10,000 units per month.","The factory has the capacity to manufacture over 10,000 units per month.",Non modifié
804,Manufacturing,The company is investing in advanced manufacturing technologies to boost productivity.,The company is investing in advanced manufacturing technologies to boost productivity.,Non modifié
805,Mark up,The retailer applied a 20% mark up to the cost of the product.,The retailer applied a 20% mark up to the cost of the product.,Non modifié
806,Market,Understanding the market is key to developing a successful business strategy.,Understanding the market is key to developing a successful business strategy.,Non modifié
807,Market research,Market research indicates that there is a growing demand for eco-friendly products.,Market research indicates that there is a growing demand for eco-friendly products.,Non modifié
808,Marketing,Effective marketing is crucial to the success of any product launch.,Effective marketing is crucial to the success of any product launch.,Non modifié
809,Matter,Quality customer service is a matter of priority for our business.,Quality customer service is a matter of priority for our business.,Non modifié
810,mean,The new tax law could mean higher costs for small businesses.,The new tax law could mean higher costs for small businesses.,Non modifié
811,Mechanic,The company employs a full-time mechanic to maintain its fleet of vehicles.,The company employs a full-time mechanic to maintain its fleet of vehicles.,Non modifié
812,Medic,A trained medic is always present on-site to ensure workplace safety.,A trained medic is always present on-site to ensure workplace safety.,Non modifié
813,Medical,The company offers comprehensive medical benefits to all employees.,The company offers comprehensive medical benefits to all employees.,Non modifié
814,Medication,Employees are advised to inform HR if they are on any long-term medication.,Employees are advised to inform HR if they are on any long-term medication.,Non modifié
815,Medicine,The pharmaceutical division is launching a new line of medicine next year.,The pharmaceutical division is launching a new line of medicine next year.,Non modifié
816,Meeting,The board meeting has been scheduled for 10 a.m. on Thursday.,The board meeting has been scheduled for 10 a.m. on Thursday.,Non modifié
817,Membership,The executive team has approved the company’s membership in the local business chamber.,The executive team has approved the company’s membership in the local business chamber.,Non modifié
818,Memo,A memo was sent out to all staff outlining the new office procedures.,A memo was sent out to all staff outlining the new office procedures.,Non modifié
819,Memorandum,The memorandum of understanding between the two companies was signed yesterday.,The memorandum of understanding between the two companies was signed yesterday.,Non modifié
820,Mention,Please make sure to mention our latest products during your sales pitch.,Please make sure to mention our latest products during your sales pitch.,Non modifié
821,Merchandise,The company’s new line of merchandise will be available online next month.,The company’s new line of merchandise will be available online next month.,Non modifié
822,Mere,The mere presence of a strong leader can inspire confidence in the team.,The mere presence of a strong leader can inspire confidence in the team.,Non modifié
823,Merge,The two companies plan to merge their operations to streamline services.,The two companies plan to merge their operations to streamline services.,Non modifié
824,Merger,The merger between the two tech giants was finalized last quarter.,The merger between the two tech giants was finalized last quarter.,Non modifié
825,Merger,Employees can claim mileage reimbursement for business-related travel.,Merger is important because employees can claim mileage reimbursement for business-related travel.,Modifié
826,Mileage,The company hit its target of earning a million dollars in revenue this quarter.,Mileage is important because the company hit its target of earning a million dollars in revenue this quarter.,Modifié
827,Million,"The client seemed to mishear the details of our proposal, so we clarified the terms.","Million is important because the client seemed to mishear the details of our proposal, so we clarified the terms.",Modifié
828,Mishear,The advertisement was found to be misleading and had to be retracted.,Mishear is important because the advertisement was found to be misleading and had to be retracted.,Modifié
829,Misleading,It’s important never to misrepresent the features of a product to customers.,Misleading is important because it’s important never to misrepresent the features of a product to customers.,Modifié
830,Misrepresent,"The salesperson did not intend to misrepresent the product, but the customer felt deceived by the description.","The salesperson did not intend to misrepresent the product, but the customer felt deceived by the description.",Non modifié
831,Mix-up,A mix-up in the shipping department caused the wrong items to be delivered to the customer.,A mix-up in the shipping department caused the wrong items to be delivered to the customer.,Non modifié
832,Monitor,The security team will monitor the premises 24/7 to ensure safety.,The security team will monitor the premises 24/7 to ensure safety.,Non modifié
833,monitoring,Continuous monitoring of the stock market is essential for successful trading.,Continuous monitoring of the stock market is essential for successful trading.,Non modifié
834,Monument,The city unveiled a new monument to honor the fallen heroes of the war.,The city unveiled a new monument to honor the fallen heroes of the war.,Non modifié
835,Mortgage,They decided to take out a mortgage to buy their dream home.,They decided to take out a mortgage to buy their dream home.,Non modifié
836,Motivate,The coach used various strategies to motivate the team before the big game.,The coach used various strategies to motivate the team before the big game.,Non modifié
837,Motivation,Employee motivation is key to improving productivity in the workplace.,Employee motivation is key to improving productivity in the workplace.,Non modifié
838,Napkin,He carefully placed a napkin on his lap before beginning his meal.,He carefully placed a napkin on his lap before beginning his meal.,Non modifié
839,Narrow,The narrow road made it difficult for two cars to pass each other.,The narrow road made it difficult for two cars to pass each other.,Non modifié
840,Narrowing,The narrowing of the gap between the two competitors made the race more exciting.,The narrowing of the gap between the two competitors made the race more exciting.,Non modifié
841,Neighborhood,The neighborhood is known for its friendly residents and tree-lined streets.,The neighborhood is known for its friendly residents and tree-lined streets.,Non modifié
842,Network,Building a strong network of professional contacts is crucial for career advancement.,Building a strong network of professional contacts is crucial for career advancement.,Non modifié
843,Nominate,The board will nominate three candidates for the position of CEO.,The board will nominate three candidates for the position of CEO.,Non modifié
844,Nomination,Her nomination for the award was announced at the annual gala.,Her nomination for the award was announced at the annual gala.,Non modifié
845,Notice,The employee submitted a notice of resignation to the HR department.,The employee submitted a notice of resignation to the HR department.,Non modifié
846,Notify,Please notify us immediately if there are any changes to your itinerary.,Please notify us immediately if there are any changes to your itinerary.,Non modifié
847,Objection,"The lawyer raised an objection during the trial, arguing that the evidence was inadmissible.","The lawyer raised an objection during the trial, arguing that the evidence was inadmissible.",Non modifié
848,Objective,The main objective of the project is to reduce costs by 20%.,The main objective of the project is to reduce costs by 20%.,Non modifié
849,Obligation,It is our obligation to provide accurate information to our clients.,It is our obligation to provide accurate information to our clients.,Non modifié
850,obligation,It is our obligation to provide accurate information to our clients.,It is our obligation to provide accurate information to our clients.,Non modifié
851,Oblige,The manager felt obliged to extend the deadline due to the unforeseen circumstances.,The manager felt obliged to extend the deadline due to the unforeseen circumstances.,Modifié
852,Obtain,She worked hard to obtain her master’s degree in business administration.,She worked hard to obtain her master’s degree in business administration.,Non modifié
853,obtain,You need to obtain a permit before starting the construction.,You need to obtain a permit before starting the construction.,Non modifié
854,Obviously,"Obviously, we need to review the contract before signing it.","Obviously, we need to review the contract before signing it.",Non modifié
855,Occupation,His occupation as an architect requires a great deal of creativity and precision.,His occupation as an architect requires a great deal of creativity and precision.,Non modifié
856,Occur,The error occurred because of a misunderstanding between the departments.,The error occurred because of a misunderstanding between the departments.,Modifié
857,Offer,The company decided to offer a discount to attract new customers.,The company decided to offer a discount to attract new customers.,Non modifié
858,Officer,The compliance officer ensures that all regulatory requirements are met.,The compliance officer ensures that all regulatory requirements are met.,Non modifié
859,Official,The official report will be released to the public tomorrow.,The official report will be released to the public tomorrow.,Non modifié
860,Offset,The company planted trees to offset its carbon emissions.,The company planted trees to offset its carbon emissions.,Non modifié
861,Onward,"From this day onward, all employees must clock in using the new system.","From this day onward, all employees must clock in using the new system.",Non modifié
862,Operate,The machine can operate at full capacity for eight hours without overheating.,The machine can operate at full capacity for eight hours without overheating.,Non modifié
863,Operation,"The operation was a success, and production increased by 15%.","The operation was a success, and production increased by 15%.",Non modifié
864,Opinion,"In my opinion, the new policy will benefit the company in the long run.","In my opinion, the new policy will benefit the company in the long run.",Non modifié
865,Opportunity,nan,The concept of Opportunity is widely used in various contexts.,Modifié
866,Optimistic,The team is optimistic about meeting their sales targets this quarter.,The team is optimistic about meeting their sales targets this quarter.,Non modifié
867,Order,Please place your order before the end of the day to ensure next-day delivery.,Please place your order before the end of the day to ensure next-day delivery.,Non modifié
868,Organization,The organization is known for its charitable work and community service.,The organization is known for its charitable work and community service.,Non modifié
869,Organize,We need to organize a meeting to discuss the upcoming project.,We need to organize a meeting to discuss the upcoming project.,Non modifié
870,Organized,"The event was well-organized, with everything running smoothly.","The event was well-organized, with everything running smoothly.",Non modifié
871,Original,The original manuscript was found in the library archives.,The original manuscript was found in the library archives.,Non modifié
872,Outlet,The company opened a new outlet in the downtown shopping district.,The company opened a new outlet in the downtown shopping district.,Non modifié
873,Outline,The presentation should include an outline of the project’s objectives and timeline.,The presentation should include an outline of the project’s objectives and timeline.,Non modifié
874,Outlook,The economic outlook for the next quarter is positive.,The economic outlook for the next quarter is positive.,Non modifié
875,Outsource,The company decided to outsource its customer service operations to reduce costs.,The company decided to outsource its customer service operations to reduce costs.,Non modifié
876,Outstanding,The accountant found several outstanding invoices that needed to be paid.,The accountant found several outstanding invoices that needed to be paid.,Non modifié
877,Overall,"Overall, the project was a success, despite a few minor setbacks.","Overall, the project was a success, despite a few minor setbacks.",Non modifié
878,Overcrowded,"The subway was overcrowded during rush hour, making it difficult to board.","The subway was overcrowded during rush hour, making it difficult to board.",Non modifié
879,Overdraft,He was charged an overdraft fee for withdrawing more money than he had in his account.,He was charged an overdraft fee for withdrawing more money than he had in his account.,Non modifié
880,overdrew,She accidentally overdrew her account by making an unexpected purchase.,She accidentally overdrew her account by making an unexpected purchase.,Non modifié
881,overflowed,"The river overflowed its banks after the heavy rainfall, causing widespread flooding.","The river overflowed its banks after the heavy rainfall, causing widespread flooding.",Non modifié
882,overran,The project overran its budget due to unexpected costs.,The project overran its budget due to unexpected costs.,Non modifié
883,Overseas,The company is expanding its operations to several overseas markets.,The company is expanding its operations to several overseas markets.,Non modifié
884,Overtime,The employees worked overtime to complete the project by the deadline.,The employees worked overtime to complete the project by the deadline.,Non modifié
885,overtook,The new product quickly overtook the competition in market share.,The new product quickly overtook the competition in market share.,Non modifié
886,Overview,The report provides an overview of the company's performance over the last year.,The report provides an overview of the company's performance over the last year.,Non modifié
887,Owepackage,You still owe a package of deliverables to the client.,Owepackage is important because you still owe a package of deliverables to the client.,Modifié
888,Package,The package was delivered to your office this morning.,The package was delivered to your office this morning.,Non modifié
889,Package tour,"The package tour included flights, accommodation, and guided excursions.","The package tour included flights, accommodation, and guided excursions.",Non modifié
890,Parcel,The parcel arrived a day earlier than expected.,The parcel arrived a day earlier than expected.,Non modifié
891,Parking lot,"The parking lot was full, so we had to park on the street.","The parking lot was full, so we had to park on the street.",Non modifié
892,Participant,Each participant in the workshop received a certificate of completion.,Each participant in the workshop received a certificate of completion.,Non modifié
893,Particularly,She was particularly interested in the seminar on digital marketing.,She was particularly interested in the seminar on digital marketing.,Non modifié
894,particulars,Please provide the particulars of the agreement in writing.,Please provide the particulars of the agreement in writing.,Non modifié
895,Party,The company hosted a party to celebrate its 50th anniversary.,The company hosted a party to celebrate its 50th anniversary.,Non modifié
896,Passenger,Each passenger must present a valid ticket before boarding the train.,Each passenger must present a valid ticket before boarding the train.,Non modifié
897,Patent,The inventor filed for a patent to protect his new design.,The inventor filed for a patent to protect his new design.,Non modifié
898,Patented,"The product was patented, preventing competitors from copying the design.","The product was patented, preventing competitors from copying the design.",Non modifié
899,Patience,Patience is key when dealing with difficult customers.,Patience is key when dealing with difficult customers.,Non modifié
900,Pay off,Hard work and dedication will eventually pay off.,Hard work and dedication will eventually pay off.,Non modifié
901,Payment,Please make the payment by the due date to avoid late fees.,Please make the payment by the due date to avoid late fees.,Non modifié
902,peculiarities,The peculiarities of the local market must be considered in our strategy.,The peculiarities of the local market must be considered in our strategy.,Non modifié
903,peg,The exchange rate was pegged to the dollar to stabilize the economy.,The exchange rate was pegged to the dollar to stabilize the economy.,Modifié
904,Perform,The musician will perform at the concert hall tonight.,The musician will perform at the concert hall tonight.,Non modifié
905,perform,He was asked to perform several tasks outside his usual responsibilities.,He was asked to perform several tasks outside his usual responsibilities.,Non modifié
906,Performance,The company’s financial performance exceeded expectations this quarter.,The concept of Performance is widely used in various contexts.,Non modifié
907,Permanent,She was offered a permanent position after completing her probationary period.,She was offered a permanent position after completing her probationary period.,Non modifié
908,Permission,You must obtain permission from the manager before taking time off.,You must obtain permission from the manager before taking time off.,Non modifié
909,Permit,The city issued a permit for the construction of the new building.,The city issued a permit for the construction of the new building.,Non modifié
910,Personal,She keeps her personal and professional life separate.,She keeps her personal and professional life separate.,Non modifié
911,Personalized,The company offers personalized service to each of its clients.,The company offers personalized service to each of its clients.,Non modifié
912,Personnel,The personnel department is responsible for hiring and training new employees.,The personnel department is responsible for hiring and training new employees.,Non modifié
913,Persuade,He managed to persuade the board to approve the new project.,He managed to persuade the board to approve the new project.,Non modifié
914,Pessimistic,The economist was pessimistic about the prospects for economic recovery.,The economist was pessimistic about the prospects for economic recovery.,Non modifié
915,Phase out,The company plans to phase out its older products to make room for new ones.,The company plans to phase out its older products to make room for new ones.,Non modifié
916,pick on,It's not fair to pick on someone just because they're different.,It's not fair to pick on someone just because they're different.,Non modifié
917,pick out,She helped her friend pick out a dress for the party.,She helped her friend pick out a dress for the party.,Non modifié
918,Pick up,Can you pick up the package from the post office on your way home?,Can you pick up the package from the post office on your way home?,Non modifié
919,Pick up the check,He generously offered to pick up the check at the restaurant.,He generously offered to pick up the check at the restaurant.,Non modifié
920,pick with,He always seems to pick with people who disagree with him.,He always seems to pick with people who disagree with him.,Non modifié
921,Plant,The company is opening a new manufacturing plant in the region.,The company is opening a new manufacturing plant in the region.,Non modifié
922,Platform,The new software platform will improve efficiency across the organization.,The new software platform will improve efficiency across the organization.,Non modifié
923,Pleasant,It was a pleasant surprise to see an old friend at the conference.,It was a pleasant surprise to see an old friend at the conference.,Non modifié
924,Plow,The farmer used a tractor to plow the fields before planting crops.,The farmer used a tractor to plow the fields before planting crops.,Non modifié
925,Plug in,Make sure to plug in the device before turning it on.,Make sure to plug in the device before turning it on.,Non modifié
926,Plumber,We had to call a plumber to fix the leaking pipe in the kitchen.,We had to call a plumber to fix the leaking pipe in the kitchen.,Non modifié
927,Point,The speaker made an important point about the need for sustainable practices.,The speaker made an important point about the need for sustainable practices.,Non modifié
928,Pointless,Arguing with him is pointless because he never changes his mind.,Arguing with him is pointless because he never changes his mind.,Non modifié
929,Policy,The company’s new policy requires employees to wear ID badges at all times.,The company’s new policy requires employees to wear ID badges at all times.,Non modifié
930,Polite,"It’s important to be polite when dealing with customers, even in difficult situations.","It’s important to be polite when dealing with customers, even in difficult situations.",Non modifié
931,political,The political climate in the country is affecting business operations.,The political climate in the country is affecting business operations.,Non modifié
932,politically,The decision was made to avoid any politically sensitive issues.,The decision was made to avoid any politically sensitive issues.,Non modifié
933,Politician,The politician gave a speech on the importance of education reform.,The politician gave a speech on the importance of education reform.,Non modifié
934,politician,The politician was criticized for not keeping his campaign promises.,The politician was criticized for not keeping his campaign promises.,Non modifié
935,Politics,Office politics can sometimes be as challenging as,Office politics can sometimes be as challenging as,Non modifié
936,Poll,The latest poll shows that the candidate is leading by a narrow margin.,The latest poll shows that the candidate is leading by a narrow margin.,Non modifié
937,Pollute,Factories that pollute the environment are subject to heavy fines.,Factories that pollute the environment are subject to heavy fines.,Non modifié
938,Popular,The new smartphone model is very popular among consumers.,The new smartphone model is very popular among consumers.,Non modifié
939,Popularity,The popularity of the product soared after the ad campaign.,The popularity of the product soared after the ad campaign.,Non modifié
940,Position,She was promoted to the position of marketing manager.,She was promoted to the position of marketing manager.,Non modifié
941,Postpone,The meeting was postponed until next week due to scheduling conflicts.,The meeting was postponed until next week due to scheduling conflicts.,Modifié
942,Postpone,The postponement of the event disappointed many attendees.,Postpone is important because the postponement of the event disappointed many attendees.,Modifié
943,Postponement,The new market has great potential for growth.,Postponement is important because the new market has great potential for growth.,Modifié
944,Potential,The power outage caused significant disruption to the manufacturing process.,Potential is important because the power outage caused significant disruption to the manufacturing process.,Modifié
945,Power,The course offers practical advice for starting a small business.,Power is important because the course offers practical advice for starting a small business.,Modifié
946,Practical,The solution was practically perfect for the problem at hand.,The solution was practically perfect for the problem at hand.,Modifié
947,Practically,Analysts predict that the company’s profits will increase next year.,Practically is important because analysts predict that the company’s profits will increase next year.,Modifié
948,Predict,The outcome of the negotiation was predictable given the circumstances.,The outcome of the negotiation was predictable given the circumstances.,Modifié
949,Predictable,I prefer to work in a quiet environment where I can concentrate.,Predictable is important because i prefer to work in a quiet environment where i can concentrate.,Modifié
950,Prefer,Most customers prefer the new model over the old one.,Most customers prefer the new model over the old one.,Non modifié
951,prefer,"The position requires a degree in engineering, preferably with some experience.","The position requires a degree in engineering, preferably with some experience.",Modifié
952,preferably,She has a preference for working with international clients.,Preferably is important because she has a preference for working with international clients.,Modifié
953,Preference,The company’s preference is to hire candidates with relevant experience.,The company’s preference is to hire candidates with relevant experience.,Non modifié
954,preference,He is the preferred candidate for the job due to his extensive experience.,Preference is important because he is the preferred candidate for the job due to his extensive experience.,Modifié
955,preferred,Smoking is not allowed on the company premises.,Preferred is important because smoking is not allowed on the company premises.,Modifié
956,Premises,It’s important to prepare thoroughly before the client meeting.,Premises is important because it’s important to prepare thoroughly before the client meeting.,Modifié
957,Prepare,The CEO will present the annual report to the board of directors.,Prepare is important because the ceo will present the annual report to the board of directors.,Modifié
958,Present,The presentation was well-received by the audience.,The presentation was well-received by the audience.,Modifié
959,Presentation,The press conference will be held at the main office tomorrow.,Presentation is important because the press conference will be held at the main office tomorrow.,Modifié
960,Press,The new policy is designed to prevent fraud in the financial system.,The concept of Press is widely used in various contexts.,Modifié
961,Prevent,Prevention of data breaches is a top priority for the IT department.,Prevention of data breaches is a top priority for the IT department.,Modifié
962,Prevention,The price of the product was reduced to attract more customers.,Prevention is important because the price of the product was reduced to attract more customers.,Modifié
963,Price,The painting was considered priceless due to its historical significance.,The painting was considered priceless due to its historical significance.,Modifié
964,Priceless,The experience of working with a mentor was priceless for her career.,The experience of working with a mentor was priceless for her career.,Non modifié
965,priceless,The company’s efforts are primarily focused on expanding into new markets.,Priceless is important because the company’s efforts are primarily focused on expanding into new markets.,Modifié
966,Primarily,The issue is primarily a matter of resource allocation.,The issue is primarily a matter of resource allocation.,Non modifié
967,primarily (adverb),The principal reason for the delay was a shortage of materials.,Primarily (adverb) is important because the principal reason for the delay was a shortage of materials.,Modifié
968,Principal,The company operates on the principle of honesty and integrity.,Principal is important because the company operates on the principle of honesty and integrity.,Modifié
969,Principle,Ensuring customer satisfaction is our top priority.,Principle is important because ensuring customer satisfaction is our top priority.,Modifié
970,Priority,The project was given priority due to its importance to the company.,The project was given priority due to its importance to the company.,Non modifié
971,Priority,The meeting was held in private to discuss sensitive matters.,Priority is important because the meeting was held in private to discuss sensitive matters.,Modifié
972,Private,The probability of success depends on several factors.,Private is important because the probability of success depends on several factors.,Modifié
973,Probability,He will probably attend the conference if his schedule allows.,Probability is important because he will probably attend the conference if his schedule allows.,Modifié
974,Probably,New employees must complete a probationary period before becoming permanent.,Probably is important because new employees must complete a probationary period before becoming permanent.,Modifié
975,Probationary,"After receiving approval, the team will proceed with the project.","Probationary is important because after receiving approval, the team will proceed with the project.",Modifié
976,Proceed,"The hiring process involves several stages, including interviews and background checks.","Proceed is important because the hiring process involves several stages, including interviews and background checks.",Modifié
977,Process,The team had a productive meeting where several ideas were generated.,Process is important because the team had a productive meeting where several ideas were generated.,Modifié
978,Productive,"She had a very productive day, completing all her tasks ahead of schedule.","She had a very productive day, completing all her tasks ahead of schedule.",Non modifié
979,productive (adjective),She chose medicine as her profession because of her passion for helping others.,Productive (adjective) is important because she chose medicine as her profession because of her passion for helping others.,Modifié
980,Profession,It’s important to maintain a professional attitude in the workplace.,It’s important to maintain a professional attitude in the workplace.,Modifié
981,Professional,The company’s profile has risen since it was featured in a major business magazine.,Professional is important because the company’s profile has risen since it was featured in a major business magazine.,Modifié
982,Profile,The company’s profit increased by 15% compared to last year.,Profile is important because the company’s profit increased by 15% compared to last year.,Modifié
983,Profit,The profitability of the new product line is higher than expected.,The profitability of the new product line is higher than expected.,Modifié
984,Profitability,The investment proved to be highly profitable within just a few months.,Profitability is important because the investment proved to be highly profitable within just a few months.,Modifié
985,Profitable,The team made significant progress on the project this week.,Profitable is important because the team made significant progress on the project this week.,Modifié
986,Progress,The progress of the construction project is being closely monitored.,The progress of the construction project is being closely monitored.,Non modifié
987,Progress,The company takes a progressive approach to employee development.,The company takes a progressive approach to employee development.,Modifié
988,Progressive,The new law will prohibit smoking in all public places.,Progressive is important because the new law will prohibit smoking in all public places.,Modifié
989,Prohibit,The company is planning a new project that will expand its market share.,Prohibit is important because the company is planning a new project that will expand its market share.,Modifié
990,Project,The use of smartphones has proliferated rapidly in recent years.,Project is important because the use of smartphones has proliferated rapidly in recent years.,Modifié
991,proliferated,He made a promise to deliver the project on time and within budget.,Proliferated is important because he made a promise to deliver the project on time and within budget.,Modifié
992,Promise,The company plans to promote its new product through an extensive advertising campaign.,Promise is important because the company plans to promote its new product through an extensive advertising campaign.,Modifié
993,Promote,She was promoted to senior manager after just two years with the company.,She was promoted to senior manager after just two years with the company.,Modifié
994,promoted,The promotion included a pay raise and additional responsibilities.,Promoted is important because the promotion included a pay raise and additional responsibilities.,Modifié
995,Promotion,The manager’s prompt response to the issue helped prevent further delays.,Promotion is important because the manager’s prompt response to the issue helped prevent further delays.,Modifié
996,Prompt,The prompt delivery of the goods ensured customer satisfaction.,The prompt delivery of the goods ensured customer satisfaction.,Non modifié
997,Promptly,The issue was promptly addressed by the technical support team.,The issue was promptly addressed by the technical support team.,Non modifié
998,Properly,It’s important to follow the instructions properly to avoid any issues.,It’s important to follow the instructions properly to avoid any issues.,Non modifié
999,Property,The company owns a large property in the industrial area.,The company owns a large property in the industrial area.,Non modifié
1000,Prospect(s),The prospects for growth in this market are very promising.,Prospect(s) is important because the prospects for growth in this market are very promising.,Modifié
1001,prospered,The business prospered after implementing the new marketing strategy.,The business prospered after implementing the new marketing strategy.,Non modifié
1002,Protect,It is crucial to protect sensitive information from unauthorized access.,It is crucial to protect sensitive information from unauthorized access.,Non modifié
1003,Protection,The protection of intellectual property is vital for innovation.,The protection of intellectual property is vital for innovation.,Non modifié
1004,Publicity,The new product launch received a lot of publicity in the media.,The new product launch received a lot of publicity in the media.,Non modifié
1005,Publicize,The company plans to publicize its new initiative through social media.,The company plans to publicize its new initiative through social media.,Non modifié
1006,Pull out,The investor decided to pull out of the project due to unforeseen risks.,The investor decided to pull out of the project due to unforeseen risks.,Non modifié
1007,Purchase,She made a large purchase at the electronics store.,She made a large purchase at the electronics store.,Non modifié
1008,Purchase,The company decided to purchase new equipment to increase production.,The company decided to purchase new equipment to increase production.,Non modifié
1009,Purpose,The main purpose of the meeting is to discuss the upcoming project.,The main purpose of the meeting is to discuss the upcoming project.,Non modifié
1010,Pursue,He decided to pursue a career in finance after completing his degree.,The concept of Pursue is widely used in various contexts.,Non modifié
1011,put off,They had to put off the meeting until next week due to scheduling conflicts.,They had to put off the meeting until next week due to scheduling conflicts.,Non modifié
1012,Put together,The team worked hard to put together a comprehensive proposal.,The team worked hard to put together a comprehensive proposal.,Non modifié
1013,Put up,The company decided to put up a new billboard to advertise its services.,The company decided to put up a new billboard to advertise its services.,Non modifié
1014,put up,"They put up with a lot of challenges during the project, but the results were worth it.","They put up with a lot of challenges during the project, but the results were worth it.",Non modifié
1015,Qualification,His qualification in engineering makes him a strong candidate for the position.,His qualification in engineering makes him a strong candidate for the position.,Non modifié
1016,Qualifications,"The job requires specific qualifications, including a degree in accounting.","The job requires specific qualifications, including a degree in accounting.",Non modifié
1017,Qualify,She needs to qualify for the loan before she can purchase the house.,She needs to qualify for the loan before she can purchase the house.,Non modifié
1018,Qualify,The candidate did not qualify for the position due to a lack of experience.,The candidate did not qualify for the position due to a lack of experience.,Non modifié
1019,Quotation,The client requested a quotation for the renovation project.,The client requested a quotation for the renovation project.,Non modifié
1020,Quote,The sales team provided a quote for the cost of the new software.,The sales team provided a quote for the cost of the new software.,Non modifié
1021,Raise,The company decided to raise the salaries of its employees this year.,The company decided to raise the salaries of its employees this year.,Non modifié
1022,Raise money,The charity event was organized to raise money for local schools.,The charity event was organized to raise money for local schools.,Non modifié
1023,Range,The store offers a wide range of products to choose from.,The store offers a wide range of products to choose from.,Non modifié
1024,Range,The price range for these services varies depending on the client’s needs.,The price range for these services varies depending on the client’s needs.,Non modifié
1025,Rare,It is rare to find such a unique piece of art in this gallery.,It is rare to find such a unique piece of art in this gallery.,Non modifié
1026,Rate,The interest rate on the loan was higher than expected.,The interest rate on the loan was higher than expected.,Non modifié
1027,Rational,The decision to expand was based on a rational analysis of the market.,The decision to expand was based on a rational analysis of the market.,Non modifié
1028,Raw materials,The factory imports raw materials from overseas to produce its goods.,The factory imports raw materials from overseas to produce its goods.,Non modifié
1029,Reach,The marketing campaign aims to reach a broader audience.,The marketing campaign aims to reach a broader audience.,Non modifié
1030,Realize,She didn’t realize the impact of her decision until much later.,She didn’t realize the impact of her decision until much later.,Non modifié
1031,realize,He began to realize the importance of time management as deadlines approached.,He began to realize the importance of time management as deadlines approached.,Non modifié
1032,Rearrange,They decided to rearrange the office layout to improve workflow.,They decided to rearrange the office layout to improve workflow.,Non modifié
1033,Reasonable,The company offered a reasonable price for the high-quality product.,The company offered a reasonable price for the high-quality product.,Non modifié
1034,Reasonably,The project was completed reasonably within the allocated budget.,The project was completed reasonably within the allocated budget.,Non modifié
1035,Receipt,Please keep the receipt as proof of purchase.,Please keep the receipt as proof of purchase.,Non modifié
1036,Receive,We expect to receive the shipment by the end of the week.,We expect to receive the shipment by the end of the week.,Non modifié
1037,Recent,The recent changes in management have improved the company’s performance.,The recent changes in management have improved the company’s performance.,Non modifié
1038,Reception,The reception for the new employees was held in the main hall.,The reception for the new employees was held in the main hall.,Non modifié
1039,Reception desk,Please check in at the reception desk when you arrive.,Please check in at the reception desk when you arrive.,Non modifié
1040,Receptive,The team was receptive to the new ideas presented during the meeting.,The team was receptive to the new ideas presented during the meeting.,Non modifié
1041,Recipe,The chef shared his secret recipe for the restaurant’s signature dish.,The chef shared his secret recipe for the restaurant’s signature dish.,Non modifié
1042,Recognize,The company was recognized for its commitment to sustainability.,The company was recognized for its commitment to sustainability.,Modifié
1043,Recommend,I highly recommend this book to anyone interested in business strategy.,I highly recommend this book to anyone interested in business strategy.,Non modifié
1044,Recommendation,The board followed the recommendation to invest in new technology.,The board followed the recommendation to invest in new technology.,Non modifié
1045,Recruit,The company plans to recruit more staff to support its expansion.,The company plans to recruit more staff to support its expansion.,Non modifié
1046,Recruitment,The recruitment process is designed to identify the best candidates for the job.,The recruitment process is designed to identify the best candidates for the job.,Non modifié
1047,Reduce,The company implemented measures to reduce its carbon footprint.,The company implemented measures to reduce its carbon footprint.,Non modifié
1048,Reduction,The reduction in costs allowed the company to increase its profit margin.,The reduction in costs allowed the company to increase its profit margin.,Non modifié
1049,Redundant,"The position became redundant after the merger, and the employee was laid off.","The position became redundant after the merger, and the employee was laid off.",Non modifié
1050,Refrigerator,The refrigerator in the office kitchen needs to be replaced.,The refrigerator in the office kitchen needs to be replaced.,Non modifié
1051,Refund,The store offers a full refund if you are not satisfied with your purchase.,The store offers a full refund if you are not satisfied with your purchase.,Non modifié
1052,Refundable,The deposit is refundable if you cancel your booking within 24 hours.,The deposit is refundable if you cancel your booking within 24 hours.,Non modifié
1053,Refusal,His refusal to cooperate with the investigation raised suspicions.,His refusal to cooperate with the investigation raised suspicions.,Non modifié
1054,Refuse,She had to refuse the offer due to a conflict of interest.,She had to refuse the offer due to a conflict of interest.,Non modifié
1055,refuse,They refuse to compromise on the quality of their products.,They refuse to compromise on the quality of their products.,Non modifié
1056,Regarding,I have some questions regarding the new project.,I have some questions regarding the new project.,Non modifié
1057,Regardless,The event will go ahead regardless of the weather conditions.,The event will go ahead regardless of the weather conditions.,Non modifié
1058,Regional,The company is expanding its operations to several regional markets.,The company is expanding its operations to several regional markets.,Non modifié
1059,Register,Please register for the conference by the end of the week.,Please register for the conference by the end of the week.,Non modifié
1060,Register,The cashier will register your payment at the checkout.,The cashier will register your payment at the checkout.,Non modifié
1061,register,You need to register your details on the website to access the content.,You need to register your details on the website to access the content.,Non modifié
1062,Registration,The registration for the event closes tomorrow.,The registration for the event closes tomorrow.,Non modifié
1063,Regret,She expressed her regret for missing the important meeting.,She expressed her regret for missing the important meeting.,Non modifié
1064,Regular,He is a regular customer at the local coffee shop.,He is a regular customer at the local coffee shop.,Non modifié
1065,Regularly,The team meets regularly to discuss project updates.,The team meets regularly to discuss project updates.,Non modifié
1066,Regulate,The government introduced new laws to regulate the financial industry.,The concept of Regulate is widely used in various contexts.,Non modifié
1067,Rehearse,The team needs to rehearse the presentation before the client meeting.,The team needs to rehearse the presentation before the client meeting.,Non modifié
1068,Reject,The committee decided to reject the proposal due to budget constraints.,The committee decided to reject the proposal due to budget constraints.,Non modifié
1069,reject,The manager may reject the application if it does not meet the criteria.,The manager may reject the application if it does not meet the criteria.,Non modifié
1070,Relax,It’s important to take some time to relax after a busy workweek.,It’s important to take some time to relax after a busy workweek.,Non modifié
1071,Relaxation,The company offers a relaxation area for employees to unwind during breaks.,The company offers a relaxation area for employees to unwind during breaks.,Non modifié
1072,Release,The company will release its new product line next month.,The company will release its new product line next month.,Non modifié
1073,Release,The release of the annual report was delayed by a week.,The release of the annual report was delayed by a week.,Non modifié
1074,Relevant,The information provided in the report is highly relevant to our current project.,The information provided in the report is highly relevant to our current project.,Non modifié
1075,Reliable,"The new software is fast and reliable, making it ideal for business use.","The new software is fast and reliable, making it ideal for business use.",Non modifié
1076,Remain,"Despite the challenges, the company remains committed to its mission.","Despite the challenges, the company remains committed to its mission.",Modifié
1077,remain,The final decision will remain confidential until it is announced publicly.,The final decision will remain confidential until it is announced publicly.,Non modifié
1078,Remarkable,The CEO’s remarkable leadership has been a key factor in the company’s success.,The CEO’s remarkable leadership has been a key factor in the company’s success.,Non modifié
1079,Remind,Please remind me to send the report by the end of the day.,Please remind me to send the report by the end of the day.,Non modifié
1080,Reminder,The email served as a reminder of the upcoming deadline.,The email served as a reminder of the upcoming deadline.,Non modifié
1081,Remittance,"The client’s remittance was received on time, and the project was approved.","The client’s remittance was received on time, and the project was approved.",Non modifié
1082,Remove,Please remove all personal items from your desk before the end of the day.,Please remove all personal items from your desk before the end of the day.,Non modifié
1083,Remuneration,The remuneration package includes a competitive salary and benefits.,The remuneration package includes a competitive salary and benefits.,Non modifié
1084,Renovate,The company plans to renovate its headquarters to create a more modern workspace.,The company plans to renovate its headquarters to create a more modern workspace.,Non modifié
1085,Renovation,The renovation of the office building is expected to take six months.,The renovation of the office building is expected to take six months.,Non modifié
1086,Rent,The company decided to rent office space in the downtown area.,The company decided to rent office space in the downtown area.,Non modifié
1087,Repair,The technician was called in to repair the faulty equipment.,The technician was called in to repair the faulty equipment.,Non modifié
1088,Repayment,The loan agreement includes a flexible repayment schedule.,The loan agreement includes a flexible repayment schedule.,Non modifié
1089,Repetitive,"The task was repetitive, but necessary for quality control.","The task was repetitive, but necessary for quality control.",Non modifié
1090,Replace,The company plans to replace the outdated computers with new ones.,The company plans to replace the outdated computers with new ones.,Non modifié
1091,Replacement,The replacement parts for the machinery were delivered yesterday.,The replacement parts for the machinery were delivered yesterday.,Non modifié
1092,Report,The manager asked for a detailed report on the project’s progress.,The manager asked for a detailed report on the project’s progress.,Non modifié
1093,reported,It was reported that the company’s profits had increased by 10% this quarter.,It was reported that the company’s profits had increased by 10% this quarter.,Non modifié
1094,reportedly,The CEO is reportedly planning to retire at the end of the year.,The CEO is reportedly planning to retire at the end of the year.,Non modifié
1095,reporter,The reporter covered the story of the company’s expansion into new markets.,The reporter covered the story of the company’s expansion into new markets.,Non modifié
1096,reporting,Accurate reporting is essential for maintaining transparency in financial matters.,The concept of reporting is widely used in various contexts.,Non modifié
1097,Represent,The lawyer will represent the company in the legal proceedings.,The lawyer will represent the company in the legal proceedings.,Non modifié
1098,Representative,The sales representative will visit the client next week.,The sales representative will visit the client next week.,Non modifié
1099,reputation,The company has built a strong reputation for quality and reliability.,The company has built a strong reputation for quality and reliability.,Non modifié
1100,Request,The client made a request for additional information before signing the contract.,The client made a request for additional information before signing the contract.,Non modifié
1101,Require,The project will require additional resources to be completed on time.,The project will require additional resources to be completed on time.,Non modifié
1102,Require,"The job posting does not require a cover letter, but it is encouraged.","The job posting does not require a cover letter, but it is encouraged.",Non modifié
1103,require,The new regulations require all employees to complete the training.,The new regulations require all employees to complete the training.,Non modifié
1104,Requirement,Meeting the requirement for the certification was challenging but rewarding.,Meeting the requirement for the certification was challenging but rewarding.,Non modifié
1105,Reschedule,We need to reschedule the meeting due to a conflict in the agenda.,We need to reschedule the meeting due to a conflict in the agenda.,Non modifié
1106,Rescue,The IT team worked hard to rescue the system after the unexpected crash.,The IT team worked hard to rescue the system after the unexpected crash.,Non modifié
1107,Resemble,The new office building will resemble the original design with modern updates.,The new office building will resemble the original design with modern updates.,Non modifié
1108,Reservation,I made a reservation for dinner at the restaurant for our business meeting.,I made a reservation for dinner at the restaurant for our business meeting.,Non modifié
1109,Reserve,Please reserve a conference room for the client presentation tomorrow.,Please reserve a conference room for the client presentation tomorrow.,Non modifié
1110,reserve,The hotel will reserve a room for you upon your arrival.,The hotel will reserve a room for you upon your arrival.,Non modifié
1111,Resign,The manager decided to resign from his position to pursue new opportunities.,The manager decided to resign from his position to pursue new opportunities.,Non modifié
1112,Resign,She submitted her resignation letter last week.,She submitted her resignation letter last week.,Modifié
1113,Resist,It’s important to resist the urge to cut corners on quality to meet deadlines.,It’s important to resist the urge to cut corners on quality to meet deadlines.,Non modifié
1114,Resolve,The team worked together to resolve the issue quickly.,The team worked together to resolve the issue quickly.,Non modifié
1115,Resolve,His resolve to improve the company’s performance was commendable.,His resolve to improve the company’s performance was commendable.,Non modifié
1116,Respect,"It’s essential to respect your colleagues' opinions, even if you disagree.","It’s essential to respect your colleagues' opinions, even if you disagree.",Non modifié
1117,Respectable,The company has a respectable reputation in the industry.,The company has a respectable reputation in the industry.,Non modifié
1118,Respectful,Being respectful towards clients is key to building long-lasting relationships.,Being respectful towards clients is key to building long-lasting relationships.,Non modifié
1119,Respond,The customer service team will respond to your inquiry within 24 hours.,The customer service team will respond to your inquiry within 24 hours.,Non modifié
1120,Responsibility,It is your responsibility to ensure that the project is completed on time.,It is your responsibility to ensure that the project is completed on time.,Non modifié
1121,Responsible,The manager is responsible for overseeing the daily operations of the department.,The manager is responsible for overseeing the daily operations of the department.,Non modifié
1122,Restore,The IT department worked overnight to restore the company’s network after the outage.,The IT department worked overnight to restore the company’s network after the outage.,Non modifié
1123,Restructure,The company plans to restructure its operations to improve efficiency.,The company plans to restructure its operations to improve efficiency.,Non modifié
1124,Résumé,Please submit your résumé along with the application form.,Please submit your résumé along with the application form.,Non modifié
1125,Retail,The retail sector has seen significant growth in online sales over the past year.,The retail sector has seen significant growth in online sales over the past year.,Non modifié
1126,Retailers,Many retailers are offering discounts to attract customers during the holiday season.,Many retailers are offering discounts to attract customers during the holiday season.,Non modifié
1127,Retire,"After 30 years with the company, she plans to retire next month.","After 30 years with the company, she plans to retire next month.",Non modifié
1128,Retirement,He is looking forward to his retirement and spending more time with his family.,He is looking forward to his retirement and spending more time with his family.,Non modifié
1129,Return,The company expects a high return on investment from the new product line.,The company expects a high return on investment from the new product line.,Non modifié
1130,Review,Please review the report and provide feedback by the end of the week.,Please review the report and provide feedback by the end of the week.,Non modifié
1131,Reviews,The product received excellent reviews from customers.,The product received excellent reviews from customers.,Non modifié
1132,Revise,The author needs to revise the draft before submitting it for publication.,The author needs to revise the draft before submitting it for publication.,Non modifié
1133,Revised,The revised version of the contract was sent to the client for approval.,The revised version of the contract was sent to the client for approval.,Non modifié
1134,Right away,The manager asked the team to start working on the project right away.,The manager asked the team to start working on the project right away.,Non modifié
1135,Rip off,The customer felt the price was a rip off considering the poor quality of the product.,The customer felt the price was a rip off considering the poor quality of the product.,Non modifié
1136,Rival,The company’s main rival launched a similar product last month.,The company’s main rival launched a similar product last month.,Non modifié
1137,Roadside,They set up a roadside stand to sell their products to travelers.,They set up a roadside stand to sell their products to travelers.,Non modifié
1138,Roughly,The project will take roughly six months to complete.,The project will take roughly six months to complete.,Non modifié
1139,Round up,Let’s round up the team for a quick meeting before we proceed.,Let’s round up the team for a quick meeting before we proceed.,Non modifié
1140,Route,The delivery truck will take the most efficient route to ensure timely delivery.,The delivery truck will take the most efficient route to ensure timely delivery.,Non modifié
1141,Rule out,We can’t rule out the possibility of delays due to unforeseen circumstances.,We can’t rule out the possibility of delays due to unforeseen circumstances.,Non modifié
1142,Runway,The plane had to circle before landing as the runway was occupied.,The plane had to circle before landing as the runway was occupied.,Non modifié
1143,Salary,The new position comes with a competitive salary and benefits package.,The new position comes with a competitive salary and benefits package.,Non modifié
1144,Sale,The company is having a clearance sale to reduce inventory.,The company is having a clearance sale to reduce inventory.,Non modifié
1145,Salvage,The team managed to salvage the project despite the initial setbacks.,The team managed to salvage the project despite the initial setbacks.,Non modifié
1146,Sample,Please provide a sample of your previous work when applying for the job.,Please provide a sample of your previous work when applying for the job.,Non modifié
1147,Sample,The store offers free samples to customers to encourage them to try new products.,The store offers free samples to customers to encourage them to try new products.,Modifié
1148,Satisfactory,The client found the results to be satisfactory and approved the final draft.,The client found the results to be satisfactory and approved the final draft.,Non modifié
1149,Satisfied,The customer was satisfied with the prompt service provided by the company.,The customer was satisfied with the prompt service provided by the company.,Non modifié
1150,Satisfy,The product must satisfy all safety requirements before it can be sold.,The product must satisfy all safety requirements before it can be sold.,Non modifié
1151,Save,The company implemented cost-saving measures to improve profitability.,Save is important because the company implemented cost-saving measures to improve profitability.,Modifié
1152,Scene,The team arrived at the scene of the incident to assess the damage.,The team arrived at the scene of the incident to assess the damage.,Non modifié
1153,Scenery,The office has a beautiful view of the surrounding scenery.,The office has a beautiful view of the surrounding scenery.,Non modifié
1154,Schedule,The project manager will create a schedule to ensure timely completion of tasks.,The project manager will create a schedule to ensure timely completion of tasks.,Non modifié
1155,screening,The company conducted a thorough screening of applicants for the job.,The company conducted a thorough screening of applicants for the job.,Non modifié
1156,Scrutinize,The auditor will scrutinize the financial statements to ensure accuracy.,The concept of Scrutinize is widely used in various contexts.,Non modifié
1157,Search engine,The company optimized its website for better visibility on search engines.,The company optimized its website for better visibility on search engines.,Non modifié
1158,Secluded,The resort offers a secluded getaway for those seeking privacy and relaxation.,The resort offers a secluded getaway for those seeking privacy and relaxation.,Non modifié
1159,Secretarial,The secretarial staff is responsible for organizing meetings and managing communications.,The secretarial staff is responsible for organizing meetings and managing communications.,Non modifié
1160,Secretary,The secretary arranged the schedule for the CEO’s upcoming meetings.,The secretary arranged the schedule for the CEO’s upcoming meetings.,Non modifié
1161,Select,Please select the appropriate option from the drop-down menu.,Please select the appropriate option from the drop-down menu.,Non modifié
1162,Selection,The store offers a wide selection of products to choose from.,The store offers a wide selection of products to choose from.,Non modifié
1163,selection,The selection process for the new position will include several rounds of interviews.,The selection process for the new position will include several rounds of interviews.,Non modifié
1164,Selective,The company is very selective in hiring new employees to ensure a high standard of quality.,The company is very selective in hiring new employees to ensure a high standard of quality.,Non modifié
1165,selective,They were selective about the materials used in the construction to ensure durability.,They were selective about the materials used in the construction to ensure durability.,Non modifié
1166,Sell off,The company decided to sell off its non-core assets to focus on its main business.,The company decided to sell off its non-core assets to focus on its main business.,Non modifié
1167,Seminar,The team attended a seminar on the latest trends in digital marketing.,The team attended a seminar on the latest trends in digital marketing.,Non modifié
1168,Senior,The senior management team met to discuss the company’s future strategy.,The senior management team met to discuss the company’s future strategy.,Non modifié
1169,Serious,The company is facing serious challenges in the current economic climate.,The company is facing serious challenges in the current economic climate.,Non modifié
1170,Service,The company offers excellent customer service to all its clients.,The company offers excellent customer service to all its clients.,Non modifié
1171,Session,The training session will cover new software features and updates.,The training session will cover new software features and updates.,Non modifié
1172,Settle,The company agreed to settle the dispute out of court.,The company agreed to settle the dispute out of court.,Non modifié
1173,Several,Several factors contributed to the success of the project.,Several factors contributed to the success of the project.,Non modifié
1174,Shape,The team worked hard to shape the proposal to meet the client’s needs.,The team worked hard to shape the proposal to meet the client’s needs.,Non modifié
1175,Shares,The company issued new shares to raise capital for expansion.,The company issued new shares to raise capital for expansion.,Non modifié
1176,Sharp,The sharp increase in sales was a result of the successful marketing campaign.,The sharp increase in sales was a result of the successful marketing campaign.,Non modifié
1177,Shift,The company is planning to shift its focus to the digital market.,The company is planning to shift its focus to the digital market.,Non modifié
1178,Shine,The employee’s dedication to the project made them shine among their peers.,The employee’s dedication to the project made them shine among their peers.,Non modifié
1179,Shipment,The shipment of goods is expected to arrive by the end of the week.,The shipment of goods is expected to arrive by the end of the week.,Non modifié
1180,Shipping,The company offers free shipping on all orders over $50.,The company offers free shipping on all orders over $50.,Non modifié
1181,Shortage,The shortage of raw materials has delayed production.,The shortage of raw materials has delayed production.,Non modifié
1182,Shuttle,The hotel provides a shuttle service to and from the airport.,The hotel provides a shuttle service to and from the airport.,Non modifié
1183,Sightseeing,The company organized a sightseeing tour for the visiting clients.,The company organized a sightseeing tour for the visiting clients.,Non modifié
1184,Sign up,Employees are encouraged to sign up for the upcoming training sessions.,Employees are encouraged to sign up for the upcoming training sessions.,Non modifié
1185,Significant,The company made significant improvements to its customer service process.,The company made significant improvements to its customer service process.,Non modifié
1186,Simplify,The new software aims to simplify complex tasks for users.,The new software aims to simplify complex tasks for users.,Non modifié
1187,Situation,The manager assessed the situation before making a decision.,The manager assessed the situation before making a decision.,Non modifié
1188,slave driver,The team joked that their boss was a slave driver due to his high expectations.,The team joked that their boss was a slave driver due to his high expectations.,Non modifié
1189,Slump,The company experienced a slump in sales during the economic downturn.,The company experienced a slump in sales during the economic downturn.,Non modifié
1190,Software,The IT department is responsible for maintaining all company software.,The IT department is responsible for maintaining all company software.,Non modifié
1191,Solar,The company invested in solar energy to reduce its carbon footprint.,The company invested in solar energy to reduce its carbon footprint.,Non modifié
1192,Sold out,The event was so popular that tickets sold out within hours.,The event was so popular that tickets sold out within hours.,Non modifié
1193,Spacious,"The new office space is spacious and well-lit, making it ideal for creative work.","The new office space is spacious and well-lit, making it ideal for creative work.",Non modifié
1194,Spare part,The technician replaced the broken component with a spare part.,The technician replaced the broken component with a spare part.,Non modifié
1195,Spare time,He likes to read business books in his spare time to stay informed.,He likes to read business books in his spare time to stay informed.,Non modifié
1196,specialities,"The restaurant is known for its regional specialties, which attract food enthusiasts.","Specialities is important because the restaurant is known for its regional specialties, which attract food enthusiasts.",Modifié
1197,Specialize,The firm decided to specialize in cybersecurity services to meet growing demand.,The firm decided to specialize in cybersecurity services to meet growing demand.,Non modifié
1198,Specialty,Their specialty is producing high-quality organic food products.,Their specialty is producing high-quality organic food products.,Non modifié
1199,specific,The client requested a specific design that meets their brand guidelines.,The client requested a specific design that meets their brand guidelines.,Non modifié
1200,Specification,The product was built according to the customer’s exact specifications.,The product was built according to the customer’s exact specifications.,Modifié
1201,Specify,Please specify the exact date and time for the meeting.,Please specify the exact date and time for the meeting.,Non modifié
1202,Spectator,"The event attracted thousands of spectators, filling the stadium to capacity.","The event attracted thousands of spectators, filling the stadium to capacity.",Modifié
1203,Stable,The company’s financial performance has remained stable despite market fluctuations.,The concept of Stable is widely used in various contexts.,Non modifié
1204,Stadium,The new stadium will host major sporting events and concerts.,The new stadium will host major sporting events and concerts.,Non modifié
1205,Staff,The staff worked overtime to meet the project deadline.,The staff worked overtime to meet the project deadline.,Non modifié
1206,Stage,The project is currently in the planning stage.,The project is currently in the planning stage.,Non modifié
1207,Stapler,The office stapler needs to be replaced because it’s no longer working properly.,The office stapler needs to be replaced because it’s no longer working properly.,Non modifié
1208,Stare,He couldn’t help but stare at the impressive presentation displayed on the screen.,He couldn’t help but stare at the impressive presentation displayed on the screen.,Non modifié
1209,Starter,The company offers a starter package for new customers.,The company offers a starter package for new customers.,Non modifié
1210,Statement,The CEO issued a statement addressing the recent changes in the company.,The CEO issued a statement addressing the recent changes in the company.,Non modifié
1211,Stationery,The company ordered new stationery with the updated logo.,The company ordered new stationery with the updated logo.,Non modifié
1212,stay,The team will stay late tonight to finish the report.,The team will stay late tonight to finish the report.,Non modifié
1213,Steep,The company faced a steep decline in sales during the economic downturn.,The company faced a steep decline in sales during the economic downturn.,Non modifié
1214,Step down,The CEO announced his decision to step down at the end of the year.,The CEO announced his decision to step down at the end of the year.,Non modifié
1215,stick,It’s important to stick to the budget to avoid overspending.,It’s important to stick to the budget to avoid overspending.,Non modifié
1216,stock,The store needs to reorder stock as the shelves are nearly empty.,The store needs to reorder stock as the shelves are nearly empty.,Non modifié
1217,Stock,The company’s stock price surged after the positive earnings report.,The company’s stock price surged after the positive earnings report.,Non modifié
1218,stock,Please store these documents in the archive for future reference.,Stock is important because please store these documents in the archive for future reference.,Modifié
1219,store,"The company’s annual meeting took place during stormy weather, affecting attendance.","Store is important because the company’s annual meeting took place during stormy weather, affecting attendance.",Modifié
1220,stormy,Relations between the two departments have been strained due to recent disagreements.,Stormy is important because relations between the two departments have been strained due to recent disagreements.,Modifié
1221,strained,The company is focusing on strategic partnerships to expand its market reach.,Strained is important because the company is focusing on strategic partnerships to expand its market reach.,Modifié
1222,Strategic,The marketing team is developing a new strategy to attract younger customers.,Strategic is important because the marketing team is developing a new strategy to attract younger customers.,Modifié
1223,Strategy,The company aims to streamline its operations to reduce costs and improve efficiency.,Strategy is important because the company aims to streamline its operations to reduce costs and improve efficiency.,Modifié
1224,Streamline,Workers went on strike to demand better working conditions.,Streamline is important because workers went on strike to demand better working conditions.,Modifié
1225,Strike,The creative team worked late in the studio to finish the ad campaign.,Strike is important because the creative team worked late in the studio to finish the ad campaign.,Modifié
1226,Studio,The company decided to subcontract part of the project to a specialized firm.,Studio is important because the company decided to subcontract part of the project to a specialized firm.,Modifié
1227,Subcontract,Please submit your expense reports by the end of the week.,Subcontract is important because please submit your expense reports by the end of the week.,Modifié
1228,Submit,Customers can subscribe to our newsletter for the latest updates and offers.,Submit is important because customers can subscribe to our newsletter for the latest updates and offers.,Modifié
1229,Subscribe,The magazine offers a monthly subscription at a discounted rate.,Subscribe is important because the magazine offers a monthly subscription at a discounted rate.,Modifié
1230,Subscription,The company opened a new subsidiary to handle its international operations.,Subscription is important because the company opened a new subsidiary to handle its international operations.,Modifié
1231,Subsidiary,"To calculate the net profit, subtract all the expenses from the total revenue.","Subsidiary is important because to calculate the net profit, subtract all the expenses from the total revenue.",Modifié
1232,Subtract,I suggest we explore other options before making a final decision.,Subtract is important because i suggest we explore other options before making a final decision.,Modifié
1233,Suggest,The consultant suggested several ways to improve operational efficiency.,The consultant suggested several ways to improve operational efficiency.,Modifié
1234,suggested,He was suggesting that we reconsider our marketing strategy.,Suggested is important because he was suggesting that we reconsider our marketing strategy.,Modifié
1235,suggesting,Her suggestion to expand into new markets was well-received by the board.,Suggesting is important because her suggestion to expand into new markets was well-received by the board.,Modifié
1236,Suggestion,The team appreciated the manager’s suggestion for improving workflow.,The team appreciated the manager’s suggestion for improving workflow.,Non modifié
1237,suggestion,The results of the survey are suggestive of a need for product improvement.,Suggestion is important because the results of the survey are suggestive of a need for product improvement.,Modifié
1238,suggestive,The new policy must suit the needs of both employees and management.,Suggestive is important because the new policy must suit the needs of both employees and management.,Modifié
1239,Suit,The candidate’s suitability for the role was evident from the interview.,The candidate’s suitability for the role was evident from the interview.,Modifié
1240,Suitability,This software is suitable for small businesses looking to manage their finances.,The concept of Suitability is widely used in various contexts.,Modifié
1241,Suitable,The total sum of the contract was higher than initially estimated.,Suitable is important because the total sum of the contract was higher than initially estimated.,Modifié
1242,Sum,The manager will supervise the team to ensure the project stays on track.,Sum is important because the manager will supervise the team to ensure the project stays on track.,Modifié
1243,Supervise,The intern supervised the project under the guidance of the senior manager.,The intern supervised the project under the guidance of the senior manager.,Modifié
1244,supervised,She supervises a team of five analysts in the finance department.,The concept of supervised is widely used in various contexts.,Modifié
1245,supervises,The project was completed successfully under the supervision of an experienced team leader.,Supervises is important because the project was completed successfully under the supervision of an experienced team leader.,Modifié
1246,Supervision,The supervisor conducted performance reviews for all team members.,Supervision is important because the supervisor conducted performance reviews for all team members.,Modifié
1247,supervision,The company is negotiating a new contract with its main supplier.,Supervision is important because the company is negotiating a new contract with its main supplier.,Modifié
1248,Supervisor,"The demand for the product has outstripped supply, leading to shortages.","Supervisor is important because the demand for the product has outstripped supply, leading to shortages.",Modifié
1249,supervisor,The vendor will supply the necessary equipment for the event.,Supervisor is important because the vendor will supply the necessary equipment for the event.,Modifié
1250,Supplier,The price of goods is often determined by the balance of supply and demand.,Supplier is important because the price of goods is often determined by the balance of supply and demand.,Modifié
1251,Supply,The company provides excellent technical support to its customers.,Supply is important because the company provides excellent technical support to its customers.,Modifié
1252,supply,He has been a strong supporter of the company’s growth initiatives.,Supply is important because he has been a strong supporter of the company’s growth initiatives.,Modifié
1253,Supply and demand,The surrounding area has seen significant development in recent years.,Supply and demand is important because the surrounding area has seen significant development in recent years.,Modifié
1254,Support,The auditor found several suspicious transactions during the review.,Support is important because the auditor found several suspicious transactions during the review.,Modifié
1255,Supporter,The switchboard operator directed the calls to the appropriate departments.,Supporter is important because the switchboard operator directed the calls to the appropriate departments.,Modifié
1256,Surrounding,"The company took a systematic approach to address the issue, ensuring no details were overlooked.","Surrounding is important because the company took a systematic approach to address the issue, ensuring no details were overlooked.",Modifié
1257,Suspicious,The company took out a loan to finance its expansion plans.,The concept of Suspicious is widely used in various contexts.,Modifié
1258,Switchboard,Employees are encouraged to take part in the company’s volunteer programs.,Switchboard is important because employees are encouraged to take part in the company’s volunteer programs.,Modifié
1259,Systematic,She was invited to take part in the roundtable discussion on industry trends.,Systematic is important because she was invited to take part in the roundtable discussion on industry trends.,Modifié
1260,Take out,The company’s board approved the takeover of a smaller competitor.,Take out is important because the company’s board approved the takeover of a smaller competitor.,Modifié
1261,Take part in,The marketing campaign aims to target young professionals.,Take part in is important because the marketing campaign aims to target young professionals.,Modifié
1262,Take part in,The new tax policy will have significant implications for small businesses.,Take part in is important because the new tax policy will have significant implications for small businesses.,Modifié
1263,Takeover,The company is seeking candidates with strong technical skills for the IT department.,Takeover is important because the company is seeking candidates with strong technical skills for the it department.,Modifié
1264,Target,The technician repaired the malfunctioning equipment quickly.,Target is important because the technician repaired the malfunctioning equipment quickly.,Modifié
1265,Tax,His telling remark about the project’s challenges helped the team to reassess their strategy.,Tax is important because his telling remark about the project’s challenges helped the team to reassess their strategy.,Modifié
1266,Technical,The company hired temporary staff to handle the holiday rush.,Technical is important because the company hired temporary staff to handle the holiday rush.,Modifié
1267,Technician,The tenant signed a lease agreement for the commercial property.,The concept of Technician is widely used in various contexts.,Modifié
1268,telling,The company decided to terminate the contract due to non-compliance.,Telling is important because the company decided to terminate the contract due to non-compliance.,Modifié
1269,Temporary,The team faced terrible weather conditions during the site visit.,Temporary is important because the team faced terrible weather conditions during the site visit.,Modifié
1270,Tenant,The sales team did a terrific job exceeding their quarterly targets.,The concept of Tenant is widely used in various contexts.,Modifié
1271,Terminate,Managing the cash-flow of a company is critical to its financial health.,The concept of Terminate is widely used in various contexts.,Modifié
1272,Terrible,"The economic situation has improved, leading to increased consumer spending.","Terrible is important because the economic situation has improved, leading to increased consumer spending.",Modifié
1273,Terrific,The economic slowdown affected the company’s revenue in the last quarter.,Terrific is important because the economic slowdown affected the company’s revenue in the last quarter.,Modifié
1274,The cash-flow of a company,The Gross Domestic Product of the country grew by 3% last year.,The Gross Domestic Product of the country grew by 3% last year.,Non modifié
1275,The economic situation,The rise in household spending indicates increased consumer confidence.,The rise in household spending indicates increased consumer confidence.,Non modifié
1276,The economic slowdown,The merger of two companies created a stronger entity in the market.,The merger of two companies created a stronger entity in the market.,Non modifié
1277,The Gross Domestic Product,The short-term outlook for the industry remains uncertain.,The short-term outlook for the industry remains uncertain.,Non modifié
1278,The household spending,The company is focusing on the SMB market to drive growth in its software sales.,The company is focusing on the SMB market to drive growth in its software sales.,Non modifié
1279,The merger of two companies,The theoretical framework provided a solid basis for the research.,The theoretical framework provided a solid basis for the research.,Non modifié
1280,The short-term outlook,His business theory has influenced many successful entrepreneurs.,The short-term outlook is important because his business theory has influenced many successful entrepreneurs.,Modifié
1281,The SMB market,The management’s strategic thinking led to the company’s rapid growth.,The management’s strategic thinking led to the company’s rapid growth.,Non modifié
1282,Theoretical,The team conducted a thorough analysis before making the final decision.,Theoretical is important because the team conducted a thorough analysis before making the final decision.,Modifié
1283,Theory,It’s important to keep your workspace tidy to maintain productivity.,Theory is important because it’s important to keep your workspace tidy to maintain productivity.,Modifié
1284,thinking,The manager gave the new hire a helpful tip on how to manage their workload.,Thinking is important because the manager gave the new hire a helpful tip on how to manage their workload.,Modifié
1285,Thorough,The instructor took the time to break down the complex process into simple steps.,Thorough is important because the instructor took the time to break down the complex process into simple steps.,Modifié
1286,Tidy,The team worked hard to close the deal before the end of the quarter.,Tidy is important because the team worked hard to close the deal before the end of the quarter.,Modifié
1287,Tip,The analyst had to crunch the numbers to determine the project’s profitability.,Tip is important because the analyst had to crunch the numbers to determine the project’s profitability.,Modifié
1288,To break down,The company had to face several challenges during the product launch.,The company had to face several challenges during the product launch.,Non modifié
1289,To close,The team decided to focus on improving customer satisfaction.,The team decided to focus on improving customer satisfaction.,Non modifié
1290,To crunch,The presentation will highlight the key benefits of the new product.,To crunch is important because the presentation will highlight the key benefits of the new product.,Modifié
1291,To face,The company plans to implement new software to improve efficiency.,The company plans to implement new software to improve efficiency.,Non modifié
1292,To focus on,The company invested in training programs to improve employee skills.,The company invested in training programs to improve employee skills.,Non modifié
1293,To highlight,The CEO’s goal is to make the company a leader in the industry.,The CEO’s goal is to make the company a leader in the industry.,Non modifié
1294,To implement,The company’s strategy is to penetrate new markets in Asia.,The company’s strategy is to penetrate new markets in Asia.,Non modifié
1295,To improve,nan,The concept of To improve is widely used in various contexts.,Modifié
1296,To make,nan,The concept of To make is widely used in various contexts.,Modifié
1297,To penetrate,nan,The concept of To penetrate is widely used in various contexts.,Modifié
1298,To put forward,She decided to put forward a new proposal at the team meeting.,She decided to put forward a new proposal at the team meeting.,Non modifié
1299,To run,He was chosen to run the marketing campaign for the new product launch.,He was chosen to run the marketing campaign for the new product launch.,Non modifié
1300,to say,It’s difficult to say how the market will react to the changes.,It’s difficult to say how the market will react to the changes.,Non modifié
1301,to speak,The CEO will speak at the conference about the company's future plans.,The CEO will speak at the conference about the company's future plans.,Non modifié
1302,to tell,I need to tell you about the new policies that have been implemented.,I need to tell you about the new policies that have been implemented.,Non modifié
1303,To weigh,We need to weigh the pros and cons before making a final decision.,We need to weigh the pros and cons before making a final decision.,Non modifié
1304,took off,The company’s new product line really took off in the last quarter.,The company’s new product line really took off in the last quarter.,Non modifié
1305,Tour,The executive tour of the manufacturing facility will start at 10 AM.,The executive tour of the manufacturing facility will start at 10 AM.,Non modifié
1306,Tourism,The city relies heavily on tourism for its economic growth.,The city relies heavily on tourism for its economic growth.,Non modifié
1307,Tourist,The local attractions are popular with both tourists and residents.,The local attractions are popular with both tourists and residents.,Modifié
1308,Towel,Please make sure to pack a towel for the business trip to the beach resort.,Please make sure to pack a towel for the business trip to the beach resort.,Non modifié
1309,Tower,The new office tower will be completed by the end of the year.,The new office tower will be completed by the end of the year.,Non modifié
1310,Track,The project manager will track the progress of the development team.,The project manager will track the progress of the development team.,Non modifié
1311,Trade,The company engages in international trade to expand its market reach.,The company engages in international trade to expand its market reach.,Non modifié
1312,Tradition,It is a tradition to hold an annual company picnic for employees and their families.,It is a tradition to hold an annual company picnic for employees and their families.,Non modifié
1313,Traffic,Heavy traffic in the area caused a delay in the delivery schedule.,Heavy traffic in the area caused a delay in the delivery schedule.,Non modifié
1314,Training,The new employees will undergo intensive training before starting their roles.,The new employees will undergo intensive training before starting their roles.,Non modifié
1315,Transfer,He requested a transfer to the company’s branch in New York.,He requested a transfer to the company’s branch in New York.,Non modifié
1316,Transform,The company aims to transform its operations through digital innovation.,The company aims to transform its operations through digital innovation.,Non modifié
1317,Transformation,The transformation of the brand’s image has been well-received by customers.,The transformation of the brand’s image has been well-received by customers.,Non modifié
1318,Transit,Public transit options have improved significantly in the past year.,Public transit options have improved significantly in the past year.,Non modifié
1319,Transportation,Efficient transportation is crucial for the timely delivery of goods.,Efficient transportation is crucial for the timely delivery of goods.,Non modifié
1320,Tremendous,The company experienced tremendous growth after launching its new product.,The company experienced tremendous growth after launching its new product.,Non modifié
1321,Trend,Keeping up with the latest trends is essential for staying competitive in the market.,Keeping up with the latest trends is essential for staying competitive in the market.,Modifié
1322,Trial,The new software is currently in the trial phase before its official release.,The new software is currently in the trial phase before its official release.,Non modifié
1323,Triumph,The project’s successful completion was a triumph for the entire team.,The project’s successful completion was a triumph for the entire team.,Non modifié
1324,Trust,Building trust with clients is vital for maintaining long-term business relationships.,Building trust with clients is vital for maintaining long-term business relationships.,Non modifié
1325,Turnover,The company’s turnover increased significantly due to the new sales strategy.,The company’s turnover increased significantly due to the new sales strategy.,Non modifié
1326,Turnover,Employee turnover has decreased since the introduction of the new benefits package.,Employee turnover has decreased since the introduction of the new benefits package.,Non modifié
1327,Unconditional,The contract includes an unconditional guarantee on all products.,The contract includes an unconditional guarantee on all products.,Non modifié
1328,Understand,It’s important to understand the market dynamics before launching a new product.,It’s important to understand the market dynamics before launching a new product.,Non modifié
1329,Unfavorable,The report highlighted several unfavorable market conditions.,The report highlighted several unfavorable market conditions.,Non modifié
1330,unfortunately,"Unfortunately, the shipment was delayed due to unforeseen circumstances.","Unfortunately, the shipment was delayed due to unforeseen circumstances.",Non modifié
1331,uniform,All employees are required to wear a uniform while on duty.,All employees are required to wear a uniform while on duty.,Non modifié
1332,unspoiled,The resort is located in an unspoiled area of natural beauty.,The resort is located in an unspoiled area of natural beauty.,Non modifié
1333,unwrap,Please unwrap the package carefully to avoid damaging the contents.,Please unwrap the package carefully to avoid damaging the contents.,Non modifié
1334,upcoming,The upcoming conference will provide valuable networking opportunities.,The upcoming conference will provide valuable networking opportunities.,Non modifié
1335,update,The IT department will update the software to improve security.,The IT department will update the software to improve security.,Non modifié
1336,upgrade,We plan to upgrade our facilities to accommodate the growing team.,We plan to upgrade our facilities to accommodate the growing team.,Non modifié
1337,Upmarket,The new product is targeted at the upmarket segment of consumers.,The new product is targeted at the upmarket segment of consumers.,Non modifié
1338,upset,The unexpected news upset the planned schedule for the project.,The unexpected news upset the planned schedule for the project.,Non modifié
1339,upstairs,The meeting will be held upstairs in the conference room.,The meeting will be held upstairs in the conference room.,Non modifié
1340,utility bill,The company’s utility bill has increased due to higher energy consumption.,The company’s utility bill has increased due to higher energy consumption.,Non modifié
1341,utmost,The team exercised the utmost care in handling the sensitive data.,The team exercised the utmost care in handling the sensitive data.,Non modifié
1342,utterly,"The project was utterly successful, exceeding all expectations.","The project was utterly successful, exceeding all expectations.",Non modifié
1343,vacancy,There is a vacancy in the accounting department that needs to be filled.,There is a vacancy in the accounting department that needs to be filled.,Non modifié
1344,vacant,The vacant office space will be leased to a new tenant soon.,The concept of vacant is widely used in various contexts.,Non modifié
1345,vacation,Employees are encouraged to take a vacation to recharge and avoid burnout.,Employees are encouraged to take a vacation to recharge and avoid burnout.,Non modifié
1346,vaccination,The company provides vaccination services to ensure employee health.,The company provides vaccination services to ensure employee health.,Non modifié
1347,validating,The process of validating the data is crucial for accurate reporting.,The process of validating the data is crucial for accurate reporting.,Non modifié
1348,valuable,The insights from the market research proved to be highly valuable.,The insights from the market research proved to be highly valuable.,Non modifié
1349,valuables,Please keep your valuables secure while at the conference.,Please keep your valuables secure while at the conference.,Non modifié
1350,valuing,Valuing employee feedback is essential for improving workplace culture.,Valuing employee feedback is essential for improving workplace culture.,Non modifié
1351,varied,The company’s product line is varied to cater to different customer needs.,The company’s product line is varied to cater to different customer needs.,Non modifié
1352,variety,The store offers a wide variety of products to choose from.,The store offers a wide variety of products to choose from.,Non modifié
1353,various,We have conducted surveys with various customer segments to gather insights.,We have conducted surveys with various customer segments to gather insights.,Non modifié
1354,vendor,The vendor will deliver the supplies by the end of the week.,The vendor will deliver the supplies by the end of the week.,Non modifié
1355,venture,The company is exploring a new venture into the tech industry.,The company is exploring a new venture into the tech industry.,Non modifié
1356,venue,The seminar will be held at a downtown venue with ample space.,The seminar will be held at a downtown venue with ample space.,Non modifié
1357,vindicating,The successful outcome of the trial was vindicating for the legal team.,The successful outcome of the trial was vindicating for the legal team.,Non modifié
1358,virus,The company implemented new security measures to protect against computer viruses.,The company implemented new security measures to protect against computer viruses.,Modifié
1359,vital,Communication is vital for the success of any project.,Communication is vital for the success of any project.,Non modifié
1360,wage,The employees’ wages are reviewed annually to ensure competitiveness.,The employees’ wages are reviewed annually to ensure competitiveness.,Modifié
1361,walkway,The new walkway in the office provides a more efficient route between departments.,The new walkway in the office provides a more efficient route between departments.,Non modifié
1362,warehouse,The warehouse is stocked with inventory ready for distribution.,The warehouse is stocked with inventory ready for distribution.,Non modifié
1363,warming,The company is taking steps to address global warming by reducing its carbon footprint.,The company is taking steps to address global warming by reducing its carbon footprint.,Non modifié
1364,warn,The supervisor will warn employees about upcoming changes in company policy.,The supervisor will warn employees about upcoming changes in company policy.,Non modifié
1365,warning,The warning signs were clearly posted to ensure safety.,The warning signs were clearly posted to ensure safety.,Non modifié
1366,warrant,The warranty covers any defects in the product for one year.,The warranty covers any defects in the product for one year.,Modifié
1367,warranty,The warranty policy guarantees repairs for any manufacturing defects.,The warranty policy guarantees repairs for any manufacturing defects.,Non modifié
1368,wastage,The company is working to reduce wastage in the production process.,The company is working to reduce wastage in the production process.,Non modifié
1369,waterproof,The new packaging is waterproof to protect the contents during shipping.,The new packaging is waterproof to protect the contents during shipping.,Non modifié
1370,wealth,The company’s wealth of experience in the industry is a key asset.,The company’s wealth of experience in the industry is a key asset.,Non modifié
1371,website,The company’s website has been redesigned for a better user experience.,The company’s website has been redesigned for a better user experience.,Non modifié
1372,weight,The weight of the shipment affects the cost of transportation.,The weight of the shipment affects the cost of transportation.,Non modifié
1373,welfare,The company provides welfare programs to support employees’ well-being.,The company provides welfare programs to support employees’ well-being.,Non modifié
1374,wholesale,The retailer purchases goods at wholesale prices to resell at a profit.,The retailer purchases goods at wholesale prices to resell at a profit.,Non modifié
1375,win,The team worked hard to win the contract against strong competition.,The team worked hard to win the contract against strong competition.,Non modifié
1376,Withdraw,He decided to withdraw his application after receiving another offer.,He decided to withdraw his application after receiving another offer.,Non modifié
1377,withdraw,The company will withdraw from the partnership due to conflicting interests.,The company will withdraw from the partnership due to conflicting interests.,Non modifié
1378,withdrawal,The withdrawal of the investment will be processed next week.,The withdrawal of the investment will be processed next week.,Non modifié
1379,without a hitch,The event went off without a hitch thanks to meticulous planning.,The event went off without a hitch thanks to meticulous planning.,Non modifié
1380,wood,The furniture is crafted from high-quality wood to ensure durability.,The furniture is crafted from high-quality wood to ensure durability.,Non modifié
1381,workplace,The workplace environment is designed to be both productive and comfortable.,The workplace environment is designed to be both productive and comfortable.,Non modifié
1382,workshop,The team attended a workshop on leadership development.,The team attended a workshop on leadership development.,Non modifié
1383,worth,The new software is worth the investment due to its advanced features.,The new software is worth the investment due to its advanced features.,Non modifié
1384,worthless,The outdated equipment was deemed worthless and was disposed of.,The outdated equipment was deemed worthless and was disposed of.,Non modifié
1385,wrap,Please wrap the gifts carefully before sending them out.,Please wrap the gifts carefully before sending them out.,Non modifié
1386,Write off,The company decided to write off the bad debt as uncollectible.,The company decided to write off the bad debt as uncollectible.,Non modifié
1387,X-ray,An X-ray of the equipment revealed a critical flaw that needed addressing.,An X-ray of the equipment revealed a critical flaw that needed addressing.,Non modifié
1388,yearly,The company conducts yearly performance reviews for all employees.,The company conducts yearly performance reviews for all employees.,Non modifié
1389,Yield,The new marketing strategy is expected to yield significant returns.,The new marketing strategy is expected to yield significant returns.,Non modifié
1390,yield,The investment yielded a high return over the last five years.,The investment yielded a high return over the last five years.,Modifié
1391,youth,Youth: The company sponsors programs that support youth entrepreneurship.,Youth: The company sponsors programs that support youth entrepreneurship.,Non modifié
1392,zero,he project budget was set at zero cost due to sponsorships.,he project budget was set at zero cost due to sponsorships.,Non modifié
1393,zone,new zoning regulations will affect the company’s expansion plans.,Zone is important because new zoning regulations will affect the company’s expansion plans.,Modifié
